hand0_x0,hand0_y0,hand0_z0,hand0_x1,hand0_y1,hand0_z1,hand0_x2,hand0_y2,hand0_z2,hand0_x3,hand0_y3,hand0_z3,hand0_x4,hand0_y4,hand0_z4,hand0_x5,hand0_y5,hand0_z5,hand0_x6,hand0_y6,hand0_z6,hand0_x7,hand0_y7,hand0_z7,hand0_x8,hand0_y8,hand0_z8,hand0_x9,hand0_y9,hand0_z9,hand0_x10,hand0_y10,hand0_z10,hand0_x11,hand0_y11,hand0_z11,hand0_x12,hand0_y12,hand0_z12,hand0_x13,hand0_y13,hand0_z13,hand0_x14,hand0_y14,hand0_z14,hand0_x15,hand0_y15,hand0_z15,hand0_x16,hand0_y16,hand0_z16,hand0_x17,hand0_y17,hand0_z17,hand0_x18,hand0_y18,hand0_z18,hand0_x19,hand0_y19,hand0_z19,hand0_x20,hand0_y20,hand0_z20,hand1_x0,hand1_y0,hand1_z0,hand1_x1,hand1_y1,hand1_z1,hand1_x2,hand1_y2,hand1_z2,hand1_x3,hand1_y3,hand1_z3,hand1_x4,hand1_y4,hand1_z4,hand1_x5,hand1_y5,hand1_z5,hand1_x6,hand1_y6,hand1_z6,hand1_x7,hand1_y7,hand1_z7,hand1_x8,hand1_y8,hand1_z8,hand1_x9,hand1_y9,hand1_z9,hand1_x10,hand1_y10,hand1_z10,hand1_x11,hand1_y11,hand1_z11,hand1_x12,hand1_y12,hand1_z12,hand1_x13,hand1_y13,hand1_z13,hand1_x14,hand1_y14,hand1_z14,hand1_x15,hand1_y15,hand1_z15,hand1_x16,hand1_y16,hand1_z16,hand1_x17,hand1_y17,hand1_z17,hand1_x18,hand1_y18,hand1_z18,hand1_x19,hand1_y19,hand1_z19,hand1_x20,hand1_y20,hand1_z20,left_elbow_x,left_elbow_y,left_elbow_z,right_elbow_x,right_elbow_y,right_elbow_z,left_wrist_x,left_wrist_y,left_wrist_z,right_wrist_x,right_wrist_y,right_wrist_z,label
0.3534876108169555,0.8278992772102356,3.446561152031791e-07,0.3453109264373779,0.7712758779525757,-0.0286876317113637,0.3596672713756561,0.7261663675308228,-0.0487641058862209,0.3894741833209991,0.7004309892654419,-0.0625481083989143,0.419583261013031,0.6851650476455688,-0.0755240693688392,0.4024779796600342,0.748896598815918,-0.0576660968363285,0.4581083655357361,0.7173095345497131,-0.079487606883049,0.4918897151947021,0.6975849866867065,-0.0905982851982116,0.5187125205993652,0.6830401420593262,-0.0961972847580909,0.421985924243927,0.782965898513794,-0.0511569418013095,0.4809420704841614,0.7436715960502625,-0.0690923333168029,0.5170488953590393,0.7184182405471802,-0.0767305046319961,0.5447463393211365,0.6980603933334351,-0.081668235361576,0.4363022148609161,0.8085831999778748,-0.0448892302811145,0.4883931279182434,0.7710814476013184,-0.0589972510933876,0.52085280418396,0.7482368350028992,-0.064377561211586,0.5457453727722168,0.7304577827453613,-0.0675393193960189,0.4449361562728882,0.8244830965995789,-0.0402292869985103,0.4837915599346161,0.7974957823753357,-0.0521551333367824,0.5067420601844788,0.781548798084259,-0.0561836138367652,0.5246418714523315,0.7675529718399048,-0.0578184053301811,0.6324515342712402,0.5780086517333984,1.231153134995111e-07,0.6351337432861328,0.5196954607963562,0.0059136347845196,0.6179699897766113,0.4741087555885315,0.0084576252847909,0.5948625802993774,0.4468310475349426,0.0099409595131874,0.5745481848716736,0.4277921915054321,0.0100405327975749,0.5834481716156006,0.4608080089092254,-0.0063063548877835,0.5442904829978943,0.4259319901466369,-0.0126090366393327,0.5213205814361572,0.4053149819374084,-0.0152860004454851,0.5028108954429626,0.3898363709449768,-0.0165325887501239,0.5685434937477112,0.4819719791412353,-0.0131686842069029,0.5243496894836426,0.4407747685909271,-0.0208612736314535,0.4961645305156708,0.4154483675956726,-0.0245591774582862,0.474244624376297,0.395431250333786,-0.0262978300452232,0.5577211976051331,0.5090914964675903,-0.0187620241194963,0.517392098903656,0.4693119525909424,-0.0257715117186307,0.4917552173137665,0.4443984031677246,-0.029540441930294,0.4718497991561889,0.4246268570423126,-0.0313321314752101,0.5512952208518982,0.5422142744064331,-0.0232173446565866,0.5215389132499695,0.5104436278343201,-0.030052725225687,0.5034500956535339,0.4899101555347442,-0.0317949466407299,0.4888933897018432,0.4723148643970489,-0.0316612869501113,0.7733559012413025,0.9320549368858336,-0.3833224475383758,0.1311398148536682,0.9287925362586976,-0.5273322463035583,0.6195814609527588,0.6233583688735962,-1.1471264362335205,0.3566695749759674,0.8169381022453308,-1.2057737112045288,Good
0.3528389930725097,0.8292279839515686,3.370876697772474e-07,0.3449105322360992,0.7722325325012207,-0.027036303654313,0.3596774339675903,0.727077066898346,-0.0461368598043918,0.3895793855190277,0.7018781900405884,-0.0594589076936244,0.4194987416267395,0.6862958073616028,-0.0720445960760116,0.4025395214557647,0.7492559552192688,-0.0544656403362751,0.4579479098320007,0.718055009841919,-0.0756708681583404,0.4917446374893188,0.6990429759025574,-0.0865241512656211,0.5185236930847168,0.6852363348007202,-0.0919044911861419,0.4213419556617737,0.7835634350776672,-0.0488870032131671,0.4803414940834045,0.7448312640190125,-0.0662409588694572,0.5166672468185425,0.7196955680847168,-0.0739399492740631,0.5445348620414734,0.6995147466659546,-0.0789116024971008,0.4350444078445434,0.809583306312561,-0.043596114963293,0.4874798059463501,0.7724183797836304,-0.0573796965181827,0.5200532674789429,0.7492935061454773,-0.0630607157945633,0.5450513362884521,0.7315044403076172,-0.066380389034748,0.443305104970932,0.8262800574302673,-0.0397997125983238,0.4827297031879425,0.7991853952407837,-0.0514848195016384,0.5060824155807495,0.7831361889839172,-0.0555656664073467,0.5243293642997742,0.769424557685852,-0.0572095029056072,0.632136881351471,0.5785144567489624,1.1771604846444461e-07,0.6355673670768738,0.5201380848884583,0.0067162774503231,0.61835116147995,0.4746749699115753,0.0099465874955058,0.5949715375900269,0.446905255317688,0.0122248586267232,0.5747082233428955,0.4278130233287811,0.0131467459723353,0.5836082100868225,0.46132692694664,-0.0061271875165402,0.5438149571418762,0.426261842250824,-0.0118385851383209,0.5207123756408691,0.4057770371437073,-0.0138207916170358,0.5022671818733215,0.390432596206665,-0.0145789794623851,0.5684175491333008,0.4825689792633056,-0.0128430901095271,0.5237783789634705,0.4409361481666565,-0.0204573310911655,0.4954896569252014,0.4154561758041382,-0.023726737126708,0.4736188948154449,0.395179808139801,-0.025043498724699,0.5575846433639526,0.5095860362052917,-0.0181212611496448,0.5171559453010559,0.4693257808685303,-0.0249988846480846,0.4914820194244385,0.4442378580570221,-0.028487741947174,0.4716706573963165,0.4242904782295227,-0.0299604255706071,0.5515000820159912,0.5424172282218933,-0.0221325047314167,0.5214899778366089,0.5099168419837952,-0.0288096144795417,0.5034720301628113,0.4889627695083618,-0.0304577816277742,0.4890994429588318,0.4710659086704254,-0.0301937833428382,0.7731151580810547,0.9328905940055848,-0.3889108598232269,0.1311169117689132,0.9293222427368164,-0.5281172394752502,0.6194879412651062,0.6233887076377869,-1.15208637714386,0.3550702035427093,0.8183478713035583,-1.202592372894287,Good
0.3530947864055633,0.8308771848678589,3.354116415721365e-07,0.3458052277565002,0.7736581563949585,-0.0268547665327787,0.3601384460926056,0.728243887424469,-0.0460884720087051,0.390498548746109,0.7027620673179626,-0.059674821794033,0.4203706979751587,0.6891937851905823,-0.0725404694676399,0.4025904238224029,0.7514927387237549,-0.0537784658372402,0.4573110044002533,0.7196289896965027,-0.0754314139485359,0.4909723401069641,0.7004752159118652,-0.0868966355919838,0.51788729429245,0.6867616772651672,-0.0928328111767768,0.4221338331699371,0.785077691078186,-0.0483508557081222,0.4805711209774017,0.7459588050842285,-0.0659532696008682,0.5165088772773743,0.720689058303833,-0.0740367621183395,0.5439663529396057,0.7005060911178589,-0.0793958753347396,0.4362886548042297,0.8106498122215271,-0.0432777628302574,0.4880265295505523,0.7736695408821106,-0.0571395494043827,0.5203405618667603,0.7503273487091064,-0.063034102320671,0.5449250340461731,0.7324118614196777,-0.0666522309184074,0.4446392059326172,0.8274362683296204,-0.0397295951843261,0.4832080602645874,0.8013684153556824,-0.0514331124722957,0.506230354309082,0.7850912809371948,-0.0557534396648407,0.5241861939430237,0.7709314823150635,-0.0577239543199539,0.6320698261260986,0.5800989866256714,1.1569510149911369e-07,0.635719358921051,0.5206855535507202,0.0063528572209179,0.6184974908828735,0.4751110076904297,0.0092997783794999,0.5950081944465637,0.447625070810318,0.0112640345469117,0.5751065015792847,0.4281466007232666,0.0118863433599472,0.5845414400100708,0.461985170841217,-0.0063185798935592,0.544375479221344,0.4269173145294189,-0.0123327961191535,0.5208893418312073,0.4064117968082428,-0.0146439792588353,0.5020026564598083,0.3912056088447571,-0.0156047642230987,0.5693091750144958,0.4834705591201782,-0.0130321038886904,0.5246437191963196,0.4419000446796417,-0.0205771252512931,0.4961071014404297,0.4164267182350158,-0.0239975787699222,0.4739844799041748,0.3962262272834778,-0.0255087837576866,0.5582420825958252,0.5105482339859009,-0.0183693524450063,0.5177147388458252,0.4703262448310852,-0.0251047890633344,0.4921100437641144,0.4453052580356598,-0.0285454522818326,0.4723774194717407,0.4254907369613647,-0.0300652291625738,0.5516937971115112,0.5433550477027893,-0.0225233267992734,0.5216333270072937,0.51070636510849,-0.029092438519001,0.5036802887916565,0.4898061156272888,-0.0306372568011283,0.4892934560775757,0.4719886481761932,-0.0303207226097583,0.7729343771934509,0.9335982203483582,-0.4065536558628082,0.1310991048812866,0.9295286536216736,-0.5305467844009399,0.6194000840187073,0.6234067678451538,-1.1711013317108154,0.3532925248146057,0.8196142911911011,-1.204842448234558,Good
0.3525477647781372,0.8316227793693542,3.3380567288077145e-07,0.3453906178474426,0.7736630439758301,-0.0267969127744436,0.3603015840053558,0.7288070321083069,-0.045537780970335,0.3910270929336548,0.7037515640258789,-0.0584925301373004,0.4206943213939667,0.6894903779029846,-0.0707423537969589,0.4018827080726623,0.7534979581832886,-0.0542125329375267,0.4571246206760406,0.721363365650177,-0.0755985081195831,0.4909906983375549,0.7018325924873352,-0.0866561830043792,0.5179456472396851,0.6876226663589478,-0.0922398567199707,0.4218267500400543,0.7868551015853882,-0.0485709235072135,0.4807378649711609,0.7477385997772217,-0.0660270228981971,0.5169092416763306,0.7225326895713806,-0.0738624408841133,0.5446748733520508,0.7022981643676758,-0.0789754837751388,0.4361706972122192,0.8120315074920654,-0.0431850999593734,0.487975150346756,0.7754027247428894,-0.0570082403719425,0.5205966830253601,0.7524458169937134,-0.0629670023918151,0.5452846884727478,0.7347366213798523,-0.0665232241153717,0.4445236623287201,0.8280566334724426,-0.0392748191952705,0.4836276173591614,0.8020308613777161,-0.0509025417268276,0.5068055391311646,0.7859720587730408,-0.0551571734249591,0.5247299671173096,0.7718328833580017,-0.0570219047367572,0.6324023008346558,0.580744743347168,1.282487716025571e-07,0.6361396312713623,0.5216721892356873,0.0053437887690961,0.6189724802970886,0.4756489396095276,0.0076414528302848,0.5953450798988342,0.4478675127029419,0.0090348124504089,0.5754468441009521,0.4275321662425995,0.0091888261958956,0.5846531987190247,0.4627421498298645,-0.0066655194386839,0.5449441075325012,0.4272603392601013,-0.012770652770996,0.5217146277427673,0.406363308429718,-0.0153891220688819,0.5028131604194641,0.3907390236854553,-0.0165784489363431,0.5692235827445984,0.4838187992572784,-0.0129837365821003,0.5248991250991821,0.4418615698814392,-0.0200619399547576,0.4965441524982452,0.4163947105407715,-0.0235482435673475,0.474398136138916,0.3962492346763611,-0.0252587366849184,0.5578246712684631,0.5104852318763733,-0.0180362928658723,0.5179223418235779,0.4704158008098602,-0.024155119433999,0.4927862882614136,0.4452810287475586,-0.0275425799190998,0.4734587967395782,0.4255347847938537,-0.0292330030351877,0.5507634878158569,0.5427932739257812,-0.0220677703619003,0.5212627053260803,0.5102100372314453,-0.0279087498784065,0.503559947013855,0.4894997477531433,-0.0291632879525423,0.489294171333313,0.4719749391078949,-0.0287904944270849,0.7728980183601379,0.9343790411949158,-0.4149268567562103,0.1310808956623077,0.9305209517478944,-0.5348572731018066,0.619384765625,0.623825192451477,-1.1768159866333008,0.3530759215354919,0.8200122714042664,-1.2131097316741943,Good
0.3534420728683471,0.8313118815422058,3.385222839824565e-07,0.3456462025642395,0.7742037177085876,-0.0282126571983099,0.3603319525718689,0.729652464389801,-0.0481519363820552,0.3907811641693115,0.7041329741477966,-0.0619039386510849,0.4204272031784057,0.6907663345336914,-0.0750048756599426,0.4010451138019562,0.7542499899864197,-0.0580064430832862,0.4563266336917877,0.722592830657959,-0.0804861038923263,0.4903998374938965,0.7030401825904846,-0.0920969173312187,0.5176110863685608,0.6887667775154114,-0.0980664268136024,0.4213136732578277,0.7876608967781067,-0.0517079606652259,0.4809785485267639,0.7485365271568298,-0.0699903815984726,0.5174636840820312,0.723185122013092,-0.0779088735580444,0.5456079840660095,0.7027451395988464,-0.0831185132265091,0.4361794888973236,0.8128138184547424,-0.0455857589840889,0.4884169697761535,0.7754395604133606,-0.0598910823464393,0.5211016535758972,0.7522585988044739,-0.0657337456941604,0.5459562540054321,0.7346339821815491,-0.0693006664514541,0.4449325501918793,0.8286992311477661,-0.041018970310688,0.4836244285106659,0.8023329973220825,-0.0531051568686962,0.5065174102783203,0.7866657376289368,-0.0575105622410774,0.5245346426963806,0.773380696773529,-0.0595203749835491,0.6326704025268555,0.5814143419265747,1.3337124471490824e-07,0.6361689567565918,0.5224635004997253,0.0050710258074104,0.619294285774231,0.4763438403606415,0.0070852832868695,0.595783531665802,0.4484991133213043,0.0081998016685247,0.575774610042572,0.4280011057853699,0.0080620991066098,0.584811270236969,0.463433027267456,-0.0071310801431536,0.5450351238250732,0.4273266196250915,-0.0135147832334041,0.5217916965484619,0.4062590599060058,-0.0162098910659551,0.50294429063797,0.390472263097763,-0.0174323581159114,0.5696044564247131,0.4845272302627563,-0.0135269621387124,0.5253794193267822,0.4419052302837372,-0.0210869666188955,0.4966813325881958,0.4160313010215759,-0.0248283613473176,0.4742811322212219,0.3957028985023498,-0.0266617015004158,0.5585067272186279,0.5113548636436462,-0.0186697244644165,0.5186212658882141,0.4703661501407623,-0.025283396244049,0.4931445717811584,0.4449938535690307,-0.0289031621068716,0.4735023081302643,0.425199955701828,-0.0306729488074779,0.551726222038269,0.5440151691436768,-0.0227814465761184,0.5223832130432129,0.5112324357032776,-0.0291112326085567,0.5044316053390503,0.4903991818428039,-0.0306012239307165,0.4897662997245788,0.4728116989135742,-0.0303289182484149,0.7726194262504578,0.9347497820854188,-0.4127495288848877,0.1310688704252243,0.9316887259483336,-0.5336211919784546,0.619339644908905,0.6244055032730103,-1.1746046543121338,0.3519196808338165,0.8211187720298767,-1.2138407230377195,Good
0.3533686995506286,0.8309551477432251,3.4297457318643865e-07,0.3456271290779114,0.7740301489830017,-0.0280166398733854,0.360299289226532,0.7295393347740173,-0.0479557551443576,0.3905614912509918,0.7041290998458862,-0.0617147088050842,0.4199890196323395,0.6906468868255615,-0.0748875364661216,0.4010310471057892,0.7536790370941162,-0.0582657866179943,0.4564154148101806,0.7222557663917542,-0.0807394161820411,0.490505039691925,0.702972948551178,-0.092312566936016,0.5176733136177063,0.6889768242835999,-0.0982206389307975,0.4210015535354614,0.7872728109359741,-0.0520891398191452,0.4808166921138763,0.7484654188156128,-0.0704671889543533,0.5173410773277283,0.7233104705810547,-0.0784133449196815,0.545445442199707,0.7031301856040955,-0.0835901796817779,0.4356508255004883,0.8126586675643921,-0.0460290648043155,0.4881434738636017,0.7753241062164307,-0.0603641122579574,0.520897388458252,0.7522765398025513,-0.0661938413977623,0.5457601547241211,0.7348833084106445,-0.0697242245078086,0.4443113803863525,0.8287395238876343,-0.0414806678891181,0.483224481344223,0.8023349642753601,-0.0535375028848648,0.5062375664710999,0.7867394089698792,-0.0578488633036613,0.5243158936500549,0.7735685706138611,-0.0597621202468872,0.6325438618659973,0.5814886093139648,1.33970132765171e-07,0.6362223625183105,0.5226563215255737,0.0049843853339552,0.6194371581077576,0.4762913882732391,0.0069362740032374,0.5958172082901001,0.4482519626617431,0.0080328369513154,0.5757423043251038,0.4275579452514648,0.0078696496784687,0.5849019289016724,0.463265061378479,-0.0073681622743606,0.5450193285942078,0.4271429181098938,-0.0137250339612364,0.521757185459137,0.4061181843280792,-0.0163559578359127,0.5029484033584595,0.3903461694717407,-0.0175270829349756,0.5696827173233032,0.4844053089618683,-0.0137053532525897,0.525307297706604,0.4418098032474518,-0.0212282352149486,0.4965927898883819,0.4160322546958923,-0.024884408339858,0.4742076992988586,0.3957671225070953,-0.0266544036567211,0.5585456490516663,0.5112507343292236,-0.0187792498618364,0.5185872316360474,0.4702803492546081,-0.0253653861582279,0.4930673241615295,0.4449829757213592,-0.0289046205580234,0.4733846187591553,0.4252366125583648,-0.0306181907653808,0.5517047047615051,0.5439426302909851,-0.0228209979832172,0.5223598480224609,0.5111525058746338,-0.0290840193629264,0.5044249296188354,0.4903143644332886,-0.0304834265261888,0.4897930026054382,0.4726580679416656,-0.0301483906805515,0.7724384069442749,0.9350317120552064,-0.4120082259178161,0.1310563385486602,0.9325830936431884,-0.5341981649398804,0.6193045377731323,0.6248925924301147,-1.1741255521774292,0.3512465953826904,0.8218832612037659,-1.214537501335144,Good
0.3547013103961944,0.8315373659133911,3.4569279705465306e-07,0.3456697165966034,0.7744318842887878,-0.0290723051875829,0.3602347373962402,0.7300660610198975,-0.0495174750685691,0.390839159488678,0.7052873373031616,-0.0634662508964538,0.4202030003070831,0.692098081111908,-0.0767817869782447,0.4008640348911285,0.7541407942771912,-0.060519840568304,0.4563635587692261,0.7228031754493713,-0.0831840261816978,0.4903384745121002,0.7031511664390564,-0.0944914892315864,0.5172613263130188,0.6889923214912415,-0.1002492159605026,0.4211820065975189,0.7876414656639099,-0.053797498345375,0.4808108806610107,0.7487189173698425,-0.0729076191782951,0.5172078609466553,0.7232913970947266,-0.0808587074279785,0.5448838472366333,0.7029838562011719,-0.0859907791018486,0.4360378384590149,0.812927782535553,-0.047178491950035,0.4885028004646301,0.7757613062858582,-0.0621388740837574,0.5210577845573425,0.7523308992385864,-0.0682186484336853,0.546040952205658,0.7342150211334229,-0.0719136893749237,0.4448562264442444,0.8290639519691467,-0.04209740832448,0.4832386970520019,0.8033417463302612,-0.0547894537448883,0.5061824917793274,0.7871100902557373,-0.0597066842019557,0.5244032740592957,0.7726370692253113,-0.062068473547697,0.6329764127731323,0.5815795660018921,1.2905731239243326e-07,0.6363885998725891,0.5228176116943359,0.0048731779679656,0.619169294834137,0.4764412641525268,0.006938406266272,0.5957561135292053,0.4486508965492248,0.0080807888880372,0.5759426355361938,0.4279176592826843,0.0080014755949378,0.584615170955658,0.4629822373390198,-0.0067000826820731,0.5454102158546448,0.4272524714469909,-0.013063883408904,0.5223546028137207,0.4064677953720093,-0.015895277261734,0.5035324096679688,0.3908355236053467,-0.0172702204436063,0.56936115026474,0.4842264354228973,-0.0131383147090673,0.5258457064628601,0.4419440925121307,-0.020528070628643,0.4974769353866577,0.4161181449890136,-0.0242217518389225,0.4751605987548828,0.3957671523094177,-0.0260924790054559,0.558311939239502,0.5112926363945007,-0.0184367410838603,0.5188676118850708,0.4703421592712402,-0.0250104572623968,0.4936534166336059,0.4448652565479278,-0.0286432690918445,0.4740555584430694,0.4248732030391693,-0.0304903201758861,0.5515871644020081,0.5442057847976685,-0.0227621961385011,0.5226106643676758,0.5117455720901489,-0.0291910041123628,0.5047311186790466,0.4906761348247528,-0.0307885278016328,0.4901799857616424,0.4727938175201416,-0.0306274145841598,0.7724345326423645,0.9358124136924744,-0.4304093718528747,0.1310410797595977,0.9334076642990112,-0.5347205996513367,0.6192716956138611,0.6251000165939331,-1.1897313594818115,0.3512603640556335,0.8226135969161987,-1.215139865875244,Good
0.3542778789997101,0.8307747840881348,3.4721540487225866e-07,0.3455038070678711,0.7734090685844421,-0.0277151502668857,0.3602223098278045,0.7288293242454529,-0.0473414026200771,0.3908167481422424,0.7041889429092407,-0.0607036352157592,0.4197444021701813,0.6910978555679321,-0.0735185518860817,0.4005083739757538,0.7542581558227539,-0.059038933366537,0.4563905298709869,0.7231758236885071,-0.0811615958809852,0.4905429482460022,0.7037240862846375,-0.0921608284115791,0.5174185037612915,0.6896364688873291,-0.0976992174983024,0.4208050668239593,0.7877442240715027,-0.0528479665517807,0.4804852902889251,0.7487736940383911,-0.0714941695332527,0.5169478058815002,0.7232575416564941,-0.0793233662843704,0.5445623993873596,0.7030302882194519,-0.0843907222151756,0.435688853263855,0.8129889965057373,-0.0466353632509708,0.4881288707256317,0.7756692171096802,-0.0612295344471931,0.5208659172058105,0.752076268196106,-0.0672969222068786,0.5457940101623535,0.7340745329856873,-0.0710103511810302,0.4445027410984039,0.8290185332298279,-0.04183916375041,0.4829921126365661,0.8031640648841858,-0.0543375685811042,0.5059549808502197,0.7868373394012451,-0.0591690801084041,0.5241680145263672,0.7724270820617676,-0.061457447707653,0.6325300931930542,0.581746518611908,1.3070287252503476e-07,0.636282205581665,0.5230244994163513,0.0049206460826098,0.6191460490226746,0.476425290107727,0.0071430397219955,0.5957173109054565,0.4485626816749573,0.008429423905909,0.5758770704269409,0.4279090762138366,0.0085118133574724,0.5843889117240906,0.4630165696144104,-0.0061796042136847,0.5453383326530457,0.4272390604019165,-0.0122532974928617,0.5225033164024353,0.4063587486743927,-0.0148827526718378,0.5039249062538147,0.3907503485679626,-0.0161444097757339,0.5691121816635132,0.4841123521327972,-0.0125600714236497,0.5257270932197571,0.441856324672699,-0.0197330638766288,0.4975484907627105,0.4161231219768524,-0.0233285576105117,0.4753866791725158,0.3958528637886047,-0.0251086559146642,0.5580359697341919,0.5110287070274353,-0.0178230535238981,0.5187424421310425,0.4699426293373108,-0.0242770500481128,0.4936321973800659,0.4443636834621429,-0.0279014762490987,0.4741338193416595,0.4241739511489868,-0.0297347903251647,0.551261305809021,0.5437498688697815,-0.0221086889505386,0.5223827958106995,0.511516273021698,-0.0284447539597749,0.5046505331993103,0.4904596209526062,-0.0300149153918027,0.4903118014335632,0.4724495112895965,-0.0298336446285247,0.772438645362854,0.9361110925674438,-0.4412173628807068,0.1310323178768158,0.9340814352035522,-0.5351963639259338,0.619234561920166,0.6252573132514954,-1.1985671520233154,0.3512656986713409,0.8231726884841919,-1.2170536518096924,Good
0.3531410098075866,0.835708737373352,3.3538566412971704e-07,0.3453866839408874,0.7789734601974487,-0.027510879561305,0.3597645759582519,0.7336679697036743,-0.0473895221948623,0.389974296092987,0.7089016437530518,-0.0611653886735439,0.4202896952629089,0.6989647746086121,-0.074354313313961,0.4011907279491424,0.7586215138435364,-0.0574509240686893,0.456778347492218,0.7270882725715637,-0.0796360448002815,0.4902997016906738,0.7079388499259949,-0.0910452604293823,0.5170007944107056,0.6941363215446472,-0.096820443868637,0.4205394983291626,0.7928823232650757,-0.0514000318944454,0.4795565605163574,0.7538352012634277,-0.0703360214829444,0.5156404972076416,0.7288597226142883,-0.078813761472702,0.5432568192481995,0.7083790302276611,-0.0840467885136604,0.4343554675579071,0.8183225393295288,-0.0453432910144329,0.4858624935150146,0.780239462852478,-0.0605065487325191,0.5184789896011353,0.7575495839118958,-0.066664233803749,0.5437871217727661,0.7396454811096191,-0.0699783191084861,0.4427879750728607,0.8338189721107483,-0.0405994728207588,0.4811949133872986,0.8069612979888916,-0.0531102567911148,0.5044410824775696,0.7909504771232605,-0.057431761175394,0.5231481790542603,0.776871383190155,-0.0590960681438446,0.6331670880317688,0.5830126404762268,1.2612886735041684e-07,0.6369065046310425,0.5240358710289001,0.0057868678122758,0.6195207834243774,0.4776325225830078,0.0084668453782796,0.5960032939910889,0.4498485922813415,0.0100854281336069,0.5768132209777832,0.4284770786762237,0.0104455277323722,0.584713876247406,0.4635896384716034,-0.0052924188785254,0.5457298755645752,0.4278396964073181,-0.0111508322879672,0.5228617191314697,0.406981498003006,-0.0136820720508694,0.5041712522506714,0.3912843763828277,-0.0149107221513986,0.5695351362228394,0.4844868183135986,-0.0119444783776998,0.5260785222053528,0.442439317703247,-0.019259076565504,0.4978672564029693,0.4167757034301758,-0.0230362601578235,0.4756914973258972,0.3963265419006347,-0.0249055530875921,0.5584760308265686,0.5113481283187866,-0.017378132790327,0.5188782215118408,0.4708245396614074,-0.0239623188972473,0.4937422573566437,0.4453022480010986,-0.0276888608932495,0.4742475748062134,0.4249250888824463,-0.0295253284275531,0.5516942739486694,0.5442934036254883,-0.0217313766479492,0.5224711298942566,0.5121544003486633,-0.028041323646903,0.5048736333847046,0.49106565117836,-0.0295844003558158,0.4906297326087951,0.4728759229183197,-0.0293735302984714,0.7724472284317017,0.9361205697059632,-0.4390875399112701,0.1313883513212204,0.9370233416557312,-0.535521924495697,0.6191115379333496,0.625420868396759,-1.19726300239563,0.3511526584625244,0.8260820508003235,-1.217329978942871,Good
0.3537074029445648,0.8364714980125427,3.426980015319714e-07,0.3448399305343628,0.7801753878593445,-0.029973791912198,0.3593054711818695,0.735444188117981,-0.0504054240882396,0.3895168900489807,0.7105491161346436,-0.0640348345041275,0.4200514554977417,0.6958991289138794,-0.077000468969345,0.400091290473938,0.7591588497161865,-0.0607708469033241,0.4557853639125824,0.7287020683288574,-0.0828515589237213,0.4897759258747101,0.7092227935791016,-0.0938994958996772,0.516749918460846,0.6950175762176514,-0.0995834618806839,0.420502245426178,0.7935652136802673,-0.0535194240510463,0.4797951877117157,0.7552893757820129,-0.0722800642251968,0.5157137513160706,0.7304019331932068,-0.0804615840315818,0.5429986715316772,0.7101643085479736,-0.0858218148350715,0.4352123737335205,0.8187179565429688,-0.0463750995695591,0.4872688949108124,0.7817164063453674,-0.0614445619285106,0.5194794535636902,0.7587599754333496,-0.0678176209330558,0.5442807674407959,0.7406991720199585,-0.071679376065731,0.4438987374305725,0.8334498405456543,-0.0407519899308681,0.4824506938457489,0.8072437047958374,-0.0537202507257461,0.5053563117980957,0.791439950466156,-0.0587752908468246,0.523546576499939,0.7772830724716187,-0.0612057223916053,0.6328566074371338,0.5838497877120972,1.2475479138629453e-07,0.6369413733482361,0.5249506831169128,0.0059104273095726,0.6200170516967773,0.4784007668495178,0.0085092047229409,0.5962340831756592,0.4502359628677368,0.0101500255987048,0.5764778852462769,0.4291403293609619,0.0104344682767987,0.5852896571159363,0.4644848704338074,-0.0066144573502242,0.5451955795288086,0.4283207952976227,-0.0126499300822615,0.5217849016189575,0.4073187708854675,-0.0149053214117884,0.5029293894767761,0.391777753829956,-0.0158570818603038,0.5699560046195984,0.4856717884540558,-0.0133029511198401,0.525611400604248,0.442657858133316,-0.0209072455763816,0.4968840181827545,0.41683429479599,-0.0243027433753013,0.4745835661888122,0.3968957364559173,-0.0257591437548398,0.5589022636413574,0.5128012895584106,-0.018678868189454,0.5186731815338135,0.4709300398826599,-0.0256063509732484,0.4929274320602417,0.4453474879264831,-0.0291934181004762,0.4730693399906158,0.4254215955734253,-0.0307890344411134,0.5521811246871948,0.5460455417633057,-0.0228850021958351,0.5228286385536194,0.5130231976509094,-0.0296406801789999,0.5050672292709351,0.4916699230670929,-0.0313150025904178,0.4907883405685425,0.4734216630458832,-0.0310698039829731,0.7723965048789978,0.9361343383789062,-0.4375758171081543,0.1310088336467743,0.9383664727211,-0.5356274843215942,0.6186870336532593,0.6256362795829773,-1.196810960769653,0.3503702878952026,0.8298097252845764,-1.2162814140319824,Good
0.3537752628326416,0.8365598320960999,3.434680309055693e-07,0.3449089825153351,0.7801139950752258,-0.0292236227542161,0.3592334985733032,0.7352374792098999,-0.0492026098072528,0.389519602060318,0.7102956771850586,-0.0625207349658012,0.4195924699306488,0.6957723498344421,-0.0751720741391182,0.3995171189308166,0.7593302130699158,-0.0595870465040206,0.4555715024471283,0.7290241718292236,-0.0813156887888908,0.4896831512451172,0.709794282913208,-0.0921802669763565,0.5166665315628052,0.6957143545150757,-0.0977291688323021,0.4200229942798614,0.7937303185462952,-0.0525930672883987,0.4794747233390808,0.7553412318229675,-0.0707525834441185,0.5153472423553467,0.7305024266242981,-0.0785844027996063,0.542620062828064,0.7104254961013794,-0.0837506502866745,0.4348460435867309,0.8187985420227051,-0.0457078851759433,0.4870030879974365,0.7815848588943481,-0.0603561662137508,0.5193073749542236,0.7586504817008972,-0.0665977075695991,0.544094979763031,0.7407332062721252,-0.0704090744256973,0.4436737298965454,0.8334954380989075,-0.0403000079095363,0.4822623431682586,0.8071658611297607,-0.0530557446181774,0.5050787925720215,0.7914325594902039,-0.0580397993326187,0.5232430100440979,0.7774447798728943,-0.0604212507605552,0.6332217454910278,0.5840250253677368,1.2140252181325198e-07,0.6369571089744568,0.5250792503356934,0.0060672992840409,0.6198565363883972,0.4784951210021972,0.008671854622662,0.5962269902229309,0.4503423273563385,0.0102488007396459,0.576519250869751,0.4291472434997558,0.0104675646871328,0.5851190090179443,0.4643111228942871,-0.0063295406289398,0.5451272130012512,0.4284015595912933,-0.0123966475948691,0.5217673778533936,0.4074774980545044,-0.0147518971934914,0.5029204487800598,0.3919469118118286,-0.0157847199589014,0.5698854327201843,0.4855386614799499,-0.0131601439788937,0.5255849957466125,0.4428511261940002,-0.0207039508968591,0.4969866275787353,0.4170840680599212,-0.0240991059690713,0.474758505821228,0.3970676362514496,-0.025605671107769,0.5588889718055725,0.5127544403076172,-0.0187029223889112,0.5186482667922974,0.4711091518402099,-0.0255879070609807,0.4929870665073395,0.4456063210964203,-0.0291431006044149,0.4731552898883819,0.4256598949432373,-0.0307645443826913,0.5521637201309204,0.5460579991340637,-0.0230815857648849,0.5227749347686768,0.5132458806037903,-0.0298388674855232,0.5049821734428406,0.4918720126152038,-0.0315247476100921,0.4906418919563293,0.4735564887523651,-0.0313184075057506,0.7723687887191772,0.9361491799354552,-0.4360638260841369,0.1306797415018081,0.939245581626892,-0.5358100533485413,0.6185002326965332,0.6259914040565491,-1.196679711341858,0.3499015271663666,0.831954836845398,-1.2156625986099243,Good
0.3535215258598327,0.8376762866973877,3.423880627906329e-07,0.3444793224334717,0.7806721329689026,-0.0287516955286264,0.3591263592243194,0.7357305288314819,-0.0487357936799526,0.3900883197784424,0.711704432964325,-0.0622248984873294,0.419740229845047,0.6985020041465759,-0.0751429721713066,0.4003758132457733,0.7607301473617554,-0.0592211186885833,0.4556434750556946,0.7296477556228638,-0.0811636671423912,0.4890440106391907,0.7102901339530945,-0.0922072753310203,0.5156256556510925,0.6961265802383423,-0.0978196933865547,0.4204480946063995,0.7946292757987976,-0.0525257363915443,0.4796926379203796,0.7563620805740356,-0.0711788684129715,0.5151084661483765,0.7314878702163696,-0.0792521685361862,0.5420881509780884,0.7114511132240295,-0.0843823105096817,0.4348442852497101,0.8194608092308044,-0.0459010638296604,0.4866645336151123,0.7821503281593323,-0.0608227960765361,0.5186594724655151,0.7595259547233582,-0.0670936852693557,0.5433461666107178,0.7420328855514526,-0.0707758739590644,0.4433769285678863,0.8344826102256775,-0.0407085083425045,0.4818457067012787,0.8080904483795166,-0.0533604435622692,0.5047261118888855,0.792375922203064,-0.0581811368465423,0.5232306122779846,0.7783078551292419,-0.0604168437421321,0.6319177150726318,0.5837985873222351,1.241873377466618e-07,0.6363313794136047,0.5244254469871521,0.0057329596020281,0.6195029616355896,0.4780705273151397,0.0082278307527303,0.5957207083702087,0.4500531554222107,0.0097701670601964,0.5760337114334106,0.4290245771408081,0.0099934516474604,0.5847780704498291,0.4645399153232574,-0.0062911370769143,0.5447020530700684,0.4286803901195526,-0.0120752481743693,0.521373987197876,0.4079577028751373,-0.0143452836200594,0.5025686025619507,0.392527163028717,-0.0153203979134559,0.5691272616386414,0.4860321581363678,-0.0127197848632931,0.5250096917152405,0.4433778822422027,-0.0197502020746469,0.4966921210289001,0.4177603125572204,-0.023004688322544,0.4747059345245361,0.397803246974945,-0.0245022438466548,0.5578000545501709,0.5129759907722473,-0.0178526006639003,0.5179122090339661,0.4715562760829925,-0.0240132715553045,0.4925746023654938,0.4463542103767395,-0.0272139739245176,0.4730381071567535,0.4268031716346741,-0.028721310198307,0.5508500933647156,0.5455756187438965,-0.0218949355185031,0.5214133262634277,0.5127376914024353,-0.0277320593595504,0.5038600564002991,0.4915459454059601,-0.0288608241826295,0.489802598953247,0.4735075235366821,-0.0283751375973224,0.7733872532844543,0.9362033009529114,-0.4357575476169586,0.1296757757663726,0.9402180314064026,-0.5435356497764587,0.6183140873908997,0.6260805726051331,-1.196355223655701,0.3495226800441742,0.8347390294075012,-1.21581768989563,Good
0.352698415517807,0.8377189636230469,3.4792182646015135e-07,0.3432100713253021,0.7800948023796082,-0.0294822677969932,0.357948362827301,0.7349961996078491,-0.0499267391860485,0.3890674710273742,0.7105711102485657,-0.0635618269443512,0.4189487397670746,0.6978945732116699,-0.0766918882727623,0.3989399075508117,0.7601999640464783,-0.0616861321032047,0.454329252243042,0.7304046154022217,-0.0843191891908645,0.4882369637489319,0.7110273241996765,-0.0958548411726951,0.5152590870857239,0.6964679956436157,-0.1018635779619216,0.4195703864097595,0.7941409945487976,-0.0545407570898532,0.4789346754550934,0.7562705874443054,-0.0737020969390869,0.5148372650146484,0.7311848998069763,-0.0818443670868873,0.5424615144729614,0.7109236717224121,-0.087134838104248,0.4344333112239837,0.819043755531311,-0.0473651029169559,0.4863124489784241,0.7820402979850769,-0.0624956116080284,0.5188054442405701,0.7591649293899536,-0.0686157271265983,0.5438766479492188,0.7419307827949524,-0.0722902342677116,0.4430370032787323,0.8340555429458618,-0.0416672602295875,0.4816178679466247,0.8073899745941162,-0.0546192191541194,0.5047118663787842,0.7919502854347229,-0.0595269687473773,0.523415207862854,0.7786923050880432,-0.0618312060832977,0.6319923996925354,0.5833237767219543,1.2911176838770189e-07,0.6358950138092041,0.524046778678894,0.005201811902225,0.6188504099845886,0.4775526821613312,0.0073492671363055,0.5954338908195496,0.4492316842079162,0.00858651753515,0.5754307508468628,0.4287660121917724,0.0085152750834822,0.5845857858657837,0.4648890197277069,-0.0069359983317554,0.5448724031448364,0.428742915391922,-0.0132001088932156,0.5214166045188904,0.4078466892242431,-0.0158902127295732,0.5025225281715393,0.3921534121036529,-0.0171821024268865,0.5693222284317017,0.486082375049591,-0.013383999466896,0.5251882672309875,0.4435001909732818,-0.0209649037569761,0.4965755939483642,0.4176629483699798,-0.0247955154627561,0.4742867648601532,0.397517442703247,-0.0267153549939394,0.5581402778625488,0.5129305124282837,-0.0185579694807529,0.5180569291114807,0.4718512892723083,-0.0252447314560413,0.4922879934310913,0.4465819299221039,-0.0289496202021837,0.4722611010074615,0.4269126653671264,-0.0307823866605758,0.5512754321098328,0.545564591884613,-0.0226720888167619,0.52180016040802,0.5127752423286438,-0.0290776621550321,0.5039917230606079,0.4917158782482147,-0.0306316614151,0.4895637929439544,0.4738324582576751,-0.0304272156208753,0.7733905911445618,0.9359780550003052,-0.4263724386692047,0.1294825822114944,0.9418294429779052,-0.5392464399337769,0.6175756454467773,0.6259329915046692,-1.196326494216919,0.3493985533714294,0.8363193869590759,-1.21589457988739,Good
0.3527862727642059,0.8369154334068298,3.604021401315549e-07,0.3439880013465881,0.7800605297088623,-0.0310951508581638,0.3581937253475189,0.7359841465950012,-0.0528239347040653,0.3882324695587158,0.7111435532569885,-0.0674401819705963,0.4187013506889343,0.698271632194519,-0.0814796984195709,0.3992945253849029,0.7610266208648682,-0.0643903389573097,0.4547098875045776,0.7300671339035034,-0.0879285112023353,0.488421618938446,0.7101906538009644,-0.0998890995979309,0.5153505802154541,0.6957112550735474,-0.1060673296451568,0.4196292161941528,0.7946164608001709,-0.0565225072205066,0.4787675738334656,0.756113588809967,-0.0766006708145141,0.5144670009613037,0.7309722304344177,-0.084883876144886,0.5415099859237671,0.7106978297233582,-0.0901341512799263,0.4343889355659485,0.81927490234375,-0.0486911050975322,0.486106127500534,0.781959056854248,-0.0644167810678482,0.5184787511825562,0.7592978477478027,-0.0703477263450622,0.5435104966163635,0.7419003248214722,-0.0737973749637603,0.4429422318935394,0.8338563442230225,-0.0424547046422958,0.4814856946468353,0.8077364563941956,-0.0556791573762893,0.5044995546340942,0.7924380302429199,-0.0604581981897354,0.5229989290237427,0.7789350748062134,-0.0626225247979164,0.6323769688606262,0.5828381180763245,1.2462751897146518e-07,0.6361533999443054,0.5246540904045105,0.0049556726589798,0.6187309622764587,0.4776045978069305,0.0072455764748156,0.5950222015380859,0.4496924877166748,0.0087434323504567,0.5749413967132568,0.4288351237773895,0.0090188207104802,0.583861231803894,0.4639924168586731,-0.0069618076086044,0.5439872741699219,0.4287729859352112,-0.0130771929398179,0.5205613374710083,0.4080201387405395,-0.0155961774289608,0.5017408132553101,0.3922398686408996,-0.0167772658169269,0.5688782334327698,0.4853180646896362,-0.0132059380412101,0.5245968699455261,0.443853348493576,-0.0206444766372442,0.4961058497428894,0.4184654355049133,-0.0242626536637544,0.4738042652606964,0.3984571397304535,-0.0260369088500738,0.5578733086585999,0.5121909379959106,-0.0182313453406095,0.5178472995758057,0.4721138477325439,-0.0248896554112434,0.4923275113105774,0.4471880793571472,-0.0285400822758674,0.4724301099777221,0.4276093244552612,-0.0302966069430112,0.5510568618774414,0.5449122786521912,-0.0222248043864965,0.5216606855392456,0.5126403570175171,-0.0286517925560474,0.5038470029830933,0.4915019571781158,-0.0303497333079576,0.4894914925098419,0.4734604656696319,-0.0302338432520627,0.7730077505111694,0.9363805651664734,-0.4263297021389007,0.1292784512042999,0.942588210105896,-0.5313918590545654,0.6160023808479309,0.6259502172470093,-1.1983110904693604,0.3493525981903076,0.8382218480110168,-1.2088568210601809,Good
0.3512275815010071,0.8373230695724487,3.569645059542381e-07,0.3426501452922821,0.7800450325012207,-0.0305655151605606,0.3578247725963592,0.7357690930366516,-0.0517348609864711,0.388766199350357,0.7106181383132935,-0.0659738332033157,0.4184695184230804,0.6982656717300415,-0.0796371325850486,0.3991172611713409,0.7613852620124817,-0.0629899129271507,0.4545734524726867,0.7301526069641113,-0.0866521149873733,0.4887934029102325,0.710036039352417,-0.0987838879227638,0.5160669088363647,0.6953665614128113,-0.1049627214670181,0.4190636873245239,0.7947001457214355,-0.0553821846842765,0.4782960116863251,0.7565483450889587,-0.0756009146571159,0.5144922137260437,0.730849027633667,-0.0839495658874511,0.5418955087661743,0.7102404236793518,-0.0890765711665153,0.4337274134159088,0.819210410118103,-0.0478635169565677,0.4856686890125274,0.7822548747062683,-0.0635966360569,0.5184202194213867,0.7589226961135864,-0.0695844143629074,0.5434747338294983,0.7411083579063416,-0.0728696510195732,0.4424334764480591,0.8337001800537109,-0.041952259838581,0.4815749228000641,0.8077813982963562,-0.0550175234675407,0.5053666830062866,0.7919653058052063,-0.0597849711775779,0.524388313293457,0.7779523730278015,-0.0618113726377487,0.6319065093994141,0.5832073092460632,1.2698396290034e-07,0.6360891461372375,0.5246618390083313,0.0054295659065246,0.6189717054367065,0.477683424949646,0.0078656440600752,0.5951932668685913,0.4496212601661682,0.0094863101840019,0.5746757984161377,0.4292412102222442,0.0098234554752707,0.5835530161857605,0.4639768004417419,-0.0070380987599492,0.5435413718223572,0.4281575977802276,-0.013081282377243,0.5199759602546692,0.4073640704154968,-0.015400905162096,0.5010408759117126,0.3916832208633423,-0.0164461620151996,0.5685314536094666,0.4852223098278045,-0.0134383030235767,0.5241387486457825,0.4433002471923828,-0.0211473572999238,0.4956440925598144,0.4179456233978271,-0.0247435998171567,0.473466694355011,0.397901177406311,-0.0263893269002437,0.557546854019165,0.512257993221283,-0.0185162425041198,0.5172144770622253,0.4716621935367584,-0.0254435036331415,0.4916062951087951,0.4465361535549164,-0.0290192682296037,0.4717195630073547,0.42664834856987,-0.0306132305413484,0.5509254336357117,0.5452640652656555,-0.0224683601409196,0.5211984515190125,0.5128651261329651,-0.0290113557130098,0.5034042596817017,0.4916310310363769,-0.0305925626307725,0.4892006516456604,0.4732516705989837,-0.0303280409425497,0.7713139057159424,0.936386227607727,-0.4201877117156982,0.1292779594659805,0.9425890445709229,-0.5165917873382568,0.6142792105674744,0.6246058940887451,-1.192474126815796,0.3492788672447204,0.8394869565963745,-1.1913559436798096,Good
0.3510823845863342,0.8371262550354004,3.594327040445933e-07,0.3428577184677124,0.7803181409835815,-0.0311490278691053,0.3578514456748962,0.7361429929733276,-0.0528934970498085,0.3885812163352966,0.7106029987335205,-0.0676385387778282,0.4185425341129303,0.6987265944480896,-0.081770472228527,0.3989526033401489,0.760761022567749,-0.0637033507227897,0.4543430507183075,0.7299877405166626,-0.0877652615308761,0.4886654615402221,0.7099403142929077,-0.1001919135451316,0.5160731673240662,0.6953883171081543,-0.106608435511589,0.4190261363983154,0.7943491339683533,-0.0559029765427112,0.4781808853149414,0.7562276124954224,-0.0763234123587608,0.514610767364502,0.7308144569396973,-0.0848148614168167,0.5423387289047241,0.7102428078651428,-0.0901071429252624,0.4338514506816864,0.8191363215446472,-0.0482397228479385,0.4857631325721741,0.7818859219551086,-0.064220517873764,0.5185577273368835,0.7586448788642883,-0.0702894628047943,0.5436770915985107,0.7407305240631104,-0.0736661404371261,0.4427229762077331,0.8338013887405396,-0.0422303564846515,0.4817451536655426,0.807826042175293,-0.0555459782481193,0.5053499937057495,0.7921013832092285,-0.0604414418339729,0.5241330862045288,0.7781732678413391,-0.0625769942998886,0.6319859623908997,0.5832543969154358,1.2490468748183048e-07,0.6358568072319031,0.5244174599647522,0.0055032949894666,0.6187370419502258,0.4775734841823578,0.0078935958445072,0.5950738787651062,0.4495001435279846,0.0093889534473419,0.5746393203735352,0.4290719628334045,0.009576641023159,0.5836698412895203,0.4640789926052093,-0.0068705938756465,0.5435888767242432,0.4285575449466705,-0.0130144013091921,0.5201688408851624,0.4077606499195099,-0.0154487760737538,0.5013640522956848,0.3918727338314056,-0.0165853146463632,0.5685623288154602,0.4853967428207397,-0.0134127987548708,0.5241077542304993,0.4436537623405456,-0.0211731549352407,0.4956873059272766,0.4181615114212036,-0.0248872600495815,0.4736112058162689,0.3979047536849975,-0.0266515910625457,0.557530403137207,0.5125012397766113,-0.0186532270163297,0.5171424746513367,0.4722247421741485,-0.0256583821028471,0.491437017917633,0.4471093118190765,-0.0293705873191356,0.4714651703834533,0.4271568953990936,-0.0310904514044523,0.5508909225463867,0.5455322265625,-0.0227722693234682,0.52115398645401,0.5131834745407104,-0.0294001344591379,0.5033259391784668,0.492030918598175,-0.0310654565691947,0.4890272915363312,0.473796010017395,-0.0308905635029077,0.7703056335449219,0.936396300792694,-0.4189449250698089,0.1292704641819,0.9425817728042604,-0.5139450430870056,0.6128321290016174,0.6236878037452698,-1.1906322240829468,0.3492562472820282,0.8403586149215698,-1.1887511014938354,Good
0.3509234189987182,0.8371298313140869,3.706637983214023e-07,0.3426140248775482,0.7802501916885376,-0.0320099219679832,0.3576443493366241,0.7359724044799805,-0.054498091340065,0.388432502746582,0.7103732824325562,-0.0695203691720962,0.4185678958892822,0.6985113024711609,-0.0839852169156074,0.3973089158535003,0.7604351043701172,-0.0675391852855682,0.4535630345344543,0.7298078536987305,-0.092311680316925,0.4882533848285675,0.7097619771957397,-0.104898601770401,0.5158184170722961,0.6952675580978394,-0.1113792359828949,0.4180528223514557,0.7942612171173096,-0.0591489486396312,0.4780778586864471,0.7558324337005615,-0.0805550143122673,0.5148120522499084,0.7304302453994751,-0.0892573595046997,0.5426735877990723,0.709904134273529,-0.0946387127041816,0.4335923492908478,0.8192545771598816,-0.0506401918828487,0.4860162138938904,0.7813317775726318,-0.0672074258327484,0.5190232992172241,0.7580235600471497,-0.0733390972018241,0.5442419648170471,0.7402952909469604,-0.0767508670687675,0.4430114328861236,0.8338915705680847,-0.0437370501458644,0.482155293226242,0.8072133660316467,-0.0574208423495292,0.5057252049446106,0.7916998863220215,-0.0623895749449729,0.5245409607887268,0.7782260775566101,-0.0645820498466491,0.631753146648407,0.5836722254753113,1.2660817105825117e-07,0.6359311938285828,0.5248609781265259,0.0055196969769895,0.6190428137779236,0.4781091511249542,0.0080441804602742,0.5951522588729858,0.4495447278022766,0.0097630405798554,0.5748228430747986,0.4291220307350158,0.0101701319217681,0.5838451385498047,0.4648290872573852,-0.0068489667028188,0.5439486503601074,0.4285435080528259,-0.0127934738993644,0.5205299854278564,0.4075269103050232,-0.0151423336938023,0.5015043020248413,0.3915960788726806,-0.0162314381450414,0.5685810446739197,0.4858787655830383,-0.0131753729656338,0.5241628885269165,0.4434666633605957,-0.02071088925004,0.4956893920898437,0.4178802967071533,-0.024321973323822,0.4733790159225464,0.3975610136985779,-0.0260358098894357,0.5573781132698059,0.5126602053642273,-0.0181521438062191,0.5171694755554199,0.4720474183559418,-0.0248979087918996,0.491466224193573,0.4468075633049011,-0.0284338127821683,0.4713779091835022,0.4269980192184448,-0.0300596952438354,0.5505484342575073,0.5454275012016296,-0.022006319835782,0.5208293795585632,0.5123595595359802,-0.0283608995378017,0.5031381249427795,0.4911504983901977,-0.0297965239733457,0.4888852834701538,0.4729483425617218,-0.0294755678623914,0.7701950073242188,0.9364166855812072,-0.4192438125610351,0.1292695254087448,0.9430701732635498,-0.5156024694442749,0.6126181483268738,0.6237034201622009,-1.194100260734558,0.3492876887321472,0.8409267067909241,-1.191092848777771,Good
0.3507393598556518,0.8352771997451782,3.816657567767834e-07,0.3428961336612701,0.780341625213623,-0.0337024554610252,0.3577983677387237,0.736581563949585,-0.0573755204677581,0.3877180814743042,0.7107827663421631,-0.0731635317206382,0.4185143411159515,0.6970605254173279,-0.0883894115686416,0.3976882696151733,0.7597934603691101,-0.0708178654313087,0.4535447061061859,0.729362428188324,-0.0964483469724655,0.4881281852722168,0.7094057202339172,-0.1095670312643051,0.5157085657119751,0.6950982809066772,-0.1163973063230514,0.4180692136287689,0.793484091758728,-0.0616870410740375,0.4779711961746216,0.755932092666626,-0.0843268036842346,0.5146682858467102,0.7307382822036743,-0.0937075614929199,0.5422443747520447,0.7102295756340027,-0.0995446518063545,0.4333932399749756,0.8186188340187073,-0.0523837357759475,0.48541921377182,0.7818894386291504,-0.0696850195527076,0.5184037685394287,0.7588514685630798,-0.0759675502777099,0.5436656475067139,0.7413777112960815,-0.079496331512928,0.4427253603935241,0.8332456350326538,-0.0447684787213802,0.4818587899208069,0.8066614866256714,-0.0588707625865936,0.5053890347480774,0.7913073897361755,-0.0639314427971839,0.5240561962127686,0.778018057346344,-0.0662383660674095,0.6315460801124573,0.583556056022644,1.3111647945152074e-07,0.6356328129768372,0.5242406725883484,0.0054573435336351,0.6187475919723511,0.4778966009616852,0.0078403577208518,0.5949611663818359,0.4495486915111542,0.0093714725226163,0.5746104121208191,0.4290774762630462,0.0096057718619704,0.5834739208221436,0.4645836949348449,-0.0068804980255663,0.5438169240951538,0.4283711016178131,-0.0129356002435088,0.5204744935035706,0.4074324369430542,-0.0154552832245826,0.5013319849967957,0.391391396522522,-0.0166626516729593,0.5679891705513,0.4859274327754974,-0.0132120260968804,0.523822009563446,0.4435651302337646,-0.0209283288568258,0.4953952431678772,0.417941153049469,-0.0246873926371336,0.4731373786926269,0.3975259363651275,-0.0265077520161867,0.556826114654541,0.5129560232162476,-0.0181842893362045,0.5168399810791016,0.4723240435123443,-0.0249582268297672,0.4911807179450989,0.4469049870967865,-0.0284233596175909,0.471170037984848,0.4269627928733825,-0.0299983043223619,0.5502112507820129,0.5457579493522644,-0.0220599733293056,0.5206176042556763,0.5124204754829407,-0.0282961353659629,0.5029746294021606,0.4909700155258178,-0.0295782815665006,0.4886250495910644,0.472719669342041,-0.0291610267013311,0.7699719667434692,0.9362842440605164,-0.4209193587303161,0.1292346864938736,0.9433719515800476,-0.5182925462722778,0.6122432947158813,0.6237087249755859,-1.1941347122192385,0.3493200242519378,0.8413371443748474,-1.192457914352417,Good
0.3515095710754394,0.8360170722007751,3.852432257644978e-07,0.3434291481971741,0.7813040614128113,-0.0349584110081195,0.3577554523944855,0.7373145222663879,-0.0595834665000438,0.3876770734786987,0.7115050554275513,-0.0759669691324234,0.4187753200531006,0.6987773776054382,-0.0918639376759529,0.3975340723991394,0.760246753692627,-0.0740204006433487,0.4534108936786651,0.7294030785560608,-0.1004535406827926,0.4880349338054657,0.7093200087547302,-0.1138874217867851,0.5157982707023621,0.6952297687530518,-0.1209096238017082,0.4177945554256439,0.7935352325439453,-0.0643830448389053,0.4779065549373626,0.7555516362190247,-0.088015541434288,0.5148477554321289,0.7304622530937195,-0.0978589504957199,0.542607307434082,0.7102419137954712,-0.1039828062057495,0.4331089556217193,0.8184914588928223,-0.0544733144342899,0.4854176640510559,0.7814422249794006,-0.0725221335887909,0.5184031128883362,0.758446216583252,-0.0792296975851059,0.5437921285629272,0.74117112159729,-0.0830315798521041,0.4425137937068939,0.8331400752067566,-0.0462719164788723,0.4815362989902496,0.8061590194702148,-0.0609023012220859,0.5049687623977661,0.791053056716919,-0.0663281083106994,0.5236948728561401,0.7782731652259827,-0.068902663886547,0.6312833428382874,0.583159863948822,1.293935270041402e-07,0.6353712677955627,0.5235206484794617,0.0060464651323854,0.6184804439544678,0.4773885607719421,0.0088757490739226,0.5946508646011353,0.4489161074161529,0.010867765173316,0.5744397044181824,0.4285699427127838,0.0115760378539562,0.5837642550468445,0.464765191078186,-0.0061690681613981,0.5438281297683716,0.4284656941890716,-0.011686285957694,0.5206539630889893,0.4077190160751343,-0.0137271340936422,0.501846194267273,0.391932338476181,-0.0145658124238252,0.5681871771812439,0.4859629869461059,-0.0124196307733654,0.5237012505531311,0.4432608485221863,-0.0197661221027374,0.4953917264938354,0.4176504611968994,-0.0231703668832778,0.4734583795070648,0.3972039222717285,-0.0246561523526906,0.5568321347236633,0.5126820206642151,-0.0172483790665864,0.5167511105537415,0.4717527329921722,-0.023592036217451,0.4912622570991516,0.4461982250213623,-0.0268335379660129,0.4715592861175537,0.4261664748191833,-0.0282229967415332,0.5501264333724976,0.5450478792190552,-0.0209167227149009,0.5203648805618286,0.5113481283187866,-0.0266661196947097,0.5029239654541016,0.4899181723594665,-0.0276600234210491,0.4889041781425476,0.4717337489128113,-0.0270359423011541,0.7703654766082764,0.9355179071426392,-0.4253234267234802,0.1292681246995926,0.9433666467666626,-0.5190901756286621,0.6123262047767639,0.6236066818237305,-1.212862491607666,0.3493345379829407,0.8416838049888611,-1.1938011646270752,Good
0.3515093624591827,0.8351473808288574,3.840918623154721e-07,0.3433114290237427,0.7797753214836121,-0.0345708541572093,0.3582147359848022,0.7363792061805725,-0.058829478919506,0.3882361948490143,0.7109150290489197,-0.0748754516243934,0.4186793565750122,0.6979638934135437,-0.0904944017529487,0.3972134292125702,0.7610824108123779,-0.0737413093447685,0.4533891677856445,0.7298003435134888,-0.0999175012111663,0.4880037605762481,0.7093802094459534,-0.113165870308876,0.515534520149231,0.69486403465271,-0.120071955025196,0.4178189933300018,0.7942181825637817,-0.0640013366937637,0.4779769480228424,0.7556007504463196,-0.0870521068572998,0.5144965052604675,0.7304171323776245,-0.0964338108897209,0.5415443778038025,0.7101559042930603,-0.1023238375782966,0.4334557950496673,0.8186569213867188,-0.0539852082729339,0.4852488040924072,0.7812488675117493,-0.0715316012501716,0.5179423093795776,0.7583548426628113,-0.078166127204895,0.5429544448852539,0.7410967350006104,-0.0820577219128608,0.4429676532745361,0.8327920436859131,-0.0456717573106288,0.4813275933265686,0.8070171475410461,-0.060115959495306,0.504501461982727,0.7919459939002991,-0.0657871291041374,0.5230806469917297,0.7789071798324585,-0.0686413496732711,0.6316279172897339,0.5826846957206726,1.2608879274011997e-07,0.6353208422660828,0.5231186747550964,0.0063874348998069,0.6182091236114502,0.4776847958564758,0.0092386435717344,0.5946749448776245,0.4493026733398437,0.0111276125535368,0.5749343633651733,0.4287430047988891,0.0116659430786967,0.5838174223899841,0.464553564786911,-0.0059320447035133,0.5439856648445129,0.4286353886127472,-0.0115296654403209,0.5208951234817505,0.407930850982666,-0.0136863272637128,0.5021535754203796,0.3920485973358154,-0.0146558759734034,0.5682591199874878,0.485692948102951,-0.0124805029481649,0.5237587690353394,0.4433272182941437,-0.0200395416468381,0.4954065680503845,0.4178267121315002,-0.0236991271376609,0.4734490215778351,0.397392988204956,-0.0253798030316829,0.5569357872009277,0.512606143951416,-0.0175706800073385,0.5169644951820374,0.4716533720493316,-0.0242138877511024,0.4913434684276581,0.446008563041687,-0.0276790186762809,0.471519410610199,0.4258082509040832,-0.0292402971535921,0.5502479076385498,0.5452932715415955,-0.0214411299675703,0.5208595395088196,0.5118747353553772,-0.0275615435093641,0.5035164952278137,0.4904944002628326,-0.0287501234561204,0.4894365966320038,0.47224161028862,-0.0282678212970495,0.7704476714134216,0.9351390600204468,-0.4265860617160797,0.1292632222175598,0.9434311389923096,-0.5197873115539551,0.6124517917633057,0.6234914660453796,-1.2178086042404177,0.3493275940418243,0.8417907357215881,-1.193852186203003,Good
0.6723126769065857,0.8300792574882507,2.565521128872206e-07,0.6638898253440857,0.7701543569564819,-0.0052660945802927,0.6404601335525513,0.7213122248649597,-0.0128247449174523,0.6128964424133301,0.6926183104515076,-0.018421895802021,0.5905380249023438,0.6709794402122498,-0.0250542741268873,0.6203866600990295,0.7296946048736572,-0.0323770344257354,0.5736088752746582,0.7047271728515625,-0.0458235219120979,0.5451011061668396,0.6910822987556458,-0.0519540719687938,0.5213069915771484,0.6816824674606323,-0.0548645406961441,0.6070073843002319,0.7644426822662354,-0.0352443680167198,0.5561936497688293,0.7307711839675903,-0.048746395856142,0.5248217582702637,0.7107069492340088,-0.0531257800757885,0.5018405914306641,0.6956369876861572,-0.0553868301212787,0.5965229868888855,0.7988044619560242,-0.0365695729851722,0.5491730570793152,0.766154408454895,-0.0459140017628669,0.5241076350212097,0.7454408407211304,-0.0471352636814117,0.5081710815429688,0.7302318215370178,-0.0473476164042949,0.5901057124137878,0.8323862552642822,-0.0375831872224807,0.5539799332618713,0.8023421764373779,-0.0438528954982757,0.5369654297828674,0.7868370413780212,-0.0426541976630687,0.5251144170761108,0.7756432294845581,-0.0405897423624992,0.3746706843376159,0.866754949092865,3.3619801342865685e-07,0.3639457821846008,0.8155507445335388,-0.0209395177662372,0.3721465468406677,0.7718622088432312,-0.0375652275979518,0.3955384790897369,0.7472107410430908,-0.0491036064922809,0.4201157391071319,0.733086884021759,-0.0602625198662281,0.4021845459938049,0.7950901389122009,-0.0509484633803367,0.4527531862258911,0.7644520998001099,-0.0694653317332267,0.4828821718692779,0.746649980545044,-0.0780944898724556,0.5069303512573242,0.7340786457061768,-0.0819929763674736,0.4216165542602539,0.8283793330192566,-0.0469995625317096,0.4732487797737121,0.7903038263320923,-0.0623175539076328,0.5050874948501587,0.7678771018981934,-0.0682883039116859,0.5298786759376526,0.7499883770942688,-0.0719223245978355,0.4380963146686554,0.8531981110572815,-0.0425367392599582,0.4834732711315155,0.815458357334137,-0.0548855476081371,0.5128185749053955,0.7916408777236938,-0.0591857284307479,0.5351371765136719,0.7726405262947083,-0.0613844394683837,0.4505884349346161,0.869167149066925,-0.0387872159481048,0.4860261678695678,0.8430302739143372,-0.0493768453598022,0.5064655542373657,0.8267162442207336,-0.0521432571113109,0.5224774479866028,0.8123719692230225,-0.0526930578052997,0.8214265704154968,0.9431340098381042,-0.4004765450954437,0.2186755686998367,0.9866822361946106,-0.6256402134895325,0.6927605271339417,0.8436892032623291,-1.2969554662704468,0.3855078518390655,0.8544073700904846,-1.3888254165649414,Good
0.6717057228088379,0.830967366695404,2.381676154072921e-07,0.6639655232429504,0.7700085043907166,-0.0050849774852395,0.6406311392784119,0.7212696671485901,-0.0120953656733036,0.6123876571655273,0.6929817199707031,-0.0173738375306129,0.5902102589607239,0.6706360578536987,-0.0237759929150342,0.6190036535263062,0.7307473421096802,-0.030639024451375,0.5729391574859619,0.705436110496521,-0.0437608025968074,0.5446524024009705,0.6911715865135193,-0.0500703155994415,0.520788848400116,0.681126058101654,-0.0533535405993461,0.6055087447166443,0.764677882194519,-0.0337055176496505,0.5564690828323364,0.731191098690033,-0.046680748462677,0.525108814239502,0.7115048170089722,-0.051488384604454,0.5016729235649109,0.6964849233627319,-0.0543710589408874,0.5952389240264893,0.7986868023872375,-0.0353633277118206,0.5497152805328369,0.7661564350128174,-0.0444959923624992,0.5234782695770264,0.7456232905387878,-0.0465121865272522,0.5059300661087036,0.730494499206543,-0.0475692860782146,0.589194655418396,0.8322558403015137,-0.0367479547858238,0.5539325475692749,0.802317202091217,-0.043225958943367,0.5356804132461548,0.7867048382759094,-0.0427790060639381,0.5222084522247314,0.7756942510604858,-0.0414545573294162,0.3720826506614685,0.8649049997329712,3.474398511116306e-07,0.3631128370761871,0.8150967359542847,-0.0214054025709629,0.3717244267463684,0.7720588445663452,-0.0386310108006,0.3949931263923645,0.746819257736206,-0.0506527833640575,0.4201850295066833,0.733182966709137,-0.0623412393033504,0.401954174041748,0.7954168915748596,-0.0526119694113731,0.4531930387020111,0.7642061114311218,-0.0720095410943031,0.4833331704139709,0.7461889982223511,-0.0811203867197036,0.5074547529220581,0.7333114147186279,-0.0852144733071327,0.4212908148765564,0.8287200331687927,-0.048445738852024,0.4730679988861084,0.7902942299842834,-0.0645196065306663,0.5043379068374634,0.7674927711486816,-0.07066560536623,0.5286911725997925,0.7487426996231079,-0.0742271095514297,0.4377827942371368,0.8537586331367493,-0.0436959080398082,0.4825650453567505,0.8159979581832886,-0.0561720691621303,0.5107516646385193,0.7924520373344421,-0.0596797429025173,0.5321255326271057,0.773804783821106,-0.0611844323575496,0.4503925740718841,0.8694193363189697,-0.0397594533860683,0.485338032245636,0.8426327109336853,-0.0500743612647056,0.5056136846542358,0.8256232142448425,-0.0521975308656692,0.5217581987380981,0.8110045194625854,-0.0521965511143207,0.8214826583862305,0.9437335729599,-0.3980438113212585,0.218187004327774,0.987618625164032,-0.6198325157165527,0.6921752691268921,0.8437342047691345,-1.2807790040969849,0.3847584128379822,0.854653537273407,-1.3762719631195068,Good
0.6724107265472412,0.8310248851776123,2.401653773631552e-07,0.6642684936523438,0.770214319229126,-0.0053031686693429,0.6407899260520935,0.721312940120697,-0.0123216500505805,0.6121662259101868,0.6931157112121582,-0.0175099559128284,0.5897660255432129,0.6708155274391174,-0.023726625367999,0.6200781464576721,0.7317023277282715,-0.0307788364589214,0.5731820464134216,0.7058346271514893,-0.0438740029931068,0.5444371104240417,0.691832423210144,-0.0498896725475788,0.5202987194061279,0.6820712089538574,-0.0528990104794502,0.6063386797904968,0.7660433053970337,-0.0335777960717678,0.5563687682151794,0.7324718832969666,-0.046897005289793,0.5247197151184082,0.7125959992408752,-0.0516584664583206,0.501176655292511,0.6973247528076172,-0.0543141886591911,0.5957987308502197,0.7999469637870789,-0.0349973291158676,0.5495756268501282,0.7679029107093811,-0.0444030985236167,0.5229976177215576,0.7472638487815857,-0.0465405546128749,0.5049903392791748,0.7319173812866211,-0.0475076995790004,0.5896030068397522,0.8327615857124329,-0.0361335650086402,0.5538137555122375,0.8027655482292175,-0.0427515804767608,0.5350865125656128,0.7872471809387207,-0.0425083562731742,0.5208421945571899,0.7763485908508301,-0.04124466329813,0.372135728597641,0.8666404485702515,3.157281298626913e-07,0.3624531924724579,0.8157790899276733,-0.0221432503312826,0.3713822960853576,0.7725076675415039,-0.0391792058944702,0.3954578340053558,0.7477898001670837,-0.0508969947695732,0.4206064343452453,0.7330926656723022,-0.062202014029026,0.4019386768341064,0.7951801419258118,-0.0519723258912563,0.4521797895431518,0.7650792002677917,-0.0710793957114219,0.4819053113460541,0.7470420002937317,-0.0801717638969421,0.5057656168937683,0.7339092493057251,-0.0844861343502998,0.421347051858902,0.8282139897346497,-0.0475662872195243,0.4726849794387817,0.791043758392334,-0.0635929033160209,0.5038933157920837,0.7685145735740662,-0.0699659511446952,0.5285178422927856,0.7502585649490356,-0.073827214539051,0.4377560019493103,0.853075385093689,-0.0427557751536369,0.4826581478118896,0.8160796761512756,-0.0555615425109863,0.5114600658416748,0.7925418615341187,-0.0598340108990669,0.5339587926864624,0.774154782295227,-0.0620013251900672,0.4502080678939819,0.869275689125061,-0.0388044230639934,0.4847310781478882,0.8428609371185303,-0.0496727973222732,0.5051467418670654,0.826454758644104,-0.0525841936469078,0.5219036340713501,0.812658965587616,-0.0532350987195968,0.8214535713195801,0.9445225596427916,-0.3969548046588897,0.2180609405040741,0.9880325794219972,-0.6195453405380249,0.6918414831161499,0.8437254428863525,-1.2743791341781616,0.3842610716819763,0.8548077344894409,-1.370715856552124,Good
0.6727492213249207,0.8316613435745239,2.444762969844305e-07,0.6645548343658447,0.7705990076065063,-0.0054230010136961,0.6410563588142395,0.7214813828468323,-0.0125042777508497,0.6125929951667786,0.6931020617485046,-0.0177127085626125,0.5901174545288086,0.6708687543869019,-0.0239327102899551,0.6209195852279663,0.7317572832107544,-0.0311358086764812,0.5735730528831482,0.7058644890785217,-0.044390719383955,0.5445010662078857,0.6918884515762329,-0.0503929927945137,0.5202376246452332,0.682203471660614,-0.0533502958714962,0.6069965362548828,0.7662378549575806,-0.0339233055710792,0.5566853284835815,0.7324831485748291,-0.04769903793931,0.5248906016349792,0.7125425338745117,-0.0526297688484191,0.5013740658760071,0.6971640586853027,-0.0552713349461555,0.5961086750030518,0.8002211451530457,-0.0353204868733882,0.5494397878646851,0.7679217457771301,-0.0452153347432613,0.52254718542099,0.7472794055938721,-0.047620553523302,0.5043902397155762,0.7318419218063354,-0.0486153699457645,0.5894870162010193,0.8330831527709961,-0.0363997034728527,0.5534415245056152,0.8023210763931274,-0.0433391220867633,0.5347035527229309,0.7865813374519348,-0.0432631857693195,0.5206305980682373,0.7754591107368469,-0.0420300662517547,0.3725774884223938,0.8654701113700867,3.317460368634784e-07,0.3632852435111999,0.8146512508392334,-0.0214496683329343,0.3717893958091736,0.7716328501701355,-0.0385407544672489,0.395063042640686,0.7471892237663269,-0.050419446080923,0.4198645353317261,0.7333967685699463,-0.0619749538600444,0.4020313620567322,0.7945271730422974,-0.0521620847284793,0.4524299204349518,0.7643293142318726,-0.0712517872452735,0.4822458624839782,0.7464615702629089,-0.0803381204605102,0.5061312317848206,0.7335485816001892,-0.0846226289868354,0.4212880134582519,0.8277474641799927,-0.048053678125143,0.4726803600788116,0.7903947830200195,-0.0639611706137657,0.5039750933647156,0.7683099508285522,-0.0701981112360954,0.5284533500671387,0.7504309415817261,-0.0740194395184516,0.4376122057437897,0.8527525663375854,-0.043407242745161,0.482589453458786,0.8157511353492737,-0.0560794286429882,0.511542797088623,0.7927449941635132,-0.060166411101818,0.5338756442070007,0.7747175693511963,-0.0622616112232208,0.4499063193798065,0.8689043521881104,-0.0395402982831001,0.4845524728298187,0.8429621458053589,-0.0503351688385009,0.5047925710678101,0.8269321918487549,-0.0530582852661609,0.521183431148529,0.8133498430252075,-0.0536197461187839,0.8214284181594849,0.9450878500938416,-0.3960255980491638,0.2179833948612213,0.9883485436439514,-0.6194229125976562,0.6916112303733826,0.8437227010726929,-1.270962476730347,0.3839917778968811,0.8549016714096069,-1.3684000968933103,Good
0.6728917956352234,0.8324735760688782,2.459796917264612e-07,0.6649195551872253,0.771483838558197,-0.005384546238929,0.6415189504623413,0.7215611338615417,-0.0125099904835224,0.6127790212631226,0.6934672594070435,-0.0177166685461998,0.5899229645729065,0.671292781829834,-0.0238862447440624,0.6216153502464294,0.7314398288726807,-0.0313191786408424,0.5733632445335388,0.7052717804908752,-0.0446589700877666,0.5438606142997742,0.6916272640228271,-0.050574455410242,0.5191742181777954,0.6825373768806458,-0.0533509291708469,0.6076493859291077,0.7662655115127563,-0.0341797210276126,0.5562238693237305,0.7321088910102844,-0.0481344759464263,0.5241757035255432,0.7123394012451172,-0.0528356619179248,0.5004644393920898,0.6973268389701843,-0.0551601760089397,0.5964522361755371,0.8004432320594788,-0.0356210768222808,0.5486425757408142,0.7672112584114075,-0.0456850342452526,0.5221652984619141,0.7463487386703491,-0.0474372804164886,0.504436194896698,0.7309700846672058,-0.047780692577362,0.5892798900604248,0.8334617614746094,-0.0367360897362232,0.5522774457931519,0.8005968332290649,-0.0436042249202728,0.5340840220451355,0.7842534780502319,-0.0427743680775165,0.5207240581512451,0.7730470299720764,-0.0408398658037185,0.3714164495468139,0.8661697506904602,3.309300211640221e-07,0.3617062866687774,0.8160120248794556,-0.0221740622073411,0.3706380426883697,0.7729628086090088,-0.0392924025654792,0.3945337831974029,0.747967541217804,-0.0511488020420074,0.4198043942451477,0.7330973744392395,-0.0625432580709457,0.4017347395420074,0.7954316139221191,-0.051943726837635,0.4525863826274872,0.764811635017395,-0.0710927918553352,0.4824146032333374,0.7469385862350464,-0.0800908356904983,0.5061222314834595,0.7341663241386414,-0.0842651724815368,0.4205858707427978,0.8283255696296692,-0.0474427677690982,0.472121387720108,0.7906333804130554,-0.0634078532457351,0.5032728910446167,0.768351674079895,-0.0695445612072944,0.5275086164474487,0.7503827214241028,-0.0731981098651886,0.4364399015903473,0.853328287601471,-0.0425986610352993,0.4815072119235992,0.8168103098869324,-0.0552013181149959,0.5101796388626099,0.793391227722168,-0.0592664331197738,0.5323779582977295,0.7747946977615356,-0.0612970441579818,0.4485514461994171,0.8696421980857849,-0.0386492013931274,0.4836364984512329,0.844531238079071,-0.0494442768394947,0.5043072700500488,0.8278886079788208,-0.052478402853012,0.5210686922073364,0.8132031559944153,-0.0532480627298355,0.8214471936225891,0.9450892806053162,-0.3950337767601013,0.2179375141859054,0.989174783229828,-0.6113797426223755,0.6916086673736572,0.8435294032096863,-1.2526248693466189,0.383314311504364,0.855111300945282,-1.3419891595840454,Good
0.6728227138519287,0.8313482999801636,2.404507597475458e-07,0.6646275520324707,0.7702735066413879,-0.0053460653871297,0.641022264957428,0.7211398482322693,-0.012470961548388,0.612147867679596,0.6932457685470581,-0.0177615992724895,0.5894935727119446,0.6709710359573364,-0.0240814238786697,0.6212058663368225,0.7314303517341614,-0.0314834974706172,0.5737494826316833,0.7053584456443787,-0.045047927647829,0.5442519783973694,0.6915760040283203,-0.0512272156774997,0.5192449688911438,0.6821853518486023,-0.0543053038418293,0.6072437763214111,0.7658048272132874,-0.0344962142407894,0.556098461151123,0.7322700619697571,-0.0484713725745677,0.5237843990325928,0.7130432724952698,-0.0532161593437194,0.4997820258140564,0.6984201073646545,-0.0557311400771141,0.5962908864021301,0.8000354170799255,-0.0361062698066234,0.5486150979995728,0.7676867246627808,-0.0463232919573783,0.521642804145813,0.7473158836364746,-0.0482054390013217,0.5033021569252014,0.7322587370872498,-0.0487325079739093,0.589509129524231,0.8334004282951355,-0.0374022684991359,0.5523506999015808,0.8013250827789307,-0.0446447171270847,0.533362090587616,0.7856711149215698,-0.0441250428557395,0.5191925168037415,0.7751302123069763,-0.0424649529159069,0.372562050819397,0.8665152788162231,3.355487194767193e-07,0.3629525899887085,0.8166632056236267,-0.0222416650503873,0.3714795410633087,0.7732721567153931,-0.0397945418953895,0.3945860266685486,0.7479552030563354,-0.052022099494934,0.4196978807449341,0.7329158782958984,-0.0639246553182601,0.4005824625492096,0.7953134179115295,-0.0539033561944961,0.4516957402229309,0.7646178007125854,-0.0734144076704979,0.4817153215408325,0.746403694152832,-0.0824799537658691,0.5055726170539856,0.7331711053848267,-0.0867804884910583,0.4198176860809326,0.8279535174369812,-0.049524713307619,0.4722353518009186,0.7904239296913147,-0.0659858956933021,0.503800630569458,0.7682192921638489,-0.0723825693130493,0.5281193852424622,0.7505193948745728,-0.0763300284743309,0.4363808035850525,0.8529736995697021,-0.044644147157669,0.4822495877742767,0.816179633140564,-0.0577045269310474,0.5117855668067932,0.7927297949790955,-0.0623115934431552,0.5346307158470154,0.774296224117279,-0.0648623183369636,0.4491469860076904,0.869478702545166,-0.0405728183686733,0.4842477440834045,0.8441656231880188,-0.0518782101571559,0.5047852993011475,0.8284538388252258,-0.0552871339023113,0.5213719606399536,0.8152230978012085,-0.056426141411066,0.8213125467300415,0.9455016851425172,-0.3957498073577881,0.2171230018138885,0.9908735752105712,-0.6118782758712769,0.6916508674621582,0.8432812094688416,-1.2550747394561768,0.3821218907833099,0.8554846048355103,-1.34726881980896,Good
0.6725338101387024,0.8328258991241455,2.442656636958418e-07,0.6648240685462952,0.7715244889259338,-0.0057190684601664,0.6413428783416748,0.7221962809562683,-0.0127847986295819,0.6123756170272827,0.6940699815750122,-0.0180098060518503,0.5895720720291138,0.671501100063324,-0.0242284815758466,0.6201388835906982,0.7325904369354248,-0.0307239666581153,0.5730340480804443,0.706149697303772,-0.0439947731792926,0.5441396832466125,0.6918787956237793,-0.0500036291778087,0.5197504162788391,0.6819900274276733,-0.052986703813076,0.6061323881149292,0.766512930393219,-0.0335257910192012,0.555531919002533,0.7330142259597778,-0.0472850389778614,0.5237113833427429,0.7132234573364258,-0.0521170794963836,0.5001200437545776,0.697862982749939,-0.054681658744812,0.595450222492218,0.8002538084983826,-0.0350383482873439,0.5481100678443909,0.7679620981216431,-0.045253936201334,0.5215129852294922,0.747042715549469,-0.0474464073777198,0.5035593509674072,0.7313135862350464,-0.0481584779918193,0.58905428647995,0.8331164717674255,-0.0362732894718647,0.5517919659614563,0.8010349869728088,-0.0436313152313232,0.5328207015991211,0.7847030162811279,-0.0434262044727802,0.518723726272583,0.7731194496154785,-0.0419790185987949,0.3727381229400635,0.8655726909637451,3.434857092088351e-07,0.3627930283546448,0.8163037896156311,-0.0228337161242961,0.3704429864883423,0.7734395861625671,-0.0405892804265022,0.3935212194919586,0.7480679154396057,-0.0529246926307678,0.4189850091934204,0.7335008382797241,-0.0648790597915649,0.40170818567276,0.7962379455566406,-0.0540322251617908,0.451937586069107,0.765071451663971,-0.0736340507864952,0.4818355143070221,0.7463905811309814,-0.0828702300786972,0.5056939125061035,0.7328996062278748,-0.0873128473758697,0.4214187562465668,0.8282249569892883,-0.049342144280672,0.4727204740047455,0.7905437350273132,-0.0655749961733818,0.5039302110671997,0.7674132585525513,-0.0719205066561698,0.5278138518333435,0.7489741444587708,-0.0759643241763114,0.4377260208129883,0.8526792526245117,-0.0442581176757812,0.4823431968688965,0.8166608214378357,-0.056949894875288,0.5111752152442932,0.7929215431213379,-0.0613555163145065,0.533123254776001,0.774229884147644,-0.0638343840837478,0.4499275386333465,0.8689818382263184,-0.0401051267981529,0.4847656488418579,0.8441466689109802,-0.0510782301425933,0.5052928924560547,0.8272558450698853,-0.0544902980327606,0.5214388966560364,0.8126357197761536,-0.0557060874998569,0.8211424946784973,0.9456926584243774,-0.3957507908344269,0.2158247679471969,0.991461455821991,-0.6203120350837708,0.6917531490325928,0.8434824347496033,-1.2574151754379272,0.3819709420204162,0.8555675148963928,-1.360358476638794,Good
0.6725878715515137,0.8331227898597717,2.450664453590435e-07,0.6648908257484436,0.7716289758682251,-0.0056707798503339,0.6414843201637268,0.7223044633865356,-0.0127360625192523,0.6125333905220032,0.6941015720367432,-0.0179500710219144,0.5897020101547241,0.6715386509895325,-0.0241533946245908,0.6203985810279846,0.7328909635543823,-0.0309204626828432,0.5730968117713928,0.7064208388328552,-0.0442558787763118,0.5441359281539917,0.6920199990272522,-0.0502456277608871,0.5197579264640808,0.6819794178009033,-0.0531896203756332,0.6062496900558472,0.7668036818504333,-0.0337557904422283,0.5554059147834778,0.7331226468086243,-0.0476469285786151,0.5236179828643799,0.7131161689758301,-0.0524949468672275,0.50019371509552,0.6975032091140747,-0.0550324656069278,0.5953842401504517,0.8004134893417358,-0.0352794416248798,0.5478083491325378,0.7678872346878052,-0.0456077791750431,0.5212039947509766,0.7466698288917542,-0.0478284433484077,0.5034050345420837,0.7305999994277954,-0.0485242567956447,0.588767409324646,0.8331242799758911,-0.0365097038447856,0.5513303279876709,0.8007498979568481,-0.0438864715397357,0.5324708223342896,0.7839638590812683,-0.0436591207981109,0.5186340808868408,0.7718232274055481,-0.0421853102743625,0.3731883466243744,0.8669781684875488,3.315691969874024e-07,0.3627175390720367,0.8171718120574951,-0.023573650047183,0.3706060647964477,0.7736221551895142,-0.0415248423814773,0.3942054510116577,0.748275101184845,-0.0538967251777648,0.4199205338954925,0.7336753606796265,-0.0658433139324188,0.4015449583530426,0.7965061068534851,-0.0548416934907436,0.4517419040203094,0.7654327154159546,-0.0745699703693389,0.4816621243953705,0.7465089559555054,-0.08386892080307,0.505533754825592,0.7326524257659912,-0.0884675830602645,0.4211401641368866,0.8283907175064087,-0.0499389916658401,0.4725195467472076,0.7912108898162842,-0.0665199980139732,0.5038001537322998,0.7682733535766602,-0.0730742365121841,0.5278807282447815,0.7500112652778625,-0.0772797018289566,0.4374383687973022,0.8527504801750183,-0.0447017326951026,0.4824654161930084,0.8169388175010681,-0.0578244142234325,0.5115268230438232,0.7934262156486511,-0.0625821948051452,0.533982515335083,0.774906575679779,-0.0653121918439865,0.4497537016868591,0.8691352009773254,-0.0404298827052116,0.4848060607910156,0.8443488478660583,-0.0518756881356239,0.5054302215576172,0.8277528882026672,-0.0556863285601139,0.5218898057937622,0.8134112358093262,-0.0571941398084163,0.8209490776062012,0.9458479285240172,-0.3957285284996032,0.2148905247449875,0.991667091846466,-0.6232290863990784,0.6918075084686279,0.8436216115951538,-1.2579896450042725,0.3818778395652771,0.8556029796600342,-1.3639256954193115,Good
0.6721792817115784,0.8335667252540588,2.421304259314639e-07,0.6647335290908813,0.7715789675712585,-0.005601892247796,0.641628086566925,0.7213774919509888,-0.0124712120741605,0.6126915216445923,0.6934796571731567,-0.0174069423228502,0.5898774862289429,0.6712374687194824,-0.0232692174613475,0.6211430430412292,0.7330113649368286,-0.0310233812779188,0.5737990140914917,0.7072235941886902,-0.0442668683826923,0.5449650883674622,0.692587673664093,-0.0500998832285404,0.5207226872444153,0.6818650364875793,-0.0529433451592922,0.606726884841919,0.7672111988067627,-0.0336952954530715,0.5559508800506592,0.7335565686225891,-0.0477108433842659,0.5243961811065674,0.7133035659790039,-0.0525346510112285,0.5011197924613953,0.6969773173332214,-0.0550088323652744,0.5954598188400269,0.80068039894104,-0.0350012592971324,0.5482373833656311,0.7679352164268494,-0.0453279912471771,0.5216108560562134,0.7466951012611389,-0.0475037768483161,0.5036356449127197,0.7303053736686707,-0.0481296218931674,0.5884800553321838,0.8329554200172424,-0.0360102280974388,0.5515381693840027,0.8004330396652222,-0.0432117395102977,0.5325473546981812,0.7838349342346191,-0.0429464466869831,0.5183541774749756,0.7718244194984436,-0.0414582565426826,0.3725539743900299,0.8661073446273804,3.50065363363683e-07,0.3624377250671386,0.8164920210838318,-0.022357864305377,0.3706465363502502,0.77330482006073,-0.0400912277400493,0.3939566016197204,0.7477981448173523,-0.0524665378034114,0.4198271930217743,0.7346229553222656,-0.0645486041903495,0.4020739793777466,0.7950215935707092,-0.0535445660352706,0.4526716768741607,0.7643094062805176,-0.0733165144920349,0.4828803539276123,0.745473325252533,-0.0828555673360824,0.5070548057556152,0.7320181727409363,-0.0874761566519737,0.421782910823822,0.8278911113739014,-0.0492057390511035,0.473430871963501,0.790131688117981,-0.0657204464077949,0.5051217675209045,0.767167866230011,-0.0723620578646659,0.5296531915664673,0.7488732933998108,-0.0764530897140502,0.4379424750804901,0.8526784777641296,-0.0444099158048629,0.4832991361618042,0.8157343864440918,-0.0574890673160553,0.5129323601722717,0.7921158075332642,-0.0621204935014247,0.5357691049575806,0.7733350396156311,-0.064602792263031,0.4497212469577789,0.8686034083366394,-0.040434431284666,0.4846999049186706,0.8432087898254395,-0.0517188981175422,0.5054406523704529,0.8263421058654785,-0.0550540313124656,0.522007167339325,0.8117180466651917,-0.0560495033860206,0.820914626121521,0.9467071890830994,-0.3958242237567901,0.2145218104124069,0.9920966625213624,-0.6258945465087891,0.691820502281189,0.8433884382247925,-1.2598152160644531,0.3817456066608429,0.8556374311447144,-1.3640868663787842,Good
0.6718300580978394,0.8325086236000061,2.3577210583880523e-07,0.6645007729530334,0.7709801197052002,-0.0057939575053751,0.6413086652755737,0.7208426594734192,-0.0129448249936103,0.6122927069664001,0.6931968927383423,-0.0181416012346744,0.5896474719047546,0.6709682941436768,-0.0242634527385234,0.6222038269042969,0.7315483689308167,-0.0316354893147945,0.5747137665748596,0.7061091065406799,-0.045225441455841,0.5452064275741577,0.6922799348831177,-0.0512952506542205,0.520317018032074,0.6825891137123108,-0.0542505979537963,0.6079505681991577,0.7660849094390869,-0.0343154966831207,0.5566295385360718,0.7327906489372253,-0.0484668985009193,0.5243821740150452,0.7133092284202576,-0.053155243396759,0.5006809234619141,0.6982067227363586,-0.0555406361818313,0.5965343713760376,0.7999897599220276,-0.0356286913156509,0.5487746000289917,0.7671123147010803,-0.0460814274847507,0.5217539668083191,0.7466135025024414,-0.0479357354342937,0.5036340951919556,0.7315728068351746,-0.0482804998755455,0.5892437100410461,0.8329973816871643,-0.0366628877818584,0.5520817041397095,0.8003665208816528,-0.0440138764679431,0.5329300761222839,0.784588098526001,-0.0435444302856922,0.5186293125152588,0.7742495536804199,-0.0418349504470825,0.372087150812149,0.8658249378204346,3.242106174639048e-07,0.3623251318931579,0.8162609934806824,-0.0226218476891517,0.3708185255527496,0.7731932401657104,-0.0399602875113487,0.3945803344249725,0.747798502445221,-0.0518470853567123,0.4201626777648926,0.7333816289901733,-0.0632978603243827,0.4019235372543335,0.7959868311882019,-0.0529636032879352,0.4522351026535034,0.765143632888794,-0.0720034763216972,0.481925904750824,0.7467025518417358,-0.0809930115938186,0.5055131912231445,0.7334095239639282,-0.0852959901094436,0.4217568039894104,0.8283381462097168,-0.0482088960707187,0.4731702208518982,0.7901099324226379,-0.0638833418488502,0.5041897296905518,0.767412006855011,-0.0699798315763473,0.528043806552887,0.7496004104614258,-0.0737846121191978,0.4380026459693908,0.8528198599815369,-0.0430653616786003,0.4828589558601379,0.8156566619873047,-0.0554935857653617,0.5120640993118286,0.7922243475914001,-0.0598492100834846,0.5346364974975586,0.7742224931716919,-0.0622453019022941,0.4499620199203491,0.8687463402748108,-0.0388035625219345,0.4844724833965301,0.8428300619125366,-0.0495892241597175,0.5049963593482971,0.8261974453926086,-0.0528191290795803,0.5215286016464233,0.8123206496238708,-0.0538356713950634,0.8209487795829773,0.9471115469932556,-0.3936232030391693,0.2145058214664459,0.9921074509620668,-0.6224427819252014,0.6914960145950317,0.8428058624267578,-1.2544183731079102,0.3818222284317016,0.855545163154602,-1.355689287185669,Good
0.6710128784179688,0.8309270739555359,2.347216820908216e-07,0.6637251973152161,0.7700352072715759,-0.0057174246758222,0.6408454179763794,0.7199627757072449,-0.0129187507554888,0.61185622215271,0.6925438046455383,-0.0181556064635515,0.5894450545310974,0.670352041721344,-0.0244117863476276,0.6210306882858276,0.730689525604248,-0.0319883972406387,0.5738171339035034,0.7053137421607971,-0.0456544794142246,0.5445022583007812,0.6918359398841858,-0.0517666600644588,0.519761860370636,0.6824711561203003,-0.0547361485660076,0.6072806119918823,0.7651709914207458,-0.034696277230978,0.5557083487510681,0.7322782874107361,-0.0488258711993694,0.5232142210006714,0.7128710150718689,-0.0535799711942672,0.4991181492805481,0.6981216073036194,-0.0560327768325805,0.5964130759239197,0.7990275025367737,-0.0359937474131584,0.5485631823539734,0.7669703364372253,-0.0464268587529659,0.521592915058136,0.7467724084854126,-0.0483232773840427,0.5030816793441772,0.7319808006286621,-0.0487284325063228,0.5897040963172913,0.8322533965110779,-0.0369746349751949,0.5526418685913086,0.8006373643875122,-0.0443638451397419,0.533797025680542,0.7853476405143738,-0.0439359433948993,0.5194093585014343,0.7751902937889099,-0.0422726981341838,0.372250884771347,0.8654873371124268,3.313507477287203e-07,0.3618408739566803,0.8159026503562927,-0.0239606406539678,0.3706316351890564,0.7726650834083557,-0.0421391651034355,0.3947522640228271,0.7478653788566589,-0.0545238070189952,0.4206323027610779,0.7337309718132019,-0.0664853677153587,0.401488333940506,0.7958991527557373,-0.0556412823498249,0.4515664577484131,0.7655014991760254,-0.0758202970027923,0.481589674949646,0.7467641830444336,-0.0857349410653114,0.5057908892631531,0.732925534248352,-0.0908343717455864,0.4215527474880218,0.8280978202819824,-0.0505424588918685,0.4732779562473297,0.7900853753089905,-0.0673975497484207,0.5048997402191162,0.7677143812179565,-0.0743141770362854,0.5296088457107544,0.7500359416007996,-0.0788331851363182,0.4381237626075744,0.8522948026657104,-0.0450566597282886,0.4834505319595337,0.8158373236656189,-0.0584824793040752,0.5131756663322449,0.7929608225822449,-0.0633282586932182,0.5363284945487976,0.7751216888427734,-0.0661292597651481,0.4503501057624817,0.8679168820381165,-0.0405391417443752,0.4853719472885132,0.8423532247543335,-0.0523269884288311,0.5061113834381104,0.8261560201644897,-0.0561247579753398,0.5229346752166748,0.812401294708252,-0.05760233476758,0.8209436535835266,0.948027491569519,-0.3816797137260437,0.2144744396209716,0.992130160331726,-0.6172459721565247,0.6912667155265808,0.8428435921669006,-1.217983603477478,0.3819501399993896,0.8553711771965027,-1.3374110460281372,Good
0.6706292033195496,0.8309435248374939,2.289980329805985e-07,0.6631377935409546,0.7699165940284729,-0.0055064586922526,0.6404516696929932,0.7202502489089966,-0.0127031058073043,0.6119993329048157,0.6927303075790405,-0.017984639853239,0.5895436406135559,0.6706396341323853,-0.0242912210524082,0.621224045753479,0.7302727699279785,-0.031960655003786,0.5740377902984619,0.7052291631698608,-0.0457085333764553,0.5449239611625671,0.6917043328285217,-0.0519268102943897,0.5202347040176392,0.6823538541793823,-0.0549577996134758,0.6075796484947205,0.7646798491477966,-0.034832164645195,0.5562006831169128,0.7321534156799316,-0.0490826964378356,0.523935854434967,0.7131074666976929,-0.0538926646113395,0.5001270771026611,0.6985456347465515,-0.0563865564763546,0.5966981649398804,0.7987121939659119,-0.036288782954216,0.5487911105155945,0.766750693321228,-0.0469094850122928,0.5216323733329773,0.7469687461853027,-0.0489700324833393,0.5031206607818604,0.7326663732528687,-0.0494617596268653,0.5900266766548157,0.8319878578186035,-0.0373945869505405,0.5528683066368103,0.800688624382019,-0.0449890792369842,0.533596932888031,0.7859548926353455,-0.0446876846253871,0.5190521478652954,0.7766047120094299,-0.0430842414498329,0.3713111281394958,0.865576982498169,3.312032106350671e-07,0.3620789051055908,0.8155502080917358,-0.0227994360029697,0.3712027370929718,0.7714703679084778,-0.0407258085906505,0.3947820365428924,0.7455449104309082,-0.0530924201011657,0.4209630489349365,0.7333037853240967,-0.0651699677109718,0.401011198759079,0.7942001223564148,-0.0547957234084606,0.4515888094902038,0.7647199630737305,-0.0749532654881477,0.4815706312656402,0.746067225933075,-0.08468908816576,0.5055619478225708,0.7324365973472595,-0.0895357504487037,0.4209792912006378,0.8274937868118286,-0.0503754504024982,0.4733548164367676,0.7903479933738708,-0.0675189718604087,0.5052067041397095,0.7675266265869141,-0.0744782760739326,0.5298352837562561,0.7491798400878906,-0.0787748917937278,0.4376488626003265,0.852603018283844,-0.0454652905464172,0.4834075570106506,0.8158559203147888,-0.059279091656208,0.5133237242698669,0.7921005487442017,-0.0643768236041069,0.5365976691246033,0.7730751037597656,-0.0671466067433357,0.4499070942401886,0.8685453534126282,-0.0413548722863197,0.4847865402698517,0.8425254821777344,-0.0534712225198745,0.5054006576538086,0.8258202075958252,-0.0572885125875473,0.5223885178565979,0.8115713596343994,-0.0586076006293296,0.8208743929862976,0.9492212533950806,-0.3732947409152984,0.2144687175750732,0.9924724102020264,-0.6173564195632935,0.6912901401519775,0.843459963798523,-1.211205005645752,0.3817434906959533,0.8553601503372192,-1.3407368659973145,Good
0.6699214577674866,0.8305328488349915,2.2890468187597443e-07,0.6624515056610107,0.7699458599090576,-0.0054278252646327,0.6396974921226501,0.7201728820800781,-0.0129074929282069,0.6118197441101074,0.6924372911453247,-0.0184009261429309,0.5896869897842407,0.6706091165542603,-0.0249888952821493,0.6224888563156128,0.7302314639091492,-0.0338165797293186,0.5746163725852966,0.7048562169075012,-0.048045452684164,0.5450654029846191,0.6913756728172302,-0.0543653070926666,0.5201663374900818,0.6820864081382751,-0.057397224009037,0.6091119050979614,0.7648629546165466,-0.0368461348116397,0.5568622350692749,0.7315901517868042,-0.0515083968639373,0.5241938829421997,0.7125168442726135,-0.0564527064561843,0.5001974701881409,0.6980308890342712,-0.0590558983385562,0.5980376601219177,0.7988434433937073,-0.0383147299289703,0.5494506359100342,0.7662890553474426,-0.0491659976541996,0.5216454267501831,0.7466543912887573,-0.0515298582613468,0.5027443170547485,0.732632040977478,-0.0522709228098392,0.5907818675041199,0.8319308161735535,-0.039367526769638,0.5535095930099487,0.8006695508956909,-0.0471365414559841,0.5340293645858765,0.7858997583389282,-0.0471305027604103,0.5193676352500916,0.7765880823135376,-0.0458022281527519,0.3718284070491791,0.8652089238166809,3.28146910533178e-07,0.3624899983406067,0.8146985173225403,-0.0216530971229076,0.3714958429336548,0.77048659324646,-0.038857489824295,0.3952576816082001,0.7448500990867615,-0.0508276149630546,0.4208763539791107,0.7338824272155762,-0.0624647364020347,0.4015119671821594,0.7937366366386414,-0.0525075420737266,0.4516646265983581,0.7640471458435059,-0.0718756318092346,0.4816456437110901,0.7455509901046753,-0.0811991095542907,0.5055271983146667,0.7319987416267395,-0.0858671739697456,0.4211987853050232,0.8262530565261841,-0.0485029742121696,0.4736475646495819,0.7888941764831543,-0.064640462398529,0.5054726004600525,0.766600489616394,-0.0709100291132927,0.5300650000572205,0.7487956285476685,-0.0748598352074623,0.4375883340835571,0.8511067032814026,-0.0440255850553512,0.4835899770259857,0.8141154646873474,-0.056997824460268,0.5133004784584045,0.7907524108886719,-0.0615132227540016,0.5360190272331238,0.7723363041877747,-0.0639972388744354,0.4496400058269501,0.8675487041473389,-0.0403500609099864,0.4849100112915039,0.8419498801231384,-0.0517981685698032,0.5054699182510376,0.8256886601448059,-0.0552985407412052,0.5219175815582275,0.8117983341217041,-0.0564958564937114,0.8207815289497375,0.9500142931938172,-0.3733307123184204,0.2144632637500763,0.9925230145454408,-0.6197109222412109,0.6913620829582214,0.84393709897995,-1.2178360223770142,0.3818759322166443,0.8552039861679077,-1.343139886856079,Good
0.6692430973052979,0.8307127952575684,2.246227808200274e-07,0.6623452305793762,0.7704952955245972,-0.0057625831104815,0.6397460103034973,0.7204223871231079,-0.0133438473567366,0.6118903756141663,0.6925621032714844,-0.0188721753656864,0.5898260474205017,0.6706165075302124,-0.0255079939961433,0.622754693031311,0.7302104830741882,-0.0344877168536186,0.5750349760055542,0.7048642635345459,-0.0489502064883708,0.5450058579444885,0.6914822459220886,-0.0554292872548103,0.5195813179016113,0.6825659275054932,-0.0585602037608623,0.6094269156455994,0.7648378014564514,-0.0374162755906581,0.5573629140853882,0.731677770614624,-0.0522809699177742,0.5243834257125854,0.7122862935066223,-0.0573307983577251,0.5001360177993774,0.6976296901702881,-0.0600293390452861,0.5982688665390015,0.7987021207809448,-0.0387871377170085,0.5498576164245605,0.7665697932243347,-0.04977548122406,0.5221192240715027,0.746757447719574,-0.0522371605038642,0.5033090114593506,0.7326862215995789,-0.0530504547059536,0.5907720923423767,0.8316584825515747,-0.0397795625030994,0.55366051197052,0.8007441759109497,-0.0476956367492675,0.5341628789901733,0.7861009240150452,-0.0478325076401233,0.5194888710975647,0.7770435810089111,-0.0466024875640869,0.3718265891075134,0.8655048608779907,3.2816498674037575e-07,0.3625134527683258,0.8147383332252502,-0.0214217379689216,0.3714103996753692,0.770552396774292,-0.0383947677910327,0.3952779471874237,0.7450364232063293,-0.0501522123813629,0.4207754135131836,0.7338534593582153,-0.0615463890135288,0.4014914035797119,0.7939496040344238,-0.0520301461219787,0.4519127011299133,0.7638360261917114,-0.0710787326097488,0.4819126725196838,0.7451543211936951,-0.0801391303539276,0.5057410001754761,0.7315092086791992,-0.0846079513430595,0.4213837683200836,0.8265777230262756,-0.0480486564338207,0.4738214612007141,0.7885030508041382,-0.0638272240757942,0.5055614709854126,0.7659739255905151,-0.0699485540390014,0.5299745798110962,0.748153805732727,-0.0738053172826767,0.4379010498523712,0.8514904379844666,-0.0435700938105583,0.4837768971920013,0.8139345645904541,-0.0562454275786876,0.5133485794067383,0.7908115386962891,-0.0605873316526412,0.5358935594558716,0.7728660106658936,-0.0629475936293602,0.4500694870948791,0.8678377866744995,-0.0398752503097057,0.4850675463676452,0.8417723178863525,-0.0510753914713859,0.5055839419364929,0.8253313302993774,-0.0544056333601474,0.5220268368721008,0.8114563822746277,-0.0554743595421314,0.8207381367683411,0.9505241513252258,-0.3728466331958771,0.2144630700349807,0.9925657510757446,-0.6233714818954468,0.6914187073707581,0.8444616794586182,-1.2208185195922852,0.3820510506629944,0.8550148606300354,-1.3489573001861572,Good
0.6685907244682312,0.8306075930595398,2.291911442853234e-07,0.6624183058738708,0.7705134153366089,-0.0060620736330747,0.6396891474723816,0.719948410987854,-0.0138144064694643,0.611304759979248,0.6931551098823547,-0.0193727761507034,0.5896766185760498,0.6707360148429871,-0.0260691791772842,0.6225634217262268,0.7297634482383728,-0.0352921783924102,0.5748369097709656,0.7046983242034912,-0.049779187887907,0.5447092652320862,0.6913160085678101,-0.0561811961233615,0.5191963315010071,0.6823633909225464,-0.0592390596866607,0.609254002571106,0.7649404406547546,-0.0380567535758018,0.557031512260437,0.7315248847007751,-0.05261792242527,0.5239826440811157,0.7116124033927917,-0.0573621317744255,0.4996848106384277,0.6966747641563416,-0.0599224492907524,0.5979999303817749,0.7989281415939331,-0.0392474867403507,0.5495009422302246,0.7663030624389648,-0.0499501973390579,0.5221525430679321,0.7457301616668701,-0.0521443076431751,0.5037549138069153,0.7310155630111694,-0.0528484769165515,0.5901854038238525,0.8319603204727173,-0.040079079568386,0.5529432892799377,0.8010634779930115,-0.0478197075426578,0.5338608026504517,0.7855888605117798,-0.0477963350713253,0.5196217894554138,0.7755160927772522,-0.0464856922626495,0.3722330331802368,0.8644668459892273,3.304840561213496e-07,0.3629445433616638,0.814062237739563,-0.0221584923565387,0.3716762959957123,0.7705050706863403,-0.0396561510860919,0.3954840898513794,0.7455031871795654,-0.0517423562705516,0.4206710457801819,0.732613205909729,-0.0634582117199897,0.401346206665039,0.7939882874488831,-0.0538603067398071,0.4519250094890594,0.7641043066978455,-0.0733458176255226,0.4820849895477295,0.7454433441162109,-0.0826033130288124,0.5060843229293823,0.7317864298820496,-0.0871657729148864,0.4212479889392853,0.8267632126808167,-0.0495744124054908,0.4741662740707397,0.7884871959686279,-0.0657183825969696,0.5060006976127625,0.7655489444732666,-0.0720063969492912,0.530440628528595,0.7475677728652954,-0.0760324150323867,0.4379638433456421,0.8518060445785522,-0.0447451248764991,0.4842670559883117,0.8140791058540344,-0.0576017089188098,0.5139986872673035,0.7904085516929626,-0.0620361678302288,0.5365766286849976,0.7722876667976379,-0.0645280107855796,0.4504038989543915,0.8682153224945068,-0.0407272726297378,0.4854641556739807,0.8414264917373657,-0.0519658140838146,0.5059889554977417,0.8246925473213196,-0.0552992448210716,0.5223525166511536,0.8109301924705505,-0.0564302094280719,0.8205466270446777,0.951716959476471,-0.3737192451953888,0.2144047915935516,0.9925825595855712,-0.6234006285667419,0.6914059519767761,0.8447335362434387,-1.2249977588653564,0.382083386182785,0.8549986481666565,-1.3537698984146118,Good
0.6684221029281616,0.83006352186203,2.301195962672864e-07,0.6621485352516174,0.770380437374115,-0.0058424985036253,0.6393232941627502,0.7200636863708496,-0.0136838685721158,0.6113277077674866,0.6932723522186279,-0.0193388983607292,0.5897299647331238,0.6710785627365112,-0.026184469461441,0.6234735250473022,0.7299667000770569,-0.0360949039459228,0.575182318687439,0.7048951983451843,-0.0507298782467842,0.5448059439659119,0.6915973424911499,-0.0570003390312194,0.5191537141799927,0.6829096674919128,-0.0598602592945098,0.6106810569763184,0.76567143201828,-0.0390810258686542,0.5574380159378052,0.7316259145736694,-0.0537593401968479,0.5243038535118103,0.7116189002990723,-0.058157343417406,0.5000970363616943,0.6968387961387634,-0.0603780597448349,0.5996949672698975,0.7999968528747559,-0.0404071137309074,0.5503643155097961,0.7662584185600281,-0.0512924119830131,0.5233603119850159,0.7455710172653198,-0.0528520159423351,0.5053790807723999,0.731205403804779,-0.0529817789793014,0.5919641256332397,0.8332241773605347,-0.0413346700370311,0.5540029406547546,0.8007824420928955,-0.0490815006196498,0.535506010055542,0.7846272587776184,-0.0483637675642967,0.5219482779502869,0.7744077444076538,-0.0464833527803421,0.3711629509925842,0.8653091192245483,3.2512491543457145e-07,0.3617337644100189,0.8146812915802002,-0.0225990414619445,0.370674580335617,0.7712175846099854,-0.0400213710963726,0.3948628604412079,0.7464519739151001,-0.0520100146532058,0.4208003580570221,0.7337126731872559,-0.0636205002665519,0.4024009704589844,0.7942604422569275,-0.0529756285250186,0.4525365233421325,0.7644054293632507,-0.072501540184021,0.4824612438678741,0.7457330822944641,-0.0821298956871032,0.5064624547958374,0.7319607138633728,-0.0870466828346252,0.4223585128784179,0.8268187642097473,-0.0485059507191181,0.4743750095367431,0.7895835638046265,-0.0647671669721603,0.5058160424232483,0.7663949728012085,-0.0715145692229271,0.5301132798194885,0.7479732036590576,-0.0758533105254173,0.4386515021324157,0.8515669107437134,-0.0436446703970432,0.4840655028820038,0.8150346279144287,-0.0566008873283863,0.5135923027992249,0.7912293672561646,-0.0614583455026149,0.5362808704376221,0.7728024125099182,-0.0642590895295143,0.4506535530090332,0.8678357005119324,-0.0396690778434276,0.4852095544338226,0.8423811793327332,-0.0511504597961902,0.5057042837142944,0.8255132436752319,-0.0548867210745811,0.5222289562225342,0.8112590909004211,-0.0562732256948947,0.8204385042190552,0.9517677426338196,-0.3742695450782776,0.2141131162643432,0.9926381707191468,-0.6249213218688965,0.6914414763450623,0.8447982668876648,-1.240601897239685,0.3820421695709228,0.8549980521202087,-1.3695175647735596,Good
0.6698257327079773,0.8307235240936279,2.2972513136210185e-07,0.6633085012435913,0.7711212038993835,-0.0056289015337824,0.6402130722999573,0.7204607725143433,-0.0131887104362249,0.611723005771637,0.6935524344444275,-0.0186523627489805,0.5897231698036194,0.6714009046554565,-0.0252949390560388,0.6233118176460266,0.7302263975143433,-0.0348874293267726,0.5751585960388184,0.7048007249832153,-0.0492825023829937,0.5448616147041321,0.6914449334144592,-0.0554906725883483,0.5193871259689331,0.6824273467063904,-0.0583853498101234,0.6100702285766602,0.7655190229415894,-0.0380122028291225,0.55681312084198,0.7317754626274109,-0.0527124591171741,0.5230066776275635,0.7119976282119751,-0.0575998909771442,0.4982510209083557,0.6973710060119629,-0.0601601377129554,0.5987668037414551,0.7995055317878723,-0.0395219177007675,0.5492228269577026,0.7662469148635864,-0.0506187938153743,0.5210837721824646,0.7461046576499939,-0.0530364960432052,0.5019716620445251,0.732225239276886,-0.0537408106029033,0.5909932255744934,0.8324686884880066,-0.0405747480690479,0.5529420971870422,0.8004791736602783,-0.0486668720841407,0.5338016748428345,0.7845370769500732,-0.0487197749316692,0.519490659236908,0.7741833925247192,-0.0473643168807029,0.3713100850582123,0.8659054040908813,3.23009061276025e-07,0.3617438971996307,0.8146532773971558,-0.0223345309495925,0.3710010051727295,0.7710877656936646,-0.0396194905042648,0.395677238702774,0.746574878692627,-0.0515487492084503,0.4210731089115143,0.7324953675270081,-0.0631350800395011,0.4012875854969024,0.7941816449165344,-0.0531069785356521,0.451357364654541,0.7643662691116333,-0.0726903527975082,0.4816758632659912,0.7461186647415161,-0.0822778269648552,0.5060914754867554,0.7326640486717224,-0.0871707797050476,0.4210686385631561,0.8267641067504883,-0.0489110797643661,0.473865807056427,0.7894879579544067,-0.0652896612882614,0.506058394908905,0.7665725946426392,-0.0721346661448478,0.5310292840003967,0.748559832572937,-0.0766394361853599,0.4374246001243591,0.8516814708709717,-0.0442946441471576,0.4839819967746734,0.8151258826255798,-0.0574648268520832,0.514522910118103,0.7911746501922607,-0.062779001891613,0.5379749536514282,0.7725756764411926,-0.0659885704517364,0.4495059251785278,0.8685709834098816,-0.04051323980093,0.4848109185695648,0.8428032398223877,-0.0521783716976642,0.5058971047401428,0.8260594010353088,-0.0562220774590969,0.5229015946388245,0.8118559122085571,-0.0579557828605175,0.8203644752502441,0.951758086681366,-0.3676832616329193,0.2141121327877044,0.992639183998108,-0.6246290802955627,0.6913378238677979,0.8448279500007629,-1.2324475049972534,0.3817416429519653,0.855032205581665,-1.368754267692566,Good
0.670610785484314,0.8303298354148865,2.2815453348812298e-07,0.6634029150009155,0.7705659866333008,-0.0055149123072624,0.6404423117637634,0.7204576730728149,-0.0130379050970077,0.6121707558631897,0.69344562292099,-0.0185282062739133,0.5902731418609619,0.6713711023330688,-0.0251212548464536,0.6229292750358582,0.7301836013793945,-0.0339186713099479,0.5749717354774475,0.70490962266922,-0.0481161698698997,0.5447957515716553,0.6918807029724121,-0.0543450824916362,0.5193625092506409,0.6834433078765869,-0.0572420731186866,0.6097468137741089,0.765537440776825,-0.0369762182235717,0.556547999382019,0.7322616577148438,-0.0513218156993389,0.523388147354126,0.7127600312232971,-0.0559318698942661,0.4991847276687622,0.6983435153961182,-0.0582682937383651,0.5988106727600098,0.7998006343841553,-0.038479033857584,0.5492208003997803,0.7671363949775696,-0.0491910763084888,0.5219347476959229,0.7468845248222351,-0.0510671623051166,0.5035949945449829,0.7327655553817749,-0.0513999834656715,0.5916018486022949,0.8330042362213135,-0.0395702011883258,0.5537006258964539,0.801230788230896,-0.0471896603703498,0.5349199175834656,0.7857681512832642,-0.0466695986688137,0.5208488702774048,0.7758930325508118,-0.044911079108715,0.3726390898227691,0.8642332553863525,3.301248057141493e-07,0.3629671633243561,0.8137167096138,-0.0220436844974756,0.3715182840824127,0.7703071236610413,-0.039331879466772,0.3955005407333374,0.7455390691757202,-0.0512425750494003,0.4207329452037811,0.7327944040298462,-0.0628021210432052,0.4012925326824188,0.7943601012229919,-0.0536589287221431,0.4518375992774963,0.7640625834465027,-0.0730229914188385,0.4821024537086487,0.7454059720039368,-0.0823217555880546,0.5061857104301453,0.7318015694618225,-0.0869413465261459,0.4213196039199829,0.8268362283706665,-0.0491790249943733,0.4739168882369995,0.7889415621757507,-0.0649392679333686,0.5057443976402283,0.7660778760910034,-0.0710382685065269,0.5301331281661987,0.7482383251190186,-0.0750873684883117,0.4381101429462433,0.8511620163917542,-0.0441788136959075,0.4842093586921692,0.8142377734184265,-0.0564960166811943,0.5142009258270264,0.7906022667884827,-0.0609227418899536,0.5369607210159302,0.7725151777267456,-0.0636161044239997,0.4505102932453155,0.8670778870582581,-0.0400251001119613,0.4856776297092438,0.8415416479110718,-0.0508639737963676,0.5063384175300598,0.8248555660247803,-0.0543067045509815,0.5226974487304688,0.8108328580856323,-0.0556822270154953,0.8203514814376831,0.9517211318016052,-0.3664271235466003,0.2141658812761306,0.9928476810455322,-0.6200371384620667,0.691007673740387,0.8448308706283569,-1.214503049850464,0.381893903017044,0.8547496795654297,-1.3510243892669678,Good
0.6708908677101135,0.8306790590286255,2.324636909634137e-07,0.6635449528694153,0.7704764604568481,-0.0055747493170201,0.6406034827232361,0.7202877402305603,-0.0131019884720444,0.6120775938034058,0.6933412551879883,-0.0185753442347049,0.5898967385292053,0.6713750958442688,-0.0251122787594795,0.6228584051132202,0.7303082942962646,-0.0337531007826328,0.5748047828674316,0.7050570845603943,-0.0478982105851173,0.5447507500648499,0.6920614242553711,-0.0541125312447547,0.5194464921951294,0.6835812330245972,-0.0569982342422008,0.6094300746917725,0.7657076120376587,-0.036729484796524,0.5562662482261658,0.732309877872467,-0.0510607659816741,0.523054838180542,0.7128219604492188,-0.0556965246796608,0.4987939596176147,0.6984570026397705,-0.0580285005271434,0.5983458161354065,0.7999266982078552,-0.0381630063056945,0.5487022995948792,0.7671014666557312,-0.0488300286233425,0.5212469696998596,0.7469413876533508,-0.050734955817461,0.5027113556861877,0.7328370809555054,-0.0510828979313373,0.5911542177200317,0.8329683542251587,-0.039195142686367,0.5532087087631226,0.8007550239562988,-0.0467594526708126,0.5343261361122131,0.7853866815567017,-0.0462262108922004,0.5200875401496887,0.7756157517433167,-0.0444466099143028,0.3730234503746032,0.86457359790802,3.253014426718437e-07,0.3626541495323181,0.8137925267219543,-0.0226242411881685,0.3713202178478241,0.7705056667327881,-0.0399626307189464,0.3955340981483459,0.7460663914680481,-0.0518212877213954,0.4207697510719299,0.7328473925590515,-0.0632925257086753,0.4012866020202636,0.7942610383033752,-0.0537215024232864,0.4515051245689392,0.7644013166427612,-0.0730836018919944,0.4816717505455017,0.7459142804145813,-0.0824156329035759,0.5056477785110474,0.7322338819503784,-0.0871474295854568,0.4213153421878814,0.8265767693519592,-0.0490625314414501,0.4735262393951416,0.7891103625297546,-0.0650405958294868,0.5050629377365112,0.7665020227432251,-0.0713482201099395,0.5292503237724304,0.7487703561782837,-0.0754947662353515,0.4380861520767212,0.8509976863861084,-0.0439608246088027,0.4838405847549438,0.8143681287765503,-0.0564977303147316,0.513521671295166,0.7907930612564087,-0.0610062181949615,0.5361579060554504,0.7726883888244629,-0.0637153834104538,0.450642466545105,0.8674033880233765,-0.0397706441581249,0.485637217760086,0.8421047925949097,-0.0508009158074855,0.5062385201454163,0.8252353072166443,-0.0543466098606586,0.5226525664329529,0.8109145164489746,-0.0557667911052703,0.8203414082527161,0.9517103433609008,-0.3653763234615326,0.2142195701599121,0.993008315563202,-0.6176432967185974,0.6907662153244019,0.8448352217674255,-1.2083076238632202,0.3820196092128753,0.8545061945915222,-1.34424090385437,Good
0.6717121601104736,0.8307764530181885,2.2817114597728505e-07,0.664453387260437,0.7710303664207458,-0.0055078375153243,0.6410942077636719,0.7207134962081909,-0.0130037758499383,0.6122031807899475,0.6935608386993408,-0.0183839872479438,0.5902755260467529,0.6715530753135681,-0.0248613748699426,0.6230009198188782,0.7304200530052185,-0.0343064293265342,0.5749033093452454,0.7051206827163696,-0.0485242791473865,0.5450536012649536,0.6920236945152283,-0.0547381751239299,0.5200627446174622,0.6833057403564453,-0.0576650686562061,0.6095531582832336,0.7657405138015747,-0.0372578799724578,0.5565945506095886,0.732389509677887,-0.0519417934119701,0.5233378410339355,0.7131554484367371,-0.0567858517169952,0.4989668726921081,0.698945164680481,-0.0592410191893577,0.5985685586929321,0.7998030781745911,-0.0385874807834625,0.5494187474250793,0.7671916484832764,-0.0494332462549209,0.5216217041015625,0.746950089931488,-0.051581859588623,0.5025584101676941,0.7325336933135986,-0.0521473698318004,0.5916846394538879,0.8327828049659729,-0.0394793488085269,0.5543884634971619,0.8012666702270508,-0.0471989996731281,0.5354620218276978,0.7857411503791809,-0.0469268672168254,0.5209425687789917,0.7754448056221008,-0.0453834235668182,0.3738114833831787,0.8627419471740723,3.34771470988926e-07,0.3636671304702759,0.8129303455352783,-0.0231431629508733,0.3718842267990112,0.770305871963501,-0.0410546287894248,0.3954377770423889,0.7460857629776001,-0.0533392392098903,0.4207336008548736,0.7329429388046265,-0.0651748031377792,0.4023094475269317,0.794573962688446,-0.0547772385179996,0.4527885615825653,0.7639561295509338,-0.0742661654949188,0.4827393591403961,0.7452355623245239,-0.0835410207509994,0.5066977143287659,0.7316757440567017,-0.0881018042564392,0.4221222400665283,0.8275651335716248,-0.0497584827244281,0.4740725755691528,0.7893301248550415,-0.0656656995415687,0.5054572820663452,0.766390323638916,-0.0716664344072341,0.529440701007843,0.7485081553459167,-0.0755574777722358,0.4387574791908264,0.8519049286842346,-0.0442957244813442,0.4843851327896118,0.81479412317276,-0.0566813349723815,0.5135729312896729,0.7912183403968811,-0.0606478564441204,0.5357840061187744,0.7731077075004578,-0.0628958418965339,0.451194554567337,0.8671319484710693,-0.0397802256047725,0.4862622916698456,0.8411493301391602,-0.0505880191922187,0.5067664384841919,0.8242935538291931,-0.0537388063967227,0.5229894518852234,0.8101651668548584,-0.0548163577914238,0.8198673129081726,0.9516189694404602,-0.3639099597930908,0.2142285406589508,0.9930245280265808,-0.6239053010940552,0.6905408501625061,0.8449898362159729,-1.2101118564605713,0.3827026188373565,0.8536508679389954,-1.352805733680725,Good
0.6671362519264221,0.364061564207077,1.5388592089493613e-07,0.7005292177200317,0.3264760971069336,0.0073892530053853,0.710914671421051,0.2796911597251892,0.0118338512256741,0.7088227868080139,0.2387254536151886,0.0158654879778623,0.7104521989822388,0.2093311250209808,0.0192647613584995,0.6878311038017273,0.2293184101581573,-0.0027008152101188,0.67961186170578,0.1682288646697998,-0.0072725638747215,0.6755092740058899,0.1323146075010299,-0.0086682867258787,0.672592043876648,0.104265421628952,-0.0090769380331039,0.6648969054222107,0.2308702319860458,-0.0083476025611162,0.6592091917991638,0.1588620990514755,-0.0163799431174993,0.6557163596153259,0.1142764091491699,-0.0192722138017416,0.654279351234436,0.0778786391019821,-0.0199367273598909,0.6425897479057312,0.2400968670845031,-0.0125835193321108,0.6396353840827942,0.172606810927391,-0.0201252307742834,0.6383989453315735,0.1306302547454834,-0.0230750665068626,0.6389557123184204,0.0973933488130569,-0.0236093048006296,0.6207877397537231,0.2578874230384826,-0.0154233947396278,0.619573712348938,0.2050490230321884,-0.0224368013441562,0.6203792691230774,0.1740707904100418,-0.0239248126745224,0.6222253441810608,0.1482094526290893,-0.0232201982289552,0.4447251558303833,0.6969427466392517,8.72691288122951e-08,0.467031717300415,0.6417725682258606,0.0069210729561746,0.5009593963623047,0.6106937527656555,0.0057203634642064,0.5378819704055786,0.5975043773651123,0.0040896395221352,0.5653477311134338,0.5868240594863892,0.0027300652582198,0.5364710092544556,0.634671688079834,-0.0096298186108469,0.591511607170105,0.6346866488456726,-0.0134179731830954,0.617970883846283,0.634564995765686,-0.0107907084748148,0.6354110836982727,0.6333590149879456,-0.0066305226646363,0.5414736866950989,0.6713331341743469,-0.0144623732194304,0.5987284183502197,0.6694005131721497,-0.0141601264476776,0.6218773722648621,0.6696696877479553,-0.0065074693411588,0.6334960460662842,0.670345664024353,0.0005025162245146,0.5407704710960388,0.7063949108123779,-0.0176798626780509,0.5940260291099548,0.7013131976127625,-0.016335841268301,0.6169432401657104,0.7001549601554871,-0.0062229963950812,0.6295824646949768,0.6996774673461914,0.0020621179137378,0.5352246165275574,0.7371333837509155,-0.0200065188109874,0.5797832608222961,0.729230523109436,-0.0166669711470603,0.5986465215682983,0.7262951135635376,-0.0067710406146943,0.6103105545043945,0.724699079990387,0.0025282092392444,0.7077023983001709,0.8307300209999084,-0.333337128162384,0.0929159820079803,0.8052173852920532,-0.6567436456680298,0.6679511070251465,0.3663360178470611,-0.848840057849884,0.4319611489772796,0.6986183524131775,-1.1835081577301023,Morning
0.6668123602867126,0.3646207153797149,1.596948351334504e-07,0.7001793384552002,0.3264421224594116,0.006453086156398,0.7110013961791992,0.2796810567378998,0.0097755920141935,0.7087460160255432,0.239088773727417,0.0126290414482355,0.7102414965629578,0.2092569917440414,0.0147654004395008,0.6886386871337891,0.2310494184494018,-0.0043124984949827,0.6802307367324829,0.1695712804794311,-0.0097680762410163,0.676340639591217,0.133800595998764,-0.0117412181571125,0.6734107732772827,0.1058393120765686,-0.012494146823883,0.6655382513999939,0.2322438210248947,-0.0101636862382292,0.6599500179290771,0.1598228812217712,-0.0184766557067632,0.6565025448799133,0.1150239259004592,-0.0216256231069564,0.6549813151359558,0.0788091719150543,-0.0225737169384956,0.6431456804275513,0.2411882132291793,-0.0147098200395703,0.6404204368591309,0.1730820685625076,-0.0224716607481241,0.6392502188682556,0.130891352891922,-0.0256148930639028,0.6398606300354004,0.0979548990726471,-0.0264202263206243,0.6212463974952698,0.2587212324142456,-0.0179709251970052,0.6202744841575623,0.2056528776884079,-0.0251407641917467,0.6211029291152954,0.1745055764913559,-0.0266066249459981,0.6231195330619812,0.1485487818717956,-0.0259514860808849,0.4448920488357544,0.6968914270401001,1.0451071830175353e-07,0.4669621586799621,0.6423701047897339,0.0052948561497032,0.5005638599395752,0.6111971735954285,0.003254689509049,0.5378665328025818,0.5979387164115906,0.001037235953845,0.5655067563056946,0.586959183216095,-0.0008387770503759,0.5354995727539062,0.6356244087219238,-0.0110667310655117,0.5906119346618652,0.6352012157440186,-0.0152434324845671,0.6173791289329529,0.6352216005325317,-0.0129018081352114,0.634933352470398,0.6343382596969604,-0.0090049412101507,0.5404252409934998,0.6719053387641907,-0.0154598020017147,0.5982981324195862,0.6688534617424011,-0.0161050781607627,0.6224982738494873,0.6688806414604187,-0.0094863325357437,0.6353098154067993,0.6695259809494019,-0.003197943791747,0.5401950478553772,0.7067497372627258,-0.0183219220489263,0.593699038028717,0.7003927230834961,-0.0175787042826414,0.6175376176834106,0.698900580406189,-0.0084699327126145,0.6312006711959839,0.6985867023468018,-0.0009407069301232,0.5351774096488953,0.7374983429908752,-0.0204431694000959,0.5796838402748108,0.7282329797744751,-0.0176252890378236,0.5995994806289673,0.7254157662391663,-0.0085687534883618,0.6126682758331299,0.7243946194648743,2.22066755668493e-05,0.7075789570808411,0.8307517766952515,-0.3341884016990661,0.0929365307092666,0.8052335977554321,-0.6630347967147827,0.6679474115371704,0.3668416440486908,-0.8513190150260925,0.4317613542079925,0.698556125164032,-1.195124864578247,Morning
0.667625904083252,0.3647192120552063,1.689345765498729e-07,0.7007735967636108,0.3272975385189056,0.0052148811519145,0.7113808989524841,0.2808363139629364,0.0076365722343325,0.7088042497634888,0.2401636838912964,0.009636141359806,0.7106505632400513,0.2102052271366119,0.0109080607071518,0.6888558864593506,0.2317641675472259,-0.0054145758040249,0.6805686354637146,0.1708249747753143,-0.0113686369732022,0.676638126373291,0.134959191083908,-0.0138829685747623,0.6736608743667603,0.1063581407070159,-0.0151020335033535,0.6656337380409241,0.2327032536268234,-0.0111038004979491,0.6600225567817688,0.1608731001615524,-0.0196101646870374,0.6566038727760315,0.1157409399747848,-0.0231480523943901,0.6551744341850281,0.0789316892623901,-0.0245195981115102,0.6432095170021057,0.2416058033704757,-0.0155893862247467,0.6403911709785461,0.1737503707408905,-0.0235014855861663,0.6392840147018433,0.1311213672161102,-0.026783000677824,0.6399438381195068,0.0974272489547729,-0.0278004426509141,0.6214375495910645,0.259098082780838,-0.0189362335950136,0.6205724477767944,0.2062218785285949,-0.0261155012995004,0.6213444471359253,0.1748638749122619,-0.0275062974542379,0.6231418251991272,0.1485242843627929,-0.0268910396844148,0.4447869658470154,0.696527361869812,8.407141649513505e-08,0.4670195281505584,0.6422910690307617,0.0062089823186397,0.5008152723312378,0.6110621094703674,0.0048159281723201,0.5380999445915222,0.5980948209762573,0.0031504333019256,0.5657803416252136,0.5877975225448608,0.0018811341142281,0.5370979905128479,0.6359002590179443,-0.0096652619540691,0.5910959839820862,0.6347670555114746,-0.0134317940101027,0.6172500252723694,0.6346381306648254,-0.0108505105599761,0.634335994720459,0.6337756514549255,-0.0067796357907354,0.542037308216095,0.6725448369979858,-0.014155151322484,0.5983555912971497,0.6695172786712646,-0.0140252551063895,0.6210523843765259,0.6707351803779602,-0.0064996844157576,0.6327937841415405,0.672555685043335,0.0004490241117309,0.5412492156028748,0.7075560688972473,-0.0171350520104169,0.593500018119812,0.7018696069717407,-0.0161132868379354,0.6164867877960205,0.7014246582984924,-0.0062212790362536,0.6297367215156555,0.7019069194793701,0.0019371270900592,0.5353609323501587,0.7384169101715088,-0.0192695911973714,0.5790376663208008,0.7292520999908447,-0.0161997191607952,0.5975043773651123,0.7263941764831543,-0.0064798616804182,0.6093538403511047,0.7254177331924438,0.0026882314123213,0.7075703144073486,0.8307591676712036,-0.3391955196857452,0.092865876853466,0.8054029941558838,-0.6620412468910217,0.667935311794281,0.3673601448535919,-0.8572683334350586,0.4316869378089905,0.6985355615615845,-1.193212866783142,Morning
0.6677300930023193,0.3645197749137878,1.664526791955723e-07,0.7011265754699707,0.3267344236373901,0.0063962922431528,0.7115681767463684,0.2804728150367737,0.0095068980008363,0.7092002034187317,0.2397495210170745,0.0122035956010222,0.7109078168869019,0.210175484418869,0.0141832465305924,0.6892309188842773,0.2321430444717407,-0.005188968963921,0.6808921694755554,0.1706947982311248,-0.0107504539191722,0.6768096685409546,0.1347164809703827,-0.0127508575096726,0.6736884713172913,0.1063053756952285,-0.0135472519323229,0.6657478213310242,0.2332016378641128,-0.0110025992617011,0.6602848768234253,0.1606944799423217,-0.0195733457803726,0.6568688750267029,0.1156281530857086,-0.0228647105395793,0.6554419994354248,0.0792484134435653,-0.0239019412547349,0.6431754231452942,0.2420107722282409,-0.0153864389285445,0.6404063701629639,0.1737334132194519,-0.0231648292392492,0.6395090222358704,0.1311768591403961,-0.026228042319417,0.6403641104698181,0.0978431850671768,-0.026987986639142,0.6215324997901917,0.2594632506370544,-0.0184728223830461,0.6207829117774963,0.2058670669794082,-0.0254440642893314,0.621688961982727,0.1745665073394775,-0.0267044026404619,0.6236504912376404,0.1483129858970642,-0.0259318388998508,0.4460388422012329,0.6978837251663208,9.068926232203013e-08,0.467441201210022,0.6421664953231812,0.0060250079259276,0.5008133053779602,0.6113906502723694,0.0046712975017726,0.5381121635437012,0.5986028909683228,0.0032834424637258,0.5654517412185669,0.587811291217804,0.0023642797023057,0.5374681353569031,0.6362316012382507,-0.0104293953627347,0.5918201208114624,0.6356887221336365,-0.0139717115089297,0.6180807948112488,0.6356127858161926,-0.0108146388083696,0.6352978944778442,0.634797990322113,-0.0062375017441809,0.5424473285675049,0.6735115051269531,-0.0145522011443972,0.5993579030036926,0.670007050037384,-0.0146121270954608,0.6225849986076355,0.6699024438858032,-0.0065882699564099,0.6347510814666748,0.6704389452934265,0.0009728354634717,0.5416586995124817,0.7086973786354065,-0.0171030666679143,0.594562828540802,0.7022014260292053,-0.0162284914404153,0.6179870367050171,0.7008063197135925,-0.0058283959515392,0.6315168142318726,0.7003652453422546,0.0029618558473885,0.535866916179657,0.7390472292900085,-0.0187858659774065,0.5798611044883728,0.729546844959259,-0.0157211944460868,0.5990644097328186,0.7265596389770508,-0.0057326946407556,0.6115690469741821,0.7253292202949524,0.0038227082695811,0.7075551748275757,0.8307483792304993,-0.351791650056839,0.0928653925657272,0.8055946230888367,-0.6618188619613647,0.6679229736328125,0.3677329123020172,-0.8695540428161621,0.4317123293876648,0.6985247135162354,-1.1927741765975952,Morning
0.6679198741912842,0.3645854592323303,1.678461103438167e-07,0.7012065649032593,0.3266998827457428,0.0061704735271632,0.7116216421127319,0.2803296446800232,0.0091012865304946,0.7092834115028381,0.239737719297409,0.0116193890571594,0.7109829783439636,0.2101828902959823,0.0134389596059918,0.6894866228103638,0.2319667041301727,-0.0053506232798099,0.6810911893844604,0.1706526279449463,-0.0111235957592725,0.6769174933433533,0.1346805691719055,-0.0132983578369021,0.6736968755722046,0.1062885224819183,-0.0142024885863065,0.6659477353096008,0.2331487089395523,-0.0111765740439295,0.6604475378990173,0.160748541355133,-0.0199424419552087,0.6569457054138184,0.1155649721622467,-0.0233443323522806,0.6553969979286194,0.0790678411722183,-0.0244520585983991,0.6432891488075256,0.242006629705429,-0.0156122632324695,0.6404981017112732,0.1737186163663864,-0.0235453695058822,0.63948655128479,0.1311835944652557,-0.0265970844775438,0.6402052640914917,0.0977892279624939,-0.0273267291486263,0.6215216517448425,0.2594271600246429,-0.018781142309308,0.6207703948020935,0.2058073133230209,-0.0258633270859718,0.6216227412223816,0.1745100021362304,-0.0271136760711669,0.623465359210968,0.1482666134834289,-0.0263134390115737,0.4462599158287048,0.6987112164497375,8.9010249837429e-08,0.4672476351261139,0.6431277990341187,0.0061122179031372,0.5004830956459045,0.6117787957191467,0.0049618259072303,0.5376680493354797,0.598455548286438,0.0037916174624115,0.5651670098304749,0.5875524878501892,0.0032095748465508,0.5370609760284424,0.6356805562973022,-0.0101405242457985,0.5916524529457092,0.6351547241210938,-0.0137721421197056,0.6176877021789551,0.6355206370353699,-0.0104869930073618,0.6345003247261047,0.6352002024650574,-0.0056515894830226,0.5421031713485718,0.6727918386459351,-0.0140635734423995,0.5990603566169739,0.6693001389503479,-0.0145551282912492,0.6219933032989502,0.669489324092865,-0.0064054778777062,0.6334115862846375,0.6701390743255615,0.0015416532987728,0.541532576084137,0.7079830765724182,-0.016427980735898,0.5942817330360413,0.7015662789344788,-0.0159638859331607,0.6172166466712952,0.7001736164093018,-0.0054477681405842,0.6299160718917847,0.6994258761405945,0.0037962605711072,0.5360503196716309,0.7385313510894775,-0.0178716350346803,0.5802160501480103,0.7291810512542725,-0.0148388296365737,0.5993863940238953,0.7258235812187195,-0.0047166827134788,0.6115238070487976,0.7240734100341797,0.0051393480971455,0.7074254155158997,0.8307312726974487,-0.3599514365196228,0.0928582698106765,0.8058199286460876,-0.6621575355529785,0.6679005026817322,0.3677926957607269,-0.8785872459411621,0.4317003190517425,0.698526918888092,-1.1928181648254397,Morning
0.6675090193748474,0.3641479611396789,1.61190897074448e-07,0.701014518737793,0.3264553248882293,0.0076021989807486,0.7112784385681152,0.2803894281387329,0.0113968746736645,0.7092152833938599,0.2393681854009628,0.0146508906036615,0.7114553451538086,0.209964320063591,0.0171671863645315,0.6895579695701599,0.2321076840162277,-0.0040195491164922,0.6813631653785706,0.1704971492290496,-0.0089668156579136,0.6772313714027405,0.1347437500953674,-0.0103901484981179,0.6741539835929871,0.1066229939460754,-0.010808159597218,0.6660400629043579,0.2328711301088333,-0.010094141587615,0.6605368256568909,0.1601264029741287,-0.0185888707637786,0.6570498943328857,0.1151203364133834,-0.0216509290039539,0.6556728482246399,0.078867882490158,-0.0224081091582775,0.6434182524681091,0.2414471209049224,-0.014603859744966,0.640531063079834,0.1732746362686157,-0.0222638770937919,0.6395038962364197,0.1308877766132354,-0.0251019168645143,0.6403264999389648,0.0976157635450363,-0.0255963541567325,0.6217115521430969,0.2588393688201904,-0.0176749229431152,0.6206332445144653,0.2050656974315643,-0.024324182420969,0.6215047240257263,0.1742271184921264,-0.0253012962639331,0.6234616637229919,0.1483633816242218,-0.0242935009300708,0.4457149505615234,0.6977904438972473,1.0359100599544037e-07,0.4672159552574157,0.6429884433746338,0.005027653183788,0.5008565187454224,0.6118597984313965,0.0031797466799616,0.5381888151168823,0.5986258387565613,0.0013449441175907,0.565876305103302,0.5877261161804199,-3.0300368962343786e-05,0.5375168323516846,0.6358088254928589,-0.010713092982769,0.591775119304657,0.6351912021636963,-0.0148444874212145,0.6182875633239746,0.6356146335601807,-0.0124830724671483,0.6354467868804932,0.6354640126228333,-0.0084961429238319,0.5422622561454773,0.6728616952896118,-0.0146536650136113,0.5990866422653198,0.6693957448005676,-0.0152553832158446,0.6226649284362793,0.67031329870224,-0.0082149701192975,0.635699450969696,0.6719505786895752,-0.0015159909380599,0.5415743589401245,0.7080380916595459,-0.0171577464789152,0.5938441753387451,0.7015120983123779,-0.0167313851416111,0.6173776984214783,0.700595498085022,-0.0072553800418972,0.6312875151634216,0.7007541060447693,0.000780654430855,0.5361050963401794,0.7387098073959351,-0.0189008321613073,0.580082356929779,0.7287379503250122,-0.0161608271300792,0.5995188355445862,0.7253550887107849,-0.0067073022946715,0.6124772429466248,0.7238885760307312,0.0023162569850683,0.7074147462844849,0.8307116031646729,-0.3663211464881897,0.0928134694695472,0.8061988353729248,-0.6605029106140137,0.6678863763809204,0.3678119480609894,-0.8839324712753296,0.4316186010837555,0.6985195279121399,-1.1879374980926514,Morning
0.6679477691650391,0.36370649933815,1.5796211982888053e-07,0.7010805606842041,0.3262699246406555,0.0070566316135227,0.7114103436470032,0.2803009450435638,0.0104777999222278,0.7090148329734802,0.2393772155046463,0.0133834350854158,0.7111292481422424,0.2099324464797973,0.0155214304104447,0.6894485950469971,0.2329415082931518,-0.0044435709714889,0.681105375289917,0.1712440252304077,-0.0095865651965141,0.6769025325775146,0.1356785893440246,-0.0111739551648497,0.6737262010574341,0.1077911406755447,-0.0116625297814607,0.6659490466117859,0.2335240244865417,-0.0104237310588359,0.6603055000305176,0.1606194525957107,-0.0187127422541379,0.6567121148109436,0.1155353039503097,-0.0216312315315008,0.6552363634109497,0.0792448967695236,-0.0223320964723825,0.6433857083320618,0.2418650686740875,-0.0149416550993919,0.6404517889022827,0.173263669013977,-0.0225669872015714,0.6394292712211609,0.1307931244373321,-0.0253674332052469,0.640273928642273,0.0974742323160171,-0.0258780568838119,0.6216801404953003,0.2589342296123504,-0.0180760249495506,0.6206791400909424,0.2049065232276916,-0.0248883180320262,0.6216843128204346,0.1737991273403167,-0.0258794762194156,0.6238871812820435,0.1477141082286834,-0.0248705688863992,0.446469098329544,0.6980818510055542,9.152726221373086e-08,0.4681397080421448,0.6434825658798218,0.0042399642989039,0.5015885233879089,0.6124652028083801,0.0021874906960874,0.5383660197257996,0.5995374321937561,0.0001380835747113,0.5661176443099976,0.589224636554718,-0.0013215233338996,0.5385364294052124,0.6389199495315552,-0.0100029716268181,0.5926718711853027,0.6381874680519104,-0.0142158297821879,0.6185287833213806,0.6371505856513977,-0.0125281447544693,0.635019063949585,0.6357330679893494,-0.0091386707499623,0.5429816246032715,0.6759700775146484,-0.0139203192666172,0.5996126532554626,0.6725445985794067,-0.0144288856536149,0.6225109100341797,0.67173832654953,-0.0080918166786432,0.6341150999069214,0.6713969111442566,-0.0020562289282679,0.5420106649398804,0.7102002501487732,-0.0165815036743879,0.5947552919387817,0.7041624784469604,-0.0161147769540548,0.6174532175064087,0.7020887732505798,-0.0069631757214665,0.6299494504928589,0.7009018659591675,0.0006785783916711,0.5363301634788513,0.7394328713417053,-0.018645092844963,0.5799493789672852,0.7308441996574402,-0.0162691231817007,0.5974414348602295,0.7271537780761719,-0.0070513784885406,0.607597291469574,0.7253510355949402,0.001794789917767,0.7074006795883179,0.8307213187217712,-0.3718100190162658,0.0928121581673622,0.8063720464706421,-0.6631460785865784,0.6678708791732788,0.3678159713745117,-0.8907766342163086,0.4316787123680115,0.6984937787055969,-1.1911827325820925,Morning
0.6677823066711426,0.3628881573677063,1.709279757733384e-07,0.701031506061554,0.3255766034126282,0.0064238095656037,0.7116626501083374,0.2798202335834503,0.0095467893406748,0.7091618776321411,0.2396132797002792,0.0121422437950968,0.7110228538513184,0.2101404964923858,0.0140179358422756,0.6888052225112915,0.2314158976078033,-0.0042415582574903,0.6807757019996643,0.170405775308609,-0.00950288772583,0.6767994165420532,0.1352195143699646,-0.0113179078325629,0.6739022731781006,0.107572317123413,-0.0119564849883317,0.6654425859451294,0.2320528775453567,-0.0101168826222419,0.6601032614707947,0.1601165384054184,-0.0184468273073434,0.6566964983940125,0.1153993904590606,-0.0216540656983852,0.6553968191146851,0.079377457499504,-0.0225818026810884,0.6429977416992188,0.2408268302679062,-0.0146466894075274,0.6402366757392883,0.1731927543878555,-0.0222876071929931,0.6393418908119202,0.1310339272022247,-0.0252894479781389,0.6403539776802063,0.0978424251079559,-0.0259684324264526,0.6212862730026245,0.2584739923477173,-0.0178747233003377,0.6202938556671143,0.2054370194673538,-0.0244994740933179,0.6212043166160583,0.1747083365917205,-0.0254136212170124,0.6232460141181946,0.1488575190305709,-0.0243979264050722,0.4471927583217621,0.6988392472267151,5.66453195460781e-08,0.4684752821922302,0.6437358260154724,0.0050834664143621,0.5020780563354492,0.6124594211578369,0.0038305029738694,0.5387111902236938,0.5994184613227844,0.0021470268256962,0.5663843750953674,0.5887559056282043,0.0009525470668449,0.5394463539123535,0.6374087333679199,-0.0063692675903439,0.5923908948898315,0.6367320418357849,-0.0096227144822478,0.617211639881134,0.6362454891204834,-0.008190669119358,0.6334327459335327,0.6347301006317139,-0.0053513296879827,0.5442984700202942,0.6739441156387329,-0.0105639826506376,0.598309338092804,0.6712743043899536,-0.0093869138509035,0.6177743077278137,0.6717529296875,-0.0031518465839326,0.6266599893569946,0.6720781326293945,0.0022605150006711,0.5433517098426819,0.7082905173301697,-0.0136389881372451,0.5937232375144958,0.7027899026870728,-0.0115084303542971,0.6129962205886841,0.7012709379196167,-0.0021857616957277,0.6228928565979004,0.7003029584884644,0.0049106813967227,0.5379701256752014,0.7380064129829407,-0.016199667006731,0.5803492069244385,0.7300808429718018,-0.0128892604261636,0.595797061920166,0.7266808748245239,-0.0036167581565678,0.6043294668197632,0.7249208688735962,0.0048593427054584,0.7075716257095337,0.8306773900985718,-0.3721854090690613,0.0928099602460861,0.8064776062965393,-0.6759053468704224,0.6678601503372192,0.3676643371582031,-0.8872861862182617,0.4316756725311279,0.6984565854072571,-1.205078363418579,Morning
0.667168378829956,0.3638234436511993,1.6490173493366458e-07,0.7007536888122559,0.3266128301620483,0.0061420877464115,0.7115087509155273,0.2811195254325866,0.0090040834620594,0.7088420987129211,0.2404896020889282,0.0113998185843229,0.7108458876609802,0.2106460630893707,0.0130531536415219,0.6891252398490906,0.2329250872135162,-0.0049474807456135,0.6806325912475586,0.1718740463256836,-0.0105101838707923,0.6763426065444946,0.1364191174507141,-0.0124614490196108,0.673124372959137,0.1085493415594101,-0.0132129322737455,0.665770947933197,0.2330992519855499,-0.0107896225526928,0.660082995891571,0.1610250473022461,-0.0195352230221033,0.6563591957092285,0.1160766333341598,-0.0228036753833293,0.6549338698387146,0.0797733962535858,-0.0237225834280252,0.6432915925979614,0.2413862943649292,-0.0152846882119774,0.6404096484184265,0.1734863966703415,-0.0232141185551881,0.6393121480941772,0.131214752793312,-0.0260432139039039,0.640268862247467,0.0978535562753677,-0.0265604555606842,0.621448278427124,0.2586701214313507,-0.0185131262987852,0.6205833554267883,0.2052183896303177,-0.0253427382558584,0.6215412616729736,0.1741472780704498,-0.0262330323457717,0.6238203644752502,0.1477611809968948,-0.0251584071666002,0.4473867416381836,0.6977086663246155,1.0311622844483281e-07,0.4691783785820007,0.6432242393493652,0.0042915721423923,0.5024093389511108,0.6135404706001282,0.0020094062201678,0.5395500659942627,0.6012087464332581,-0.0003814586671069,0.5668097138404846,0.5892046689987183,-0.0024809020105749,0.5383647084236145,0.6370325088500977,-0.0101186959072947,0.5922989845275879,0.6367920637130737,-0.0140941785648465,0.6184654831886292,0.63680499792099,-0.0124138882383704,0.6354014277458191,0.6361326575279236,-0.0092375185340642,0.5434820055961609,0.6742340922355652,-0.0140807684510946,0.5990575551986694,0.6714364290237427,-0.0136136775836348,0.621691107749939,0.6725015640258789,-0.0074624172411859,0.6335709095001221,0.6740711331367493,-0.0020223611500114,0.5428205728530884,0.7092198133468628,-0.016740133985877,0.5945041179656982,0.7030553817749023,-0.0153144327923655,0.6173810362815857,0.7026461362838745,-0.0068822856992483,0.6306043863296509,0.7029648423194885,-0.0004234387015458,0.5373066067695618,0.739032506942749,-0.0187853723764419,0.5793908834457397,0.7301267981529236,-0.0160922184586524,0.5977123975753784,0.7279233932495117,-0.0075925486162304,0.6099140048027039,0.7269959449768066,0.0003059368173126,0.7078091502189636,0.8305076956748962,-0.3716508746147156,0.0928084105253219,0.8066825866699219,-0.6824634671211243,0.6678482294082642,0.3672011196613312,-0.8858489990234375,0.4313944280147552,0.6984595060348511,-1.2173283100128174,Morning
0.667451798915863,0.3630706071853637,1.6959538129412977e-07,0.7009050250053406,0.3265797197818756,0.0054323151707649,0.7118425965309143,0.2808339595794678,0.0082816267386078,0.709252119064331,0.2398962527513504,0.0106716686859726,0.7110890746116638,0.2099732756614685,0.0123519366607069,0.6886864304542542,0.2315651774406433,-0.004341599997133,0.6803483963012695,0.1708822250366211,-0.0097883595153689,0.6761442422866821,0.135460078716278,-0.0119935888797044,0.6729462146759033,0.1073568612337112,-0.0129955969750881,0.6653551459312439,0.2320275604724884,-0.0098809888586401,0.6596807837486267,0.1608433723449707,-0.0181329566985368,0.656263530254364,0.1163123100996017,-0.0215404890477657,0.6549509763717651,0.0803705006837844,-0.0227211769670248,0.6429678201675415,0.2408097684383392,-0.0142392227426171,0.6397092938423157,0.173702985048294,-0.0218731071799993,0.6385981440544128,0.1316565871238708,-0.0249241422861814,0.6393710374832153,0.0985700041055679,-0.0257033854722976,0.6212512254714966,0.2583772540092468,-0.0174475256353616,0.620337188243866,0.2053233832120895,-0.0241280384361743,0.6212113499641418,0.1743410229682922,-0.0251591242849826,0.623189389705658,0.1483476459980011,-0.0242711491882801,0.447641372680664,0.6985348463058472,9.262667788334512e-08,0.4688807725906372,0.643210768699646,0.005121296737343,0.5019915699958801,0.6133745908737183,0.0031479226890951,0.5389021039009094,0.6007656455039978,0.0010473340516909,0.5662373304367065,0.5886169075965881,-0.0007935346220619,0.5379866361618042,0.637150228023529,-0.0106900827959179,0.5927879214286804,0.6370029449462891,-0.0150913754478096,0.6191299557685852,0.637090265750885,-0.0132242031395435,0.6363434791564941,0.6364372968673706,-0.0096515547484159,0.5432390570640564,0.6744333505630493,-0.0148144988343119,0.5995044708251953,0.6716407537460327,-0.015127083286643,0.621829628944397,0.6720860004425049,-0.0083975289016962,0.6327863931655884,0.6731747388839722,-0.0020861469674855,0.5428993105888367,0.7093226313591003,-0.0175175182521343,0.595258355140686,0.7027713656425476,-0.0168257597833871,0.6181484460830688,0.7014263868331909,-0.0076097487471997,0.6311629414558411,0.7010358572006226,-1.854488073149696e-05,0.5381413698196411,0.7390502691268921,-0.0194639824330806,0.5820160508155823,0.7300154566764832,-0.0173705723136663,0.6019744277000427,0.7275792360305786,-0.0086591774597764,0.6156126856803894,0.7264072299003601,-0.0001682407309999,0.7077250480651855,0.8303203582763672,-0.3709339499473572,0.0930670872330665,0.8067067265510559,-0.6817581057548523,0.6678382158279419,0.367051899433136,-0.8812029957771301,0.4313899874687195,0.6984764337539673,-1.21550714969635,Morning
0.6670868992805481,0.3629847168922424,1.712831902977996e-07,0.7007373571395874,0.3267228901386261,0.0056529007852077,0.71160888671875,0.2813731431961059,0.0084542986005544,0.7089713215827942,0.2401462793350219,0.0109156444668769,0.7113152146339417,0.2102891504764557,0.0126871448010206,0.6886172890663147,0.2320693284273147,-0.0048057571984827,0.6801050901412964,0.1709426641464233,-0.0100399954244494,0.6759459972381592,0.1356029212474823,-0.0119200171902775,0.6729238033294678,0.1076787114143371,-0.0126623651012778,0.6651332378387451,0.2321929186582565,-0.0101774428039789,0.6594864726066589,0.160487875342369,-0.0182706136256456,0.656119167804718,0.1159481555223465,-0.0213546697050333,0.6549981236457825,0.0801157504320144,-0.022276060655713,0.6426978707313538,0.2407296299934387,-0.0142540326341986,0.6396373510360718,0.17325359582901,-0.02165237814188,0.6387462019920349,0.1312827914953231,-0.0244884975254535,0.63984215259552,0.0984363704919815,-0.0251292996108531,0.621187686920166,0.2582748532295227,-0.0171197541058063,0.6201767921447754,0.2048944681882858,-0.0235052667558193,0.6210523247718811,0.1740936785936355,-0.0243400782346725,0.6230694055557251,0.1482686698436737,-0.0233196821063756,0.4472696185111999,0.6985617280006409,1.1337272809441859e-07,0.4692223072052002,0.6434283256530762,0.0036012786440551,0.502875566482544,0.6135541796684265,0.000950698798988,0.5397144556045532,0.6008418202400208,-0.0015061799203976,0.5671578645706177,0.5887159109115601,-0.0035857493057847,0.5380186438560486,0.6386223435401917,-0.0125208543613553,0.592839777469635,0.6380524039268494,-0.0175671000033617,0.6195127964019775,0.6383194327354431,-0.0159422662109136,0.6365980505943298,0.6379687786102295,-0.0124418959021568,0.5427091717720032,0.6761242151260376,-0.0162461139261722,0.5996066331863403,0.6723355650901794,-0.0178352389484643,0.6240422129631042,0.6723335385322571,-0.0121218198910355,0.6367043852806091,0.6729464530944824,-0.0063709467649459,0.5423491597175598,0.7108866572380066,-0.0186177231371402,0.5950220227241516,0.7033237218856812,-0.0190410465002059,0.6195597052574158,0.7018779516220093,-0.0109520787373185,0.6337758302688599,0.7015260457992554,-0.0038968422450125,0.5377115607261658,0.7403587102890015,-0.0203120410442352,0.5819355845451355,0.7304244041442871,-0.0190288797020912,0.6029866933822632,0.7282091379165649,-0.011072814464569,0.6174618601799011,0.727610170841217,-0.0030287059489637,0.707740068435669,0.830117404460907,-0.3683019578456878,0.09315125644207,0.8068813681602478,-0.680895209312439,0.6678439378738403,0.3668179512023926,-0.8777363896369934,0.4313690662384033,0.698523223400116,-1.214613676071167,Morning
0.6668698191642761,0.3631546795368194,1.7013418585065665e-07,0.7006572484970093,0.3269366919994354,0.0055755116045475,0.7115635871887207,0.2816211879253387,0.0082976203411817,0.7088956236839294,0.2402999699115753,0.0106981601566076,0.7111487984657288,0.2103835195302963,0.0123955300077795,0.688653290271759,0.232571929693222,-0.0050135380588471,0.6800621151924133,0.171230286359787,-0.0102849397808313,0.67589271068573,0.1359315812587738,-0.0121754622086882,0.6728755831718445,0.1080872267484664,-0.0129121206700801,0.6650600433349609,0.2326392084360122,-0.0103585803881287,0.6593698263168335,0.1606851518154144,-0.0185199156403541,0.6560107469558716,0.1160143464803695,-0.02166099101305,0.6549701690673828,0.0800060927867889,-0.0226161759346723,0.6425824761390686,0.2410561293363571,-0.0143965054303407,0.6396142840385437,0.1733278930187225,-0.0218512993305921,0.6388022303581238,0.1312297582626342,-0.0247276481240987,0.6400215029716492,0.0982560068368911,-0.0253901183605194,0.6210688948631287,0.2584721446037292,-0.017216445878148,0.6200737953186035,0.2049531191587448,-0.0236129518598318,0.6210495829582214,0.1741523891687393,-0.0244150981307029,0.623224675655365,0.1482735276222229,-0.0233699288219213,0.4471453726291656,0.6987919211387634,1.0409875983441452e-07,0.4689152836799621,0.6434462666511536,0.00399522902444,0.5025546550750732,0.6135100722312927,0.0016929619014263,0.5395384430885315,0.6009985208511353,-0.0004802060138899,0.5670770406723022,0.5886859893798828,-0.0022162531968206,0.5381118655204773,0.6382944583892822,-0.0115167656913399,0.5926781892776489,0.6377500891685486,-0.0160186477005481,0.6188197731971741,0.6379083395004272,-0.0138709917664527,0.6356252431869507,0.6373763084411621,-0.0100158816203475,0.5428406596183777,0.6756129860877991,-0.0152714531868696,0.5994767546653748,0.6722009181976318,-0.0163947828114032,0.6231421828269958,0.6722811460494995,-0.0101154474541544,0.63514244556427,0.6728858351707458,-0.0038780933246016,0.5423316359519958,0.7102441787719727,-0.0177029687911272,0.5949042439460754,0.7030161619186401,-0.0177369676530361,0.6188664436340332,0.7014314532279968,-0.0090614184737205,0.632675051689148,0.700798749923706,-0.0015456876717507,0.5375993847846985,0.7396953105926514,-0.0194561835378408,0.5818662047386169,0.7300863265991211,-0.0178272034972906,0.6026211380958557,0.7279371023178101,-0.0095154447481036,0.6168500781059265,0.7273473143577576,-0.0011612678645178,0.7077566981315613,0.8299376368522644,-0.3677449822425842,0.0931993275880813,0.8069618940353394,-0.6803488731384277,0.6678379774093628,0.3666132986545563,-0.8773293495178223,0.4313642978668213,0.6985741853713989,-1.2134078741073608,Morning
0.6672873497009277,0.363096535205841,1.5641923312159633e-07,0.7010412216186523,0.3268246948719024,0.0077477246522903,0.711728036403656,0.281487375497818,0.0118687711656093,0.7095580101013184,0.2401487678289413,0.0155516676604747,0.7116526365280151,0.2104987651109695,0.0185176078230142,0.6890856027603149,0.2321242094039917,-0.0034103533253073,0.680432140827179,0.1706840097904205,-0.0077414256520569,0.6763862371444702,0.1355870813131332,-0.0087704183533787,0.6735677719116211,0.1082740426063537,-0.0088695511221885,0.6654144525527954,0.2327551245689392,-0.0091346260160207,0.659738302230835,0.1601781696081161,-0.0169643498957157,0.6563805341720581,0.1158213764429092,-0.0195455644279718,0.6552868485450745,0.0800793319940567,-0.0199541356414556,0.642905056476593,0.2414001077413559,-0.0132912741973996,0.6402851343154907,0.1732195913791656,-0.0203889459371566,0.6394209265708923,0.13125079870224,-0.022925030440092,0.640529990196228,0.0984769165515899,-0.0232139062136411,0.6214114427566528,0.2590947449207306,-0.0159681905061006,0.6203372478485107,0.2052294164896011,-0.022050792351365,0.6212838292121887,0.1743586361408233,-0.0227114707231521,0.623503565788269,0.1485403627157211,-0.0214946083724498,0.4475821256637573,0.6997998952865601,9.300929093569721e-08,0.4693665206432342,0.6444631814956665,0.0034481703769415,0.5031377077102661,0.6144073009490967,0.0007619033567607,0.5402854084968567,0.6020233631134033,-0.0019734189845621,0.5682739615440369,0.5901715159416199,-0.0042889644391834,0.540234386920929,0.6412009596824646,-0.0105167124420404,0.5937269330024719,0.639012336730957,-0.0151985744014382,0.6194953322410583,0.6385790705680847,-0.0136791160330176,0.635922908782959,0.6380144357681274,-0.0104118417948484,0.5448752641677856,0.6783958673477173,-0.0143872518092393,0.599983811378479,0.6737071871757507,-0.0149049283936619,0.6224027276039124,0.673669695854187,-0.0087713962420821,0.633875846862793,0.67486572265625,-0.0029134601354599,0.5441174507141113,0.7127255797386169,-0.0171734616160392,0.5954486131668091,0.7048689723014832,-0.0167738925665617,0.6193383932113647,0.7035044431686401,-0.0079921819269657,0.633431613445282,0.7036682963371277,-0.0007681733113713,0.5391320586204529,0.7416174411773682,-0.0194694977253675,0.5820934176445007,0.7315081357955933,-0.018237454816699,0.6030471324920654,0.7295137643814087,-0.0102851437404751,0.6180050373077393,0.7293550372123718,-0.002265112940222,0.7077677845954895,0.8293525576591492,-0.3645979166030884,0.0933015644550323,0.8071014881134033,-0.6799143552780151,0.6678820252418518,0.3666314482688904,-0.8630631566047668,0.431359589099884,0.6989036202430725,-1.212421417236328,Morning
0.6674155592918396,0.3639525175094604,1.4415755344998618e-07,0.7012048959732056,0.3271663784980774,0.0087327677756547,0.7120264768600464,0.2821682393550873,0.0131207033991813,0.7100884318351746,0.24079130589962,0.0169534124433994,0.7121918797492981,0.2108664363622665,0.0200142972171306,0.6903810501098633,0.233503982424736,-0.0034108546096831,0.68116694688797,0.1716898083686828,-0.0078396061435341,0.6766733527183533,0.1363459229469299,-0.0086781280115246,0.6735943555831909,0.1089819371700286,-0.0085591580718755,0.6666601896286011,0.2336686998605728,-0.0095308599993586,0.6605311632156372,0.1606218218803405,-0.0176162924617528,0.6568078398704529,0.1162368059158325,-0.0199935138225555,0.6554945707321167,0.0805626064538955,-0.0201600976288318,0.6439293026924133,0.2417790442705154,-0.0139448773115873,0.6410716772079468,0.1735855787992477,-0.0210997723042964,0.6398355960845947,0.1317839920520782,-0.0232837591320276,0.6406158804893494,0.0992087125778198,-0.0232553612440824,0.622133195400238,0.258982241153717,-0.0167863685637712,0.6211005449295044,0.204645425081253,-0.0228630788624286,0.6219257116317749,0.1736572682857513,-0.0233697518706321,0.6239850521087646,0.1476653516292572,-0.0219901539385318,0.4480754733085632,0.6997478008270264,8.079801006033449e-08,0.4692422449588775,0.6444395780563354,0.0044644600711762,0.5027563571929932,0.6140046715736389,0.0024545427877455,0.5397893190383911,0.6013456583023071,0.0002001009852392,0.5676510334014893,0.5898734331130981,-0.0017603626474738,0.5401514172554016,0.6386003494262695,-0.0088664097711443,0.5933526754379272,0.6378917098045349,-0.0128044970333576,0.6184390187263489,0.6381392478942871,-0.0110535873100161,0.6349643468856812,0.6375452280044556,-0.0078307371586561,0.5448395013809204,0.6753026247024536,-0.0131211560219526,0.5998439788818359,0.6721110939979553,-0.01314661744982,0.6216456890106201,0.6719257235527039,-0.0071915760636329,0.6323596835136414,0.6721872687339783,-0.0016288529150187,0.5439004302024841,0.7097184658050537,-0.0162320788949728,0.5955808162689209,0.7023583650588989,-0.0154061606153845,0.618782103061676,0.7002965807914734,-0.00711769470945,0.6322789192199707,0.6989778876304626,-0.0004563397087622,0.5389745831489563,0.7392722368240356,-0.0187254846096038,0.5825386643409729,0.7297595143318176,-0.017284158617258,0.6036437153816223,0.7279696464538574,-0.0097026182338595,0.6189842224121094,0.7274813055992126,-0.0021672248840332,0.708022952079773,0.82888263463974,-0.3625123798847198,0.0935535132884979,0.8071519732475281,-0.6856474280357361,0.6679672002792358,0.366618275642395,-0.8582707643508911,0.4314364492893219,0.6990810036659241,-1.2188489437103271,Morning
0.6681572198867798,0.3643909990787506,1.473032682497433e-07,0.7015650868415833,0.3267324268817901,0.0084035536274313,0.7119528651237488,0.2812509536743164,0.0123515669256448,0.7102737426757812,0.2399498373270034,0.0155281201004982,0.7127267718315125,0.210352748632431,0.0177612863481044,0.690498948097229,0.2334693968296051,-0.0035568051971495,0.68128502368927,0.1720111668109893,-0.008423370309174,0.676673173904419,0.1366223692893982,-0.009823365136981,0.6731691360473633,0.108810931444168,-0.0102035934105515,0.6668773293495178,0.2339446246623993,-0.0100939869880676,0.6608628630638123,0.1615646481513977,-0.0183189995586872,0.6570835709571838,0.1169064193964004,-0.0210416726768016,0.6555249094963074,0.0810459405183792,-0.0215646065771579,0.6441031694412231,0.242418959736824,-0.0150573411956429,0.6411696672439575,0.1745384186506271,-0.0225120205432176,0.6397854685783386,0.1324527412652969,-0.0249487664550542,0.6402223110198975,0.0994897037744522,-0.0251606348901987,0.6221269369125366,0.2598758935928345,-0.0185176208615303,0.6212773323059082,0.2054436653852462,-0.0249457545578479,0.6221854090690613,0.1743390262126922,-0.025561187416315,0.6242495775222778,0.1481613516807556,-0.0243088658899068,0.4481699466705322,0.6993852257728577,9.922086974256673e-08,0.4700563549995422,0.6444790959358215,0.0040886951610445,0.5035577416419983,0.6143894791603088,0.0018462215084582,0.540558934211731,0.6019716858863831,-0.0003811917267739,0.568182647228241,0.5903505086898804,-0.0022113653831183,0.5406635403633118,0.6404958367347717,-0.0108568742871284,0.594260573387146,0.6393048167228699,-0.0154793048277497,0.6200078725814819,0.6392424702644348,-0.0138714723289012,0.636375904083252,0.6385011672973633,-0.0104831727221608,0.5449824333190918,0.677545964717865,-0.0147484969347715,0.6003180742263794,0.6738247871398926,-0.0157497860491275,0.6237502694129944,0.6742881536483765,-0.0098718861117959,0.6357449889183044,0.6752501726150513,-0.0041205654852092,0.543940544128418,0.7120871543884277,-0.017380017787218,0.5950273275375366,0.7055310606956482,-0.0173201356083154,0.6194348335266113,0.7051276564598083,-0.0092057213187217,0.6337546110153198,0.7053220272064209,-0.0023308128584176,0.5385218858718872,0.7414829730987549,-0.0193532910197973,0.5813179612159729,0.7323387265205383,-0.0178039260208606,0.6020461320877075,0.7305889129638672,-0.0098684774711728,0.616544246673584,0.730423629283905,-0.0019549480639398,0.7086338996887207,0.8285230994224548,-0.3612456917762756,0.0935652926564216,0.8073294162750244,-0.6960357427597046,0.6682287454605103,0.3665743470191955,-0.8553582429885864,0.4316224455833435,0.6991806030273438,-1.2287224531173706,Morning
0.6677097082138062,0.3627296388149261,1.569118381894441e-07,0.7014179825782776,0.3259299397468567,0.0071340566501021,0.7121466994285583,0.280326783657074,0.0106123583391308,0.7102757096290588,0.2396311163902282,0.0134247904643416,0.7122895121574402,0.2103390544652938,0.0153705477714538,0.6898975372314453,0.2321679890155792,-0.0039082742296159,0.6808187961578369,0.1714282482862472,-0.0088367694988846,0.6765705347061157,0.1363491714000702,-0.010491550900042,0.6733570694923401,0.1086975932121276,-0.0111079169437289,0.6662312746047974,0.2326832413673401,-0.0099938390776515,0.660296618938446,0.1611445844173431,-0.0176105666905641,0.6568776369094849,0.1170939952135086,-0.0202841460704803,0.6555354595184326,0.0817229598760604,-0.0209914539009332,0.6435343027114868,0.2412621229887008,-0.0146987745538353,0.6406926512718201,0.1739518046379089,-0.021773811429739,0.6396523118019104,0.1322320401668548,-0.0243778396397829,0.6404073238372803,0.0995200872421264,-0.0249445270746946,0.6217570900917053,0.2585639953613281,-0.0180683657526969,0.6209011673927307,0.2054161876440048,-0.0243498086929321,0.6218044757843018,0.1746825575828552,-0.0250753704458475,0.6238583326339722,0.1489486396312713,-0.0240423940122127,0.4480143189430237,0.7003663182258606,1.0334359501484869e-07,0.4690472185611725,0.6454589366912842,0.0035644569434225,0.5021939277648926,0.6144739985466003,0.0008593274396844,0.5389600992202759,0.6017270088195801,-0.002029733499512,0.567123293876648,0.5908928513526917,-0.0045121116563677,0.5401584506034851,0.6383329629898071,-0.0103769805282354,0.5937581062316895,0.6384133696556091,-0.0152831971645355,0.6198117733001709,0.6391367316246033,-0.0139963673427701,0.6363869905471802,0.6391606330871582,-0.0109040224924683,0.5447370409965515,0.6746459603309631,-0.0147880194708704,0.6002569198608398,0.6723639369010925,-0.0160912331193685,0.6239460110664368,0.6737391352653503,-0.0106194010004401,0.6358686685562134,0.6754662990570068,-0.0051211705431342,0.543894350528717,0.7093517780303955,-0.0181269105523824,0.5954611301422119,0.703715980052948,-0.0182388499379158,0.6197346448898315,0.7038243412971497,-0.0101215485483407,0.6338858604431152,0.7045455574989319,-0.0032849726267158,0.5387204885482788,0.7396812438964844,-0.0209786482155323,0.5821371674537659,0.7315654158592224,-0.0199478939175605,0.6031335592269897,0.7302771806716919,-0.0122202755883336,0.6175264120101929,0.7304414510726929,-0.0043773888610303,0.7099705934524536,0.8282848596572876,-0.3628162741661072,0.094423271715641,0.8073543310165405,-0.694280743598938,0.6685611009597778,0.3665927946567535,-0.8724462389945984,0.4326578974723816,0.6992689371109009,-1.2263610363006592,Morning
0.6677525043487549,0.3624657094478607,1.5480492265851353e-07,0.7013837695121765,0.3257357776165008,0.0071719787083566,0.7119921445846558,0.2804756462574005,0.010580108501017,0.709960401058197,0.2400118708610534,0.0133668165653944,0.7120216488838196,0.210832267999649,0.0152672994881868,0.6902167201042175,0.2325142472982406,-0.0045393691398203,0.6810435056686401,0.171876385807991,-0.0097673395648598,0.6767957806587219,0.136732816696167,-0.0114795099943876,0.6736307144165039,0.109141930937767,-0.0120797380805015,0.6666658520698547,0.233017012476921,-0.0106997145339846,0.6606171727180481,0.1613282710313797,-0.0188057236373424,0.6570885181427002,0.1170621216297149,-0.0215406846255064,0.6556740999221802,0.0814916640520095,-0.0221868082880973,0.6439136862754822,0.241485595703125,-0.0154398353770375,0.6410483121871948,0.1739842295646667,-0.0229396279901266,0.6399092078208923,0.1322440803050995,-0.0255362018942832,0.6406234502792358,0.0994694977998733,-0.0259746741503477,0.6219508647918701,0.2587672770023346,-0.0188082233071327,0.6211235523223877,0.2053660303354263,-0.0254557151347398,0.6220530867576599,0.1745365858078003,-0.0262857172638177,0.6242088675498962,0.1486205905675888,-0.0252432562410831,0.4478598237037658,0.6993426084518433,1.1837440183626313e-07,0.4702290296554565,0.6452929973602295,0.0038389195688068,0.5034353733062744,0.6146464347839355,0.00103083869908,0.5399889945983887,0.6014912128448486,-0.0019475229782983,0.5678437948226929,0.5902619361877441,-0.0046434658579528,0.5399522185325623,0.6385418176651001,-0.0113645019009709,0.5941838622093201,0.6382167935371399,-0.0165519528090953,0.6206463575363159,0.6390928030014038,-0.0153948934748768,0.6374338865280151,0.6391251683235168,-0.0123506980016827,0.5445181727409363,0.6747457981109619,-0.0158138666301965,0.6005924940109253,0.672118604183197,-0.0174780879169702,0.6250464916229248,0.6736637353897095,-0.0124552939087152,0.6374436020851135,0.6754494905471802,-0.0073455711826682,0.5439965724945068,0.7094287872314453,-0.0190293379127979,0.5958369374275208,0.7034139037132263,-0.0194344501942396,0.6209799647331238,0.7037227153778076,-0.012154035270214,0.6356801390647888,0.7045372128486633,-0.0059338076971471,0.5391390323638916,0.739799976348877,-0.0216297712177038,0.5830051898956299,0.731285572052002,-0.0208205357193946,0.604941725730896,0.7304484248161316,-0.0136190615594387,0.6203740835189819,0.7308695316314697,-0.006238087080419,0.7105655670166016,0.8280369639396667,-0.3653310239315033,0.0955789387226104,0.8073870539665222,-0.6935729384422302,0.668833315372467,0.3667283952236175,-0.8894512057304382,0.4338901042938232,0.699332594871521,-1.2254868745803833,Morning
0.6674355268478394,0.3616810142993927,1.556604587449329e-07,0.701256275177002,0.3257925808429718,0.0072546969167888,0.7122117877006531,0.2808141112327575,0.0107977492734789,0.7100304365158081,0.239893838763237,0.0137908887118101,0.7122238874435425,0.210531085729599,0.015956949442625,0.6902523636817932,0.232252612709999,-0.0042120520956814,0.6811001896858215,0.170837789773941,-0.0090219527482986,0.6766549348831177,0.1356167793273925,-0.0103542981669306,0.6731858849525452,0.1082758903503418,-0.0106621496379375,0.6664409041404724,0.2328697890043258,-0.0101152658462524,0.6605294942855835,0.1609009802341461,-0.0178916715085506,0.6570409536361694,0.1168636679649353,-0.0203247386962175,0.6555177569389343,0.0817184150218963,-0.0207002982497215,0.6437102556228638,0.2413544207811355,-0.0145756946876645,0.6409227252006531,0.1740026772022247,-0.021693930029869,0.6397495865821838,0.1322426199913025,-0.0240969583392143,0.6402528882026672,0.0997489541769027,-0.0243695154786109,0.6220039129257202,0.2585562467575073,-0.0176485739648342,0.621243417263031,0.2049709409475326,-0.0237152688205242,0.622050404548645,0.1743641346693039,-0.0242300070822238,0.6240059733390808,0.149042010307312,-0.0229689292609691,0.4472337663173675,0.7003323435783386,1.0474177258856798e-07,0.4691465198993683,0.646490752696991,0.0039732377044856,0.5026512742042542,0.6151299476623535,0.0015997913433238,0.5397919416427612,0.6022906303405762,-0.0010420432081446,0.5678859353065491,0.5914106369018555,-0.0033882532734423,0.5401473641395569,0.6385912895202637,-0.0094419624656438,0.5936176180839539,0.6381051540374756,-0.0140835149213671,0.6197529435157776,0.6394957304000854,-0.0130690559744834,0.6370370984077454,0.6401985883712769,-0.0103736603632569,0.5447368621826172,0.6743913888931274,-0.0138129526749253,0.5995385050773621,0.6724110841751099,-0.0145220663398504,0.6229775547981262,0.6757560968399048,-0.0094618806615471,0.6356967687606812,0.6796296238899231,-0.0046786461025476,0.5438745617866516,0.7090574502944946,-0.0170783065259456,0.5942201018333435,0.704270601272583,-0.0168299470096826,0.6186974048614502,0.706173300743103,-0.0095381373539567,0.6335163116455078,0.7087417840957642,-0.0036374495830386,0.5386079549789429,0.7398086786270142,-0.0197943337261676,0.5812544822692871,0.7313921451568604,-0.0184968672692775,0.601739227771759,0.7307178974151611,-0.011135852895677,0.6160165071487427,0.7316115498542786,-0.0038689216598868,0.7106049656867981,0.8279016017913818,-0.3688413202762604,0.0960556119680404,0.8074551820755005,-0.7006767988204956,0.6688764691352844,0.3667193949222564,-0.8913370966911316,0.4343717098236084,0.6993405222892761,-1.2411774396896362,Morning
0.6670883893966675,0.3616424798965454,1.5274585507540905e-07,0.7012833952903748,0.3258111476898193,0.0069666313938796,0.7120621204376221,0.2809381783008575,0.0103409821167588,0.7098510265350342,0.2398464828729629,0.0133076356723904,0.7120622396469116,0.2105680853128433,0.0154374875128269,0.6904136538505554,0.2330341339111328,-0.005276508629322,0.6811310052871704,0.1714564263820648,-0.0103000970557332,0.6765097975730896,0.1362018287181854,-0.0116494474932551,0.6729294657707214,0.1089726537466049,-0.0119653800502419,0.6665329933166504,0.2332301437854766,-0.0110054360702633,0.6605596542358398,0.161111444234848,-0.0192669034004211,0.6569843292236328,0.1169868931174278,-0.0218885317444801,0.6555185317993164,0.0818940550088882,-0.0223577786237001,0.6436682343482971,0.2413655072450637,-0.0152235170826315,0.6408019661903381,0.1738502979278564,-0.0226972289383411,0.6395923495292664,0.1319339424371719,-0.0253083072602748,0.6401405334472656,0.0994902700185775,-0.0257089473307132,0.6218252182006836,0.2584414780139923,-0.0180250387638807,0.6211954355239868,0.2047969847917556,-0.0244459863752126,0.6221906542778015,0.1739700436592102,-0.0252450667321681,0.6243523955345154,0.1483571976423263,-0.0241733323782682,0.4468775987625122,0.7006579637527466,7.56477760432972e-08,0.4696633815765381,0.646949052810669,0.0055994759313762,0.5040671825408936,0.6158494353294373,0.0045309788547456,0.5401479601860046,0.6023905873298645,0.0028188202995806,0.5676024556159973,0.5936744809150696,0.0014789114939048,0.540885329246521,0.6396400332450867,-0.0066660707816481,0.5934178233146667,0.6400235891342163,-0.0108363796025514,0.6187764406204224,0.6411252617835999,-0.0099276797845959,0.6351808309555054,0.6418245434761047,-0.0072812954895198,0.5450455546379089,0.6754868030548096,-0.0112562663853168,0.5982925295829773,0.6745734810829163,-0.0108145680278539,0.6193944215774536,0.6782578229904175,-0.0048237792216241,0.6297935247421265,0.6820954084396362,0.000576299324166,0.5436827540397644,0.7104573249816895,-0.014732333831489,0.5929247140884399,0.7066646814346313,-0.0134671032428741,0.6140267848968506,0.7083821296691895,-0.0047939475625753,0.6253135204315186,0.7104314565658569,0.0021388814784586,0.5379347801208496,0.7416489124298096,-0.0176241677254438,0.5799826979637146,0.7337694764137268,-0.0151773188263177,0.596403956413269,0.7317031621932983,-0.0064486148767173,0.6056154370307922,0.7315561771392822,0.0018791615730151,0.710469663143158,0.8275253176689148,-0.3705617189407348,0.0965841189026832,0.8075807094573975,-0.6993191838264465,0.6688776016235352,0.3668849170207977,-0.902136504650116,0.4348542690277099,0.6997423768043518,-1.2381823062896729,Morning
0.6675585508346558,0.3622915744781494,1.4302513307029585e-07,0.7015155553817749,0.3266136050224304,0.0074882716871798,0.7124675512313843,0.2819198071956634,0.0112568335607647,0.7102676033973694,0.2407369762659073,0.0145325325429439,0.7122305631637573,0.2112440019845962,0.0169990248978137,0.691063642501831,0.2334825098514557,-0.0041898707859218,0.6814960837364197,0.1719415932893753,-0.0090001057833433,0.6766095161437988,0.1367881000041961,-0.0102388206869363,0.6727567911148071,0.1098602414131164,-0.01042200345546,0.6672948002815247,0.2338740974664688,-0.010056066326797,0.6611276865005493,0.1618511080741882,-0.0181469079107046,0.6572051644325256,0.1179699078202247,-0.0205711536109447,0.6553076505661011,0.0830459892749786,-0.0208254419267177,0.6443852782249451,0.2419606298208236,-0.0144274998456239,0.6416381597518921,0.1744256615638733,-0.0217870417982339,0.6399424076080322,0.1327344328165054,-0.0240951906889677,0.6399258375167847,0.100470632314682,-0.0241803061217069,0.6222445368766785,0.2588728964328766,-0.0173521116375923,0.6216303110122681,0.2050719857215881,-0.0236665233969688,0.6224929094314575,0.1742215007543563,-0.0242610853165388,0.62447589635849,0.148698627948761,-0.0229578036814928,0.4484394192695617,0.7009990215301514,1.089132055653863e-07,0.4706714451313019,0.6474726796150208,0.0036632136907428,0.5046790838241577,0.6165310144424438,0.0018488959176465,0.5402505397796631,0.6032100915908813,-0.0001530168810859,0.5668441653251648,0.5938555002212524,-0.0016977216582745,0.5416465401649475,0.6400600075721741,-0.0085924444720149,0.5936576724052429,0.640731930732727,-0.013169695623219,0.6195497512817383,0.6415727138519287,-0.0125617012381553,0.6365864276885986,0.6421977877616882,-0.010121121071279,0.5459068417549133,0.6762567162513733,-0.012438147328794,0.5996789932250977,0.6750956177711487,-0.0126361986622214,0.6228513717651367,0.6782164573669434,-0.0073337648063898,0.6359003782272339,0.6818747520446777,-0.0024171869736164,0.5447849035263062,0.7110956311225891,-0.0152622666209936,0.5941810607910156,0.7078355550765991,-0.0145028615370392,0.6167142391204834,0.7096035480499268,-0.0065354681573808,0.6299136281013489,0.7118215560913086,-7.938031194498762e-05,0.5390448570251465,0.7415042519569397,-0.0176659747958183,0.5804311037063599,0.7345545887947083,-0.0153548149392008,0.5974669456481934,0.7328273057937622,-0.0069126379676163,0.6075426340103149,0.7326297163963318,0.00114483514335,0.7104371786117554,0.8273489475250244,-0.3684428930282593,0.0967398658394813,0.8076136708259583,-0.6985592842102051,0.668910026550293,0.3673915863037109,-0.9005621075630188,0.4356797337532043,0.7003311514854431,-1.2375372648239136,Morning
0.7702376246452332,0.6120675802230835,2.580790976480785e-07,0.7210651636123657,0.5698543787002563,-0.0171439331024885,0.6908555626869202,0.501516580581665,-0.02411375567317,0.6821007132530212,0.4372940361499786,-0.0307252202183008,0.6709493398666382,0.3837738931179046,-0.0362408347427845,0.7151665091514587,0.4184706509113312,-0.0023424532264471,0.7080059051513672,0.3430036306381225,-0.0161517765372991,0.7047285437583923,0.3003629446029663,-0.0296779908239841,0.7034253478050232,0.2607737779617309,-0.0397251844406127,0.7436492443084717,0.4114358425140381,-0.0054733306169509,0.7360883355140686,0.3265939950942993,-0.0162276197224855,0.7319985032081604,0.276058554649353,-0.0279009267687797,0.7286507487297058,0.231945514678955,-0.0367837958037853,0.7719484567642212,0.4192478358745575,-0.012433623895049,0.7664020657539368,0.3392631411552429,-0.0235761478543281,0.7620491981506348,0.2920588254928589,-0.0308767743408679,0.7569898962974548,0.2518564462661743,-0.0363712571561336,0.8030619621276855,0.4384276270866394,-0.0218190103769302,0.8011640310287476,0.3751847147941589,-0.0317092686891555,0.7963709831237793,0.3346441388130188,-0.0351786203682422,0.7894281148910522,0.2984026670455932,-0.0375965908169746,0.0,0.0,0.0,0.0,0.0,0.0,0.0,0.0,0.0,0.0,0.0,0.0,0.0,0.0,0.0,0.0,0.0,0.0,0.0,0.0,0.0,0.0,0.0,0.0,0.0,0.0,0.0,0.0,0.0,0.0,0.0,0.0,0.0,0.0,0.0,0.0,0.0,0.0,0.0,0.0,0.0,0.0,0.0,0.0,0.0,0.0,0.0,0.0,0.0,0.0,0.0,0.0,0.0,0.0,0.0,0.0,0.0,0.0,0.0,0.0,0.0,0.0,0.0,0.7921911478042603,0.9729406833648682,-0.4288915991783142,0.1791774928569793,1.019101858139038,-0.0782084912061691,0.7678895592689514,0.6408042311668396,-0.7941297292709351,0.1921854019165039,1.4219294786453247,-0.2978196740150451,Bye
0.7704933285713196,0.610609233379364,2.5677420012470975e-07,0.7213093042373657,0.5691193342208862,-0.0173468776047229,0.6910936236381531,0.5012609958648682,-0.0244301427155733,0.6826645731925964,0.437281996011734,-0.0311025958508253,0.6715002059936523,0.3838770091533661,-0.0367236398160457,0.7155652046203613,0.4180903732776642,-0.0029698456637561,0.7084007859230042,0.3427274227142334,-0.0168580841273069,0.7051839828491211,0.3001012802124023,-0.0303794387727975,0.7040318250656128,0.2605329751968384,-0.0404545329511165,0.7440086603164673,0.4109362661838531,-0.0060438415966928,0.7365246415138245,0.3260819911956787,-0.0167993679642677,0.7325322031974792,0.2754929661750793,-0.0285204388201236,0.7293732762336731,0.2312785238027572,-0.0375081114470958,0.7721801996231079,0.4187657237052917,-0.0129253817722201,0.766358494758606,0.3389684855937958,-0.0239718742668628,0.7620872259140015,0.2918680906295776,-0.0313724465668201,0.7573347091674805,0.2515368461608886,-0.0370649956166744,0.8031107187271118,0.4380443096160888,-0.0222446527332067,0.8004772663116455,0.3755566477775574,-0.0321383215487003,0.795551061630249,0.3353959619998932,-0.0357510112226009,0.7888115048408508,0.2991980314254761,-0.0383532866835594,0.0,0.0,0.0,0.0,0.0,0.0,0.0,0.0,0.0,0.0,0.0,0.0,0.0,0.0,0.0,0.0,0.0,0.0,0.0,0.0,0.0,0.0,0.0,0.0,0.0,0.0,0.0,0.0,0.0,0.0,0.0,0.0,0.0,0.0,0.0,0.0,0.0,0.0,0.0,0.0,0.0,0.0,0.0,0.0,0.0,0.0,0.0,0.0,0.0,0.0,0.0,0.0,0.0,0.0,0.0,0.0,0.0,0.0,0.0,0.0,0.0,0.0,0.0,0.7925171256065369,0.9737462997436525,-0.4281866550445556,0.1785276085138321,1.019176006317139,-0.0796139240264892,0.7678883671760559,0.639751672744751,-0.7795832753181458,0.1906637996435165,1.4217220544815063,-0.3045068681240082,Bye
0.7704824805259705,0.6106759309768677,2.566866328379547e-07,0.7211143374443054,0.5691933631896973,-0.0171095710247755,0.6908897757530212,0.5012661218643188,-0.0239791627973318,0.6826779246330261,0.4370791614055633,-0.0304930415004491,0.6714097857475281,0.3836645781993866,-0.0359510071575641,0.7154269218444824,0.4179222285747528,-0.0024051624350249,0.7084074020385742,0.3427339196205139,-0.0161492601037025,0.7051977515220642,0.3001579642295837,-0.0296435374766588,0.7039355039596558,0.2606870532035827,-0.0397041290998458,0.7437455654144287,0.4107494950294494,-0.0055303387343883,0.7363470792770386,0.3261650502681732,-0.0162067934870719,0.7323127388954163,0.2756495475769043,-0.0279244966804981,0.7290497422218323,0.2315562665462494,-0.0368797816336154,0.7718212008476257,0.4185523092746734,-0.0124689163640141,0.7661675810813904,0.3388954102993011,-0.0234886091202497,0.7618706822395325,0.2918447256088257,-0.0309090483933687,0.7570079565048218,0.2516443431377411,-0.0365645699203014,0.8027505874633789,0.4378508031368255,-0.0218299850821495,0.8005954623222351,0.3751928210258484,-0.0317054502665996,0.7958157658576965,0.3349360823631286,-0.0353236533701419,0.7891034483909607,0.2987259030342102,-0.0378912836313247,0.0,0.0,0.0,0.0,0.0,0.0,0.0,0.0,0.0,0.0,0.0,0.0,0.0,0.0,0.0,0.0,0.0,0.0,0.0,0.0,0.0,0.0,0.0,0.0,0.0,0.0,0.0,0.0,0.0,0.0,0.0,0.0,0.0,0.0,0.0,0.0,0.0,0.0,0.0,0.0,0.0,0.0,0.0,0.0,0.0,0.0,0.0,0.0,0.0,0.0,0.0,0.0,0.0,0.0,0.0,0.0,0.0,0.0,0.0,0.0,0.0,0.0,0.0,0.7927367687225342,0.974404513835907,-0.426235020160675,0.1781698614358902,1.0192759037017822,-0.0828565508127212,0.7679158449172974,0.6390437483787537,-0.7681337594985962,0.1895847022533416,1.4215296506881714,-0.3129633069038391,Bye
0.7701334953308105,0.6111950874328613,2.58158507904227e-07,0.7208440899848938,0.5694237947463989,-0.0168909076601266,0.6908574104309082,0.5014495253562927,-0.0239609815180301,0.6827670335769653,0.4373393356800079,-0.0307002812623977,0.672135055065155,0.3836529552936554,-0.0364195704460144,0.7154960036277771,0.418053388595581,-0.0029658104758709,0.7084128260612488,0.3422633707523346,-0.01689931191504,0.7051689028739929,0.299371600151062,-0.0303617995232343,0.7039542198181152,0.2596531808376312,-0.0403144434094429,0.7438948154449463,0.4112324714660644,-0.006232488900423,0.7366329431533813,0.3261274993419647,-0.0170534215867519,0.7327091693878174,0.2756182551383972,-0.0286121051758527,0.7295503616333008,0.231842041015625,-0.0373823158442974,0.7720960378646851,0.4191424250602722,-0.0132456589490175,0.7666420340538025,0.3390313684940338,-0.0242963004857301,0.7621872425079346,0.2918872535228729,-0.0315114744007587,0.7570743560791016,0.2517627477645874,-0.0369642339646816,0.8029587268829346,0.4383611977100372,-0.0226503480225801,0.8008996248245239,0.374880850315094,-0.0325457267463207,0.7961310148239136,0.3342409133911133,-0.0360484160482883,0.7892361879348755,0.297917366027832,-0.0384598299860954,0.0,0.0,0.0,0.0,0.0,0.0,0.0,0.0,0.0,0.0,0.0,0.0,0.0,0.0,0.0,0.0,0.0,0.0,0.0,0.0,0.0,0.0,0.0,0.0,0.0,0.0,0.0,0.0,0.0,0.0,0.0,0.0,0.0,0.0,0.0,0.0,0.0,0.0,0.0,0.0,0.0,0.0,0.0,0.0,0.0,0.0,0.0,0.0,0.0,0.0,0.0,0.0,0.0,0.0,0.0,0.0,0.0,0.0,0.0,0.0,0.0,0.0,0.0,0.792686939239502,0.9744451642036438,-0.4268229901790619,0.1780758053064346,1.019275784492493,-0.0889555439352989,0.7679136991500854,0.6385148167610168,-0.7664040923118591,0.1896627247333526,1.4211844205856323,-0.3310536742210388,Bye
0.7708410024642944,0.6112897992134094,2.5659079483375535e-07,0.7214460372924805,0.5690807700157166,-0.017019061371684,0.6910048127174377,0.501366138458252,-0.0242097228765487,0.6824278235435486,0.4372337460517883,-0.0310227666050195,0.6719602942466736,0.3837444186210632,-0.0367971844971179,0.7156590223312378,0.4182859063148498,-0.0031731666531413,0.7089327573776245,0.342627465724945,-0.0173192732036113,0.7058630585670471,0.2997319102287292,-0.0310081001371145,0.7045674324035645,0.2599392831325531,-0.0411198921501636,0.7441660165786743,0.4114553928375244,-0.006441633682698,0.7373828291893005,0.3265226185321808,-0.0174237713217735,0.7335978150367737,0.2759579420089721,-0.0290972683578729,0.7303372621536255,0.2316909283399582,-0.0379609316587448,0.772443413734436,0.4193546772003174,-0.0134601490572094,0.767308235168457,0.3393504917621612,-0.0245954040437936,0.7632772922515869,0.2923487424850464,-0.0317293591797351,0.7584099769592285,0.2522090673446655,-0.0371025875210762,0.8034853935241699,0.4386237561702728,-0.022889444604516,0.801491379737854,0.3749672770500183,-0.0326821133494377,0.7968783974647522,0.3345423340797424,-0.0359482876956462,0.7902474999427795,0.2984671592712402,-0.0381882414221763,0.0,0.0,0.0,0.0,0.0,0.0,0.0,0.0,0.0,0.0,0.0,0.0,0.0,0.0,0.0,0.0,0.0,0.0,0.0,0.0,0.0,0.0,0.0,0.0,0.0,0.0,0.0,0.0,0.0,0.0,0.0,0.0,0.0,0.0,0.0,0.0,0.0,0.0,0.0,0.0,0.0,0.0,0.0,0.0,0.0,0.0,0.0,0.0,0.0,0.0,0.0,0.0,0.0,0.0,0.0,0.0,0.0,0.0,0.0,0.0,0.0,0.0,0.0,0.793006956577301,0.9744632840156556,-0.4267849922180176,0.1775178611278534,1.0192930698394775,-0.113101802766323,0.7678700089454651,0.6380856037139893,-0.767070472240448,0.1896761357784271,1.419871807098389,-0.3770519196987152,Bye
0.7709696292877197,0.611719012260437,2.594723866877757e-07,0.7214531898498535,0.5692950487136841,-0.016994746401906,0.6913110613822937,0.502014696598053,-0.0242803934961557,0.6830688714981079,0.438302606344223,-0.0311895813792943,0.6731469631195068,0.3848258852958679,-0.0370923094451427,0.7160680890083313,0.4188258945941925,-0.0033288574777543,0.7092522382736206,0.343338131904602,-0.0176644045859575,0.7061697244644165,0.3002350926399231,-0.0315181463956832,0.7050094604492188,0.2602946162223816,-0.0417352057993412,0.7446896433830261,0.4122292697429657,-0.0066532059572637,0.7378440499305725,0.3272769749164581,-0.017793683335185,0.7341744899749756,0.2768038213253021,-0.0295571219176054,0.7311974763870239,0.2326474487781524,-0.0384700894355773,0.7729420065879822,0.4202615618705749,-0.0137202600017189,0.7678717970848083,0.3402009904384613,-0.0249835141003131,0.7638787627220154,0.2930790483951568,-0.0321232713758945,0.7591596245765686,0.2528393268585205,-0.0375037044286727,0.803831934928894,0.4397295415401459,-0.0231896061450243,0.8021547794342041,0.3764301538467407,-0.0330825038254261,0.7976506948471069,0.3360016047954559,-0.0363744124770164,0.7910022735595703,0.2998890280723572,-0.0386347509920597,0.0,0.0,0.0,0.0,0.0,0.0,0.0,0.0,0.0,0.0,0.0,0.0,0.0,0.0,0.0,0.0,0.0,0.0,0.0,0.0,0.0,0.0,0.0,0.0,0.0,0.0,0.0,0.0,0.0,0.0,0.0,0.0,0.0,0.0,0.0,0.0,0.0,0.0,0.0,0.0,0.0,0.0,0.0,0.0,0.0,0.0,0.0,0.0,0.0,0.0,0.0,0.0,0.0,0.0,0.0,0.0,0.0,0.0,0.0,0.0,0.0,0.0,0.0,0.7932078242301941,0.974728226661682,-0.4275971353054046,0.1778426468372345,1.0198084115982056,-0.1108193174004554,0.7678616642951965,0.6380556225776672,-0.7675647139549255,0.1904991269111633,1.42034912109375,-0.3632531464099884,Bye
0.7707505226135254,0.611794114112854,2.606173268304701e-07,0.7210777401924133,0.568877100944519,-0.0169498734176158,0.6911187767982483,0.5011802315711975,-0.0241164974868297,0.6828711032867432,0.4373058378696441,-0.0309300124645233,0.6722676753997803,0.3839213252067566,-0.0367676317691803,0.7163680195808411,0.4192540943622589,-0.0032818908803164,0.7094260454177856,0.3436249494552612,-0.0175767205655574,0.7062166333198547,0.3004893660545349,-0.0313500240445137,0.7049777507781982,0.2602690756320953,-0.0415376089513301,0.7449350953102112,0.4126806259155273,-0.0066674761474132,0.7379862666130066,0.3276044428348541,-0.0177889503538608,0.7342877984046936,0.2768735289573669,-0.029548343271017,0.7313182950019836,0.2324504852294922,-0.0384919755160808,0.7731252312660217,0.4207091927528381,-0.0137993246316909,0.7677423357963562,0.340572327375412,-0.0251065753400325,0.7637097835540771,0.2933922708034515,-0.0322992131114006,0.7590780854225159,0.2530478239059448,-0.0377170443534851,0.8039124011993408,0.440091997385025,-0.0233309511095285,0.8016903400421143,0.3768354654312134,-0.0333150923252105,0.797132670879364,0.3363140523433685,-0.0367098338901996,0.7905468344688416,0.3000472784042358,-0.0390551388263702,0.0,0.0,0.0,0.0,0.0,0.0,0.0,0.0,0.0,0.0,0.0,0.0,0.0,0.0,0.0,0.0,0.0,0.0,0.0,0.0,0.0,0.0,0.0,0.0,0.0,0.0,0.0,0.0,0.0,0.0,0.0,0.0,0.0,0.0,0.0,0.0,0.0,0.0,0.0,0.0,0.0,0.0,0.0,0.0,0.0,0.0,0.0,0.0,0.0,0.0,0.0,0.0,0.0,0.0,0.0,0.0,0.0,0.0,0.0,0.0,0.0,0.0,0.0,0.7932258248329163,0.9747772216796876,-0.428486168384552,0.1781476438045501,1.0200660228729248,-0.1103190034627914,0.7678513526916504,0.638005256652832,-0.7685552835464478,0.1911605298519134,1.4204126596450806,-0.3612139523029327,Bye
0.7668458819389343,0.6130378246307373,9.847736492929472e-08,0.7178274393081665,0.5662583708763123,-0.0113281272351741,0.6907446980476379,0.4962072372436523,-0.015826104208827,0.6859057545661926,0.4322580397129059,-0.0216249078512191,0.6799898147583008,0.3783912062644958,-0.0263082291930913,0.718429446220398,0.4182609319686889,0.0073437085375189,0.7150501012802124,0.3482090532779693,-0.0065932213328778,0.711017906665802,0.3100702166557312,-0.0208332370966672,0.7076764106750488,0.2833626270294189,-0.0301640201359987,0.7461894154548645,0.4163422286510467,0.0024893875233829,0.7437981963157654,0.340072900056839,-0.0101520139724016,0.7401269674301147,0.3117511868476867,-0.0216675885021686,0.7368797659873962,0.2990898489952087,-0.0281026102602481,0.773200273513794,0.424908310174942,-0.0058856345713138,0.7720514535903931,0.350996732711792,-0.0160946454852819,0.7686302661895752,0.323892742395401,-0.0181158874183893,0.7661095261573792,0.3104724287986755,-0.018346469849348,0.8022325038909912,0.4433292150497436,-0.0165733713656663,0.8019110560417175,0.3812239170074463,-0.0234272200614213,0.7991784811019897,0.3480648696422577,-0.0222830660641193,0.7958422303199768,0.3246413171291351,-0.0202162768691778,0.0,0.0,0.0,0.0,0.0,0.0,0.0,0.0,0.0,0.0,0.0,0.0,0.0,0.0,0.0,0.0,0.0,0.0,0.0,0.0,0.0,0.0,0.0,0.0,0.0,0.0,0.0,0.0,0.0,0.0,0.0,0.0,0.0,0.0,0.0,0.0,0.0,0.0,0.0,0.0,0.0,0.0,0.0,0.0,0.0,0.0,0.0,0.0,0.0,0.0,0.0,0.0,0.0,0.0,0.0,0.0,0.0,0.0,0.0,0.0,0.0,0.0,0.0,0.7887836694717407,0.9657942056655884,-0.4310407042503357,0.179178386926651,1.0171161890029907,-0.1480375230312347,0.7708498239517212,0.650481104850769,-0.8044317364692688,0.1986558437347412,1.4069716930389404,-0.424056202173233,Bye
0.763278603553772,0.6061098575592041,-2.8038493837811984e-07,0.7138403654098511,0.5599920153617859,-0.0110737979412078,0.685741126537323,0.4903738498687744,-0.015698229894042,0.6832412481307983,0.4239337742328644,-0.0243615694344043,0.6946696639060974,0.3695413470268249,-0.0305435024201869,0.7104740738868713,0.423312097787857,0.0182068310678005,0.7107216119766235,0.3569620251655578,-0.0009811705676838,0.7059430480003357,0.3745423257350921,-0.0175502859055995,0.7064704298973083,0.4071128070354461,-0.0258326604962348,0.7386833429336548,0.4190574288368225,0.0128250354900956,0.7391281723976135,0.3382295668125152,-0.0066835386678576,0.7341418862342834,0.368214875459671,-0.0208952967077493,0.7352109551429749,0.4082340896129608,-0.0254376791417598,0.7682912349700928,0.4248116910457611,0.0026836253236979,0.7693585157394409,0.3466935157775879,-0.0147842783480882,0.7618916034698486,0.3731057345867157,-0.0195525158196687,0.7615838646888733,0.4131351113319397,-0.0176005493849515,0.8000505566596985,0.438401311635971,-0.0092610288411378,0.8008187413215637,0.374418705701828,-0.0183140113949775,0.7911171317100525,0.3841715455055237,-0.0174826402217149,0.7857290506362915,0.4134873449802398,-0.0141611760482192,0.0,0.0,0.0,0.0,0.0,0.0,0.0,0.0,0.0,0.0,0.0,0.0,0.0,0.0,0.0,0.0,0.0,0.0,0.0,0.0,0.0,0.0,0.0,0.0,0.0,0.0,0.0,0.0,0.0,0.0,0.0,0.0,0.0,0.0,0.0,0.0,0.0,0.0,0.0,0.0,0.0,0.0,0.0,0.0,0.0,0.0,0.0,0.0,0.0,0.0,0.0,0.0,0.0,0.0,0.0,0.0,0.0,0.0,0.0,0.0,0.0,0.0,0.0,0.7841137647628784,0.9628984332084656,-0.4276431202888489,0.1757717430591583,1.0142557621002195,-0.1611657887697219,0.7709429860115051,0.6543982625007629,-0.8037370443344116,0.1979303956031799,1.3926825523376465,-0.4676395952701568,Bye
0.762461245059967,0.6050406694412231,-2.801987477596413e-07,0.7137097120285034,0.5607635378837585,-0.0109718767926096,0.6852869987487793,0.4919452667236328,-0.015691764652729,0.6822300553321838,0.4259303510189056,-0.0243716984987258,0.6932622790336609,0.37099689245224,-0.0303082708269357,0.709159791469574,0.4234017729759216,0.0173664819449186,0.7098959684371948,0.3534213304519653,-0.0019493446452543,0.7038414478302002,0.3722390830516815,-0.0179054364562034,0.7039828896522522,0.4052958786487579,-0.0255877804011106,0.7372874021530151,0.419331818819046,0.0119868898764252,0.739892303943634,0.3372500240802765,-0.0075912224128842,0.7318028211593628,0.3666496872901916,-0.0210264287889003,0.7304379343986511,0.4062922596931457,-0.0248393043875694,0.7667659521102905,0.4248396158218384,0.0018497088458389,0.7699129581451416,0.3464447259902954,-0.0148432692512869,0.760141134262085,0.3728099763393402,-0.0190666634589433,0.757718026638031,0.4120202660560608,-0.0169562753289937,0.7988016605377197,0.4379829168319702,-0.0101817222312092,0.8006460666656494,0.3749194741249084,-0.0183153804391622,0.7895893454551697,0.3851871490478515,-0.0173068735748529,0.7826749086380005,0.4134712219238281,-0.0140133490785956,0.0,0.0,0.0,0.0,0.0,0.0,0.0,0.0,0.0,0.0,0.0,0.0,0.0,0.0,0.0,0.0,0.0,0.0,0.0,0.0,0.0,0.0,0.0,0.0,0.0,0.0,0.0,0.0,0.0,0.0,0.0,0.0,0.0,0.0,0.0,0.0,0.0,0.0,0.0,0.0,0.0,0.0,0.0,0.0,0.0,0.0,0.0,0.0,0.0,0.0,0.0,0.0,0.0,0.0,0.0,0.0,0.0,0.0,0.0,0.0,0.0,0.0,0.0,0.7837522029876709,0.9631425738334656,-0.4222763180732727,0.1728785187005996,1.014497995376587,-0.1538964807987213,0.7706844806671143,0.6538353562355042,-0.7973028421401978,0.1939719021320343,1.3930799961090088,-0.440187931060791,Bye
0.7624744772911072,0.6050094366073608,-2.854441731869884e-07,0.7140852808952332,0.5604377388954163,-0.0110709033906459,0.6855135560035706,0.491271048784256,-0.0159533601254224,0.6824724674224854,0.4243863523006439,-0.0249051824212074,0.6945642232894897,0.3685786426067352,-0.0311416815966367,0.7095314264297485,0.4229887723922729,0.0177143421024084,0.711241602897644,0.3526673316955566,-0.0018981894245371,0.7050635814666748,0.3716663420200348,-0.0179658830165863,0.7050504684448242,0.4045035541057586,-0.0256639048457145,0.7375903725624084,0.4189634025096893,0.0122576458379626,0.7406910061836243,0.3365958333015442,-0.0078539317473769,0.7323744297027588,0.3670000433921814,-0.0214929413050413,0.7309123277664185,0.4068834483623504,-0.025222111493349,0.7669417262077332,0.4243694841861725,0.0019769547507166,0.7706448435783386,0.3460584282875061,-0.0154722044244408,0.7604508399963379,0.3737996816635132,-0.0199797954410314,0.7578001618385315,0.413807600736618,-0.017680699005723,0.7988683581352234,0.4371488988399505,-0.0101599618792533,0.8006551265716553,0.3730179965496063,-0.01873729377985,0.7894248366355896,0.3836559057235718,-0.0179457273334264,0.7823929786682129,0.4124887585639953,-0.0146201578900218,0.0,0.0,0.0,0.0,0.0,0.0,0.0,0.0,0.0,0.0,0.0,0.0,0.0,0.0,0.0,0.0,0.0,0.0,0.0,0.0,0.0,0.0,0.0,0.0,0.0,0.0,0.0,0.0,0.0,0.0,0.0,0.0,0.0,0.0,0.0,0.0,0.0,0.0,0.0,0.0,0.0,0.0,0.0,0.0,0.0,0.0,0.0,0.0,0.0,0.0,0.0,0.0,0.0,0.0,0.0,0.0,0.0,0.0,0.0,0.0,0.0,0.0,0.0,0.7835006713867188,0.963242530822754,-0.4193786680698395,0.1713585257530212,1.0146534442901611,-0.1506895273923874,0.7705634832382202,0.6534507870674133,-0.7932308912277222,0.191862553358078,1.3936138153076172,-0.4295414388179779,Bye
0.7669184803962708,0.602665901184082,-1.9132256667830922e-08,0.7199955582618713,0.5595014095306396,-0.0114289624616503,0.6917440891265869,0.4904334247112274,-0.0163208674639463,0.6857290863990784,0.4254368841648102,-0.0239035356789827,0.6922114491462708,0.3703512549400329,-0.0301036369055509,0.7135021090507507,0.4205479919910431,0.0131191592663526,0.7109137773513794,0.3566704392433166,-0.0018163846107199,0.7059584259986877,0.3271268308162689,-0.0158216524869203,0.7045154571533203,0.3112148940563202,-0.0243009310215711,0.7409510612487793,0.417175143957138,0.0083686020225286,0.7370986938476562,0.3375158905982971,-0.0133286071941256,0.7327662706375122,0.3463839590549469,-0.0278602447360754,0.7328469753265381,0.3735466003417969,-0.0318474769592285,0.768522322177887,0.421545147895813,-1.9852752757287817e-06,0.7666159272193909,0.3427391648292541,-0.0192546844482421,0.7595248818397522,0.3526201844215393,-0.0237506050616502,0.7581814527511597,0.381384789943695,-0.0206504445523023,0.7980489730834961,0.433549553155899,-0.0100932298228144,0.7996087670326233,0.3649939894676208,-0.0214929711073637,0.7925431132316589,0.3503148853778839,-0.0226722527295351,0.7870879173278809,0.3568945825099945,-0.0199759807437658,0.0,0.0,0.0,0.0,0.0,0.0,0.0,0.0,0.0,0.0,0.0,0.0,0.0,0.0,0.0,0.0,0.0,0.0,0.0,0.0,0.0,0.0,0.0,0.0,0.0,0.0,0.0,0.0,0.0,0.0,0.0,0.0,0.0,0.0,0.0,0.0,0.0,0.0,0.0,0.0,0.0,0.0,0.0,0.0,0.0,0.0,0.0,0.0,0.0,0.0,0.0,0.0,0.0,0.0,0.0,0.0,0.0,0.0,0.0,0.0,0.0,0.0,0.0,0.7836529612541199,0.964946150779724,-0.4194916188716888,0.1702020466327667,1.014707326889038,-0.1461734175682068,0.7705427408218384,0.6531404256820679,-0.7927892804145813,0.1908327937126159,1.3915973901748655,-0.424523115158081,Bye
0.7693448662757874,0.6012192964553833,3.2321773346666305e-07,0.7213616371154785,0.5587795376777649,-0.0171080119907856,0.693642258644104,0.4923672080039978,-0.0242118444293737,0.6900134086608887,0.4296786785125732,-0.0308292508125305,0.685380220413208,0.3775535523891449,-0.0367860794067382,0.7160027027130127,0.4219222962856293,-0.0065905721858143,0.7086876630783081,0.3455332815647125,-0.022169180214405,0.7060312032699585,0.2997993528842926,-0.0362371318042278,0.7058739066123962,0.2575503587722778,-0.0463306941092014,0.744377076625824,0.4146923124790191,-0.0099497726187109,0.7385269999504089,0.3300788104534149,-0.0225437488406896,0.7354156970977783,0.2767655253410339,-0.0355284661054611,0.7333843111991882,0.2284906804561615,-0.0450640097260475,0.7721378207206726,0.4212900996208191,-0.0167593751102685,0.7702322602272034,0.3410434126853943,-0.0296290796250104,0.767745852470398,0.2924678325653076,-0.0384592227637767,0.7645213007926941,0.2495132684707641,-0.0447588860988616,0.8015561103820801,0.4382265210151672,-0.0257500372827053,0.8025345206260681,0.3778274357318878,-0.0371850170195102,0.8004258871078491,0.3378188610076904,-0.0417318381369113,0.7957957983016968,0.3011142313480377,-0.0447953455150127,0.0,0.0,0.0,0.0,0.0,0.0,0.0,0.0,0.0,0.0,0.0,0.0,0.0,0.0,0.0,0.0,0.0,0.0,0.0,0.0,0.0,0.0,0.0,0.0,0.0,0.0,0.0,0.0,0.0,0.0,0.0,0.0,0.0,0.0,0.0,0.0,0.0,0.0,0.0,0.0,0.0,0.0,0.0,0.0,0.0,0.0,0.0,0.0,0.0,0.0,0.0,0.0,0.0,0.0,0.0,0.0,0.0,0.0,0.0,0.0,0.0,0.0,0.0,0.7863284945487976,0.9650768637657166,-0.4283255934715271,0.1689919978380203,1.014661431312561,-0.1531523764133453,0.7705518007278442,0.6514898538589478,-0.8068362474441528,0.1879736483097076,1.39216947555542,-0.4482955932617187,Bye
0.7695691585540771,0.6024855375289917,2.992086933772953e-07,0.7217482328414917,0.5595073699951172,-0.0165531113743782,0.6941326856613159,0.4937507808208465,-0.0238304212689399,0.6907721757888794,0.4306987822055816,-0.0308733005076646,0.6864594221115112,0.3780889213085174,-0.0372058227658271,0.7167512774467468,0.4204559326171875,-0.0061827125027775,0.7096948623657227,0.3439776599407196,-0.0217679254710674,0.7077162861824036,0.2991968691349029,-0.0358723327517509,0.7080782055854797,0.257351279258728,-0.0459993928670883,0.7443593740463257,0.413375586271286,-0.0099591249600052,0.7382186651229858,0.3277930021286011,-0.0225081108510494,0.7351518869400024,0.2751971781253814,-0.0351480953395366,0.733000636100769,0.2282848507165908,-0.0444164499640464,0.7719996571540833,0.4200775325298309,-0.01718046143651,0.7692165970802307,0.3398558497428894,-0.0295915193855762,0.7660650014877319,0.2917521893978119,-0.0377566590905189,0.762189507484436,0.2502518892288208,-0.0435886979103088,0.8017219305038452,0.4374613165855407,-0.0266489796340465,0.8018559813499451,0.3763833045959472,-0.0374973602592945,0.7986919283866882,0.3356593251228332,-0.0416257940232753,0.7931554913520813,0.2990975379943847,-0.0443677045404911,0.0,0.0,0.0,0.0,0.0,0.0,0.0,0.0,0.0,0.0,0.0,0.0,0.0,0.0,0.0,0.0,0.0,0.0,0.0,0.0,0.0,0.0,0.0,0.0,0.0,0.0,0.0,0.0,0.0,0.0,0.0,0.0,0.0,0.0,0.0,0.0,0.0,0.0,0.0,0.0,0.0,0.0,0.0,0.0,0.0,0.0,0.0,0.0,0.0,0.0,0.0,0.0,0.0,0.0,0.0,0.0,0.0,0.0,0.0,0.0,0.0,0.0,0.0,0.7887979745864868,0.9659726023674012,-0.432210773229599,0.1681161671876907,1.0146809816360474,-0.1495138108730316,0.7705280780792236,0.6490964889526367,-0.8093162775039673,0.1862010210752487,1.393213391304016,-0.4342347085475921,Bye
0.7691667675971985,0.6034117341041565,2.807761347867199e-07,0.7211732864379883,0.5593492388725281,-0.015531594865024,0.6941701769828796,0.4937323033809662,-0.022299351170659,0.691190242767334,0.430973619222641,-0.0290703065693378,0.6861820220947266,0.3780912160873413,-0.0351677574217319,0.717819094657898,0.4203972518444061,-0.004777296911925,0.7101922631263733,0.3449817299842834,-0.0199874099344015,0.7076207399368286,0.3009253740310669,-0.0339057333767414,0.7075222134590149,0.2595147490501404,-0.0439548604190349,0.7448751330375671,0.4133078157901764,-0.0090291053056716,0.7382513284683228,0.327537328004837,-0.0213321782648563,0.7348356246948242,0.2748965620994568,-0.033779103308916,0.7325776219367981,0.228129580616951,-0.0429423786699771,0.772083044052124,0.4201499819755554,-0.0167236682027578,0.7690412402153015,0.3396638333797455,-0.0290345158427953,0.7655145525932312,0.2912842631340027,-0.0372709818184375,0.7613692283630371,0.2497997283935547,-0.0431708991527557,0.8018808960914612,0.4375825226306915,-0.0266010370105505,0.8024474382400513,0.3760695159435272,-0.0373615510761737,0.7990962266921997,0.3346496224403381,-0.0416166223585605,0.7932186126708984,0.2974301278591156,-0.0445113182067871,0.0,0.0,0.0,0.0,0.0,0.0,0.0,0.0,0.0,0.0,0.0,0.0,0.0,0.0,0.0,0.0,0.0,0.0,0.0,0.0,0.0,0.0,0.0,0.0,0.0,0.0,0.0,0.0,0.0,0.0,0.0,0.0,0.0,0.0,0.0,0.0,0.0,0.0,0.0,0.0,0.0,0.0,0.0,0.0,0.0,0.0,0.0,0.0,0.0,0.0,0.0,0.0,0.0,0.0,0.0,0.0,0.0,0.0,0.0,0.0,0.0,0.0,0.0,0.7900299429893494,0.966364324092865,-0.4326945841312408,0.1675547808408737,1.0147143602371216,-0.1472223550081253,0.7705070972442627,0.6476165652275085,-0.8078175783157349,0.1846596300601959,1.3944672346115112,-0.4276668429374695,Bye
0.7686100602149963,0.605358898639679,2.776081942101883e-07,0.7203413844108582,0.5618230104446411,-0.0158368255943059,0.6925882697105408,0.4944647550582886,-0.0225898008793592,0.6885427236557007,0.4312759637832641,-0.0293310098350048,0.6847571134567261,0.3782320618629455,-0.0353655703365802,0.7171557545661926,0.4200024008750915,-0.0043082977645099,0.7106629610061646,0.3444508910179138,-0.0193264130502939,0.708186149597168,0.3004835247993469,-0.0332323759794235,0.7079854607582092,0.2593076825141907,-0.0433382913470268,0.7445999383926392,0.4132879972457886,-0.0085092978551983,0.7383967041969299,0.3274117112159729,-0.0207188799977302,0.7347621917724609,0.2747766673564911,-0.0332390815019607,0.7320992350578308,0.2283079773187637,-0.0424301028251647,0.772158145904541,0.4205802679061889,-0.0162142682820558,0.7688415050506592,0.3403868377208709,-0.0285482965409755,0.7653578519821167,0.2919251322746277,-0.0367732122540473,0.7612918615341187,0.250412255525589,-0.042602352797985,0.8021369576454163,0.4387560486793518,-0.0261359345167875,0.8024441003799438,0.3765979409217834,-0.0369196832180023,0.7990966439247131,0.3353472650051117,-0.0410246662795543,0.7933630347251892,0.298613965511322,-0.0437517501413822,0.0,0.0,0.0,0.0,0.0,0.0,0.0,0.0,0.0,0.0,0.0,0.0,0.0,0.0,0.0,0.0,0.0,0.0,0.0,0.0,0.0,0.0,0.0,0.0,0.0,0.0,0.0,0.0,0.0,0.0,0.0,0.0,0.0,0.0,0.0,0.0,0.0,0.0,0.0,0.0,0.0,0.0,0.0,0.0,0.0,0.0,0.0,0.0,0.0,0.0,0.0,0.0,0.0,0.0,0.0,0.0,0.0,0.0,0.0,0.0,0.0,0.0,0.0,0.7900793552398682,0.9665934443473816,-0.4306961894035339,0.1675957143306732,1.0147340297698977,-0.1457184851169586,0.7704358696937561,0.6473222374916077,-0.7758737206459045,0.1844112426042556,1.3964720964431765,-0.4249680936336517,Bye
0.7666410207748413,0.606579065322876,-2.5234399458895496e-08,0.7171223163604736,0.5622101426124573,-0.0082900943234562,0.6899466514587402,0.49196857213974,-0.0120993871241807,0.6865426898002625,0.4277677834033966,-0.018238615244627,0.6845295429229736,0.3741549551486969,-0.022721903398633,0.7182701230049133,0.4172879159450531,0.0121113406494259,0.7159101963043213,0.3435679376125335,-0.0047171865589916,0.7092196345329285,0.3170152008533478,-0.0202778801321983,0.7060503363609314,0.3105119466781616,-0.0286707039922475,0.7445513606071472,0.4147081971168518,0.0060065402649343,0.7426472306251526,0.3360976576805115,-0.0102611891925334,0.7350752353668213,0.3196007013320923,-0.0233185905963182,0.7307347059249878,0.32567098736763,-0.0288165006786584,0.7706919312477112,0.4208954572677612,-0.0039211115799844,0.7703354358673096,0.3461408615112304,-0.0155027564615011,0.7623240947723389,0.3231827020645141,-0.0194507725536823,0.7575703263282776,0.3185217380523681,-0.01984503865242,0.7993940711021423,0.4365684688091278,-0.0158079527318477,0.7989196181297302,0.3735485672950744,-0.0229754485189914,0.7932608723640442,0.3379279971122741,-0.0239145848900079,0.7878933548927307,0.3142166137695312,-0.0229051802307367,0.0,0.0,0.0,0.0,0.0,0.0,0.0,0.0,0.0,0.0,0.0,0.0,0.0,0.0,0.0,0.0,0.0,0.0,0.0,0.0,0.0,0.0,0.0,0.0,0.0,0.0,0.0,0.0,0.0,0.0,0.0,0.0,0.0,0.0,0.0,0.0,0.0,0.0,0.0,0.0,0.0,0.0,0.0,0.0,0.0,0.0,0.0,0.0,0.0,0.0,0.0,0.0,0.0,0.0,0.0,0.0,0.0,0.0,0.0,0.0,0.0,0.0,0.0,0.7878217697143555,0.9657251238822936,-0.4290026724338531,0.1728632748126983,1.0146658420562744,-0.1433213353157043,0.7709187269210815,0.6528490781784058,-0.768036961555481,0.1889064610004425,1.396429181098938,-0.4234949946403503,Bye
0.7636149525642395,0.6017029881477356,-3.382171200883022e-07,0.7171675562858582,0.5608779191970825,-0.0091355675831437,0.6889892816543579,0.4941145181655884,-0.0136357648298144,0.6849509477615356,0.4318744242191314,-0.022736307233572,0.689637303352356,0.3756088316440582,-0.029284082353115,0.712074875831604,0.4226943552494049,0.0164610706269741,0.7073597311973572,0.3568790555000305,-0.0051186122000217,0.6967741250991821,0.3759571313858032,-0.0215353313833475,0.6981080174446106,0.4088901281356811,-0.0283960085362195,0.7385405898094177,0.4149109125137329,0.0097884060814976,0.7348955869674683,0.3321863114833832,-0.0128678139299154,0.7220330834388733,0.3650400340557098,-0.0253007840365171,0.7246452569961548,0.4074069559574127,-0.0266803279519081,0.7669779062271118,0.4170562922954559,-0.0015786064323037,0.7642917037010193,0.3365336954593658,-0.0203701239079237,0.7505501508712769,0.3641649186611175,-0.0232829917222261,0.7528800368309021,0.4038127362728119,-0.0185261406004428,0.798413872718811,0.4255902171134949,-0.0147527744993567,0.798457145690918,0.3536125123500824,-0.0234598014503717,0.7838308215141296,0.3582429885864258,-0.021561836823821,0.7787631154060364,0.385281354188919,-0.0165276434272527,0.0,0.0,0.0,0.0,0.0,0.0,0.0,0.0,0.0,0.0,0.0,0.0,0.0,0.0,0.0,0.0,0.0,0.0,0.0,0.0,0.0,0.0,0.0,0.0,0.0,0.0,0.0,0.0,0.0,0.0,0.0,0.0,0.0,0.0,0.0,0.0,0.0,0.0,0.0,0.0,0.0,0.0,0.0,0.0,0.0,0.0,0.0,0.0,0.0,0.0,0.0,0.0,0.0,0.0,0.0,0.0,0.0,0.0,0.0,0.0,0.0,0.0,0.0,0.7881553769111633,0.9682736992836,-0.4289499223232269,0.1821805536746978,1.0148437023162842,-0.0831354409456253,0.7717732191085815,0.6572062969207764,-0.7495731115341187,0.1970565170049667,1.4000641107559204,-0.2865460216999054,Bye
0.7656985521316528,0.6037600636482239,-3.2197164046010585e-07,0.7181127667427063,0.5627422332763672,-0.0074558830820024,0.6894129514694214,0.4960726499557495,-0.010809258557856,0.6846276521682739,0.43294358253479,-0.0191302001476287,0.6891360282897949,0.3768863081932068,-0.0249871723353862,0.7130029797554016,0.4257805049419403,0.0210082847625017,0.7088421583175659,0.3596056401729584,0.0009985273936763,0.6972609758377075,0.372569739818573,-0.0151963522657752,0.698395848274231,0.4034307599067688,-0.0221654810011386,0.7386763691902161,0.4171795547008514,0.0138688618317246,0.7360448837280273,0.3347277641296386,-0.0070168622769415,0.7211654782295227,0.3622419238090515,-0.0191907361149787,0.7224395871162415,0.4039372205734253,-0.0207858216017484,0.7662352323532104,0.4182208776473999,0.0019447456579655,0.764354944229126,0.3381182253360748,-0.0147689320147037,0.7490144371986389,0.3623759150505066,-0.0173842348158359,0.7509328722953796,0.4011974632740021,-0.0130439782515168,0.7970962524414062,0.4259612560272217,-0.011878490447998,0.7966725826263428,0.3553077280521393,-0.0191431362181901,0.7807313799858093,0.3595223426818847,-0.0169605780392885,0.7757150530815125,0.3870309293270111,-0.0121261952444911,0.0,0.0,0.0,0.0,0.0,0.0,0.0,0.0,0.0,0.0,0.0,0.0,0.0,0.0,0.0,0.0,0.0,0.0,0.0,0.0,0.0,0.0,0.0,0.0,0.0,0.0,0.0,0.0,0.0,0.0,0.0,0.0,0.0,0.0,0.0,0.0,0.0,0.0,0.0,0.0,0.0,0.0,0.0,0.0,0.0,0.0,0.0,0.0,0.0,0.0,0.0,0.0,0.0,0.0,0.0,0.0,0.0,0.0,0.0,0.0,0.0,0.0,0.0,0.7888988256454468,0.9713618159294128,-0.4297733902931213,0.185270220041275,1.0148979425430298,-0.0671893432736396,0.772445559501648,0.65993732213974,-0.7494940161705017,0.2000157535076141,1.401463270187378,-0.2671899199485779,Bye
0.7683144211769104,0.6074148416519165,-2.5315137008874444e-07,0.7173763513565063,0.5662623643875122,-0.0137824648991227,0.6873252391815186,0.4986733496189117,-0.0205327421426773,0.6852408647537231,0.4324534237384796,-0.030736269429326,0.6986091732978821,0.3773428201675415,-0.0383938699960708,0.7077594995498657,0.427598088979721,0.0146103790029883,0.7077367901802063,0.357820451259613,-0.0054049836471676,0.702828049659729,0.3700526654720306,-0.0229705851525068,0.7031066417694092,0.4001833498477936,-0.0319520942866802,0.7366779446601868,0.4210894107818603,0.0103650717064738,0.7368316054344177,0.3410422801971435,-0.0095297871157526,0.7308809757232666,0.3674976825714111,-0.0254595912992954,0.7305580973625183,0.4055994749069214,-0.0318996049463748,0.7660952210426331,0.4245263040065765,0.0013172855833545,0.7680680751800537,0.3446291983127594,-0.0158064942806959,0.759429395198822,0.3689249753952026,-0.0230498127639293,0.7578572034835815,0.4101724326610565,-0.0236208401620388,0.7980846762657166,0.4358049929141998,-0.0097541464492678,0.7974609732627869,0.3712551295757293,-0.0191571228206157,0.7868865728378296,0.3803915381431579,-0.0204657856374979,0.7809883952140808,0.4111133217811584,-0.0191327612847089,0.0,0.0,0.0,0.0,0.0,0.0,0.0,0.0,0.0,0.0,0.0,0.0,0.0,0.0,0.0,0.0,0.0,0.0,0.0,0.0,0.0,0.0,0.0,0.0,0.0,0.0,0.0,0.0,0.0,0.0,0.0,0.0,0.0,0.0,0.0,0.0,0.0,0.0,0.0,0.0,0.0,0.0,0.0,0.0,0.0,0.0,0.0,0.0,0.0,0.0,0.0,0.0,0.0,0.0,0.0,0.0,0.0,0.0,0.0,0.0,0.0,0.0,0.0,0.7889131903648376,0.9785076975822448,-0.4430736899375915,0.185147687792778,1.0156036615371704,-0.0768853351473808,0.7724298238754272,0.6603726148605347,-0.7632132768630981,0.1995827406644821,1.4024503231048584,-0.3021318316459656,Bye
0.6590790748596191,0.4755083918571472,1.3123737119258294e-07,0.6217748522758484,0.4751600623130798,-0.0034779941197484,0.5901208519935608,0.4442848563194275,-0.0048831389285624,0.5723064541816711,0.4142903387546539,-0.0081372084096074,0.5573559999465942,0.3897206783294678,-0.0112430360168218,0.570957362651825,0.3890202939510345,0.0059937750920653,0.543048620223999,0.3496240675449371,-0.0020924096461385,0.5256957411766052,0.3262057900428772,-0.0107202529907226,0.5114607214927673,0.30532968044281,-0.0171012990176677,0.5801643133163452,0.3741345107555389,3.792015832004836e-06,0.5486993789672852,0.3319217562675476,-0.0064492765814065,0.5283467769622803,0.3052690625190735,-0.0146302925422787,0.5110712051391602,0.2819346189498901,-0.0208516269922256,0.5944634675979614,0.3652781546115875,-0.0078770108520984,0.5650993585586548,0.3224010467529297,-0.0140942307189106,0.547366201877594,0.297544002532959,-0.0190861690789461,0.5313593149185181,0.2775037884712219,-0.0230390354990959,0.6132761836051941,0.3615240156650543,-0.0169119369238615,0.591267466545105,0.3278178572654724,-0.0221016611903905,0.5762409567832947,0.3077980279922485,-0.0236534941941499,0.5621321797370911,0.2922180294990539,-0.024888526648283,0.0,0.0,0.0,0.0,0.0,0.0,0.0,0.0,0.0,0.0,0.0,0.0,0.0,0.0,0.0,0.0,0.0,0.0,0.0,0.0,0.0,0.0,0.0,0.0,0.0,0.0,0.0,0.0,0.0,0.0,0.0,0.0,0.0,0.0,0.0,0.0,0.0,0.0,0.0,0.0,0.0,0.0,0.0,0.0,0.0,0.0,0.0,0.0,0.0,0.0,0.0,0.0,0.0,0.0,0.0,0.0,0.0,0.0,0.0,0.0,0.0,0.0,0.0,0.8502384424209595,0.8246340155601501,-0.3482128977775574,0.1639322340488433,1.0184991359710691,-0.2080017030239105,0.6621483564376831,0.4625017940998077,-0.6212909817695618,0.1194725856184959,1.424773335456848,-0.4721710085868835,Hello
0.6590304374694824,0.4750894904136657,1.320060221132735e-07,0.6215832233428955,0.4751197695732116,-0.0033222613856196,0.5903201699256897,0.4447165131568908,-0.0046394919045269,0.5729131102561951,0.4149485826492309,-0.0078465789556503,0.5579813122749329,0.3911425173282623,-0.0109119769185781,0.570661187171936,0.3887399137020111,0.0064870766364037,0.5428927540779114,0.3495477437973022,-0.0014308087993413,0.5257001519203186,0.3261529505252838,-0.0100496308878064,0.5115365982055664,0.3052608668804168,-0.0164398085325956,0.5799894332885742,0.3738903105258941,0.0004184966965112,0.5485490560531616,0.3319509625434875,-0.0059061120264232,0.5281763076782227,0.3053929507732391,-0.0141023835167288,0.5108461976051331,0.2821044325828552,-0.0203421656042337,0.5943561792373657,0.3651776015758514,-0.0075524947606027,0.565056562423706,0.3224628269672394,-0.0137455556541681,0.5472394824028015,0.2976974248886108,-0.0187689997255802,0.5311443209648132,0.2777546048164367,-0.0227194726467132,0.6131986379623413,0.3615280091762543,-0.0166717395186424,0.5911499857902527,0.3275876045227051,-0.0218871142715215,0.5760611891746521,0.3075139820575714,-0.0234457198530435,0.5617974400520325,0.2919890880584717,-0.0246663410216569,0.0,0.0,0.0,0.0,0.0,0.0,0.0,0.0,0.0,0.0,0.0,0.0,0.0,0.0,0.0,0.0,0.0,0.0,0.0,0.0,0.0,0.0,0.0,0.0,0.0,0.0,0.0,0.0,0.0,0.0,0.0,0.0,0.0,0.0,0.0,0.0,0.0,0.0,0.0,0.0,0.0,0.0,0.0,0.0,0.0,0.0,0.0,0.0,0.0,0.0,0.0,0.0,0.0,0.0,0.0,0.0,0.0,0.0,0.0,0.0,0.0,0.0,0.0,0.849770188331604,0.8246681094169617,-0.3529030382633209,0.1638389527797699,1.0185288190841677,-0.2079686820507049,0.6618607044219971,0.4624602198600769,-0.6313785314559937,0.1195975393056869,1.4245222806930542,-0.4722012877464294,Hello
0.6584545969963074,0.4749634861946106,1.3230213369297417e-07,0.6214334964752197,0.4748964309692383,-0.0034185864496976,0.5904290676116943,0.4447102546691894,-0.0048303883522748,0.5730382800102234,0.4151569008827209,-0.0080955838784575,0.5577870011329651,0.3915510475635528,-0.0112053966149687,0.5703024864196777,0.3885621726512909,0.0062690558843314,0.5424969792366028,0.349520206451416,-0.0016052619321271,0.525231659412384,0.3264023661613464,-0.0101493885740637,0.5109354853630066,0.3058024048805237,-0.0164978057146072,0.5795992612838745,0.3739149272441864,0.0002833528269547,0.548326313495636,0.3320404291152954,-0.0059771416708827,0.5280975699424744,0.3056305944919586,-0.0140584427863359,0.5109043717384338,0.2825150489807129,-0.02023814804852,0.5939636826515198,0.3653745055198669,-0.0076071503572165,0.5647692084312439,0.3226370513439178,-0.0137573247775435,0.5470162630081177,0.2978622317314148,-0.0187756102532148,0.5309697389602661,0.2779312431812286,-0.0227479021996259,0.6127563118934631,0.3619070649147033,-0.0166422557085752,0.590942919254303,0.3281548023223877,-0.0218394882977008,0.5759921669960022,0.3080950975418091,-0.0234613679349422,0.5619147419929504,0.292485773563385,-0.0247502923011779,0.0,0.0,0.0,0.0,0.0,0.0,0.0,0.0,0.0,0.0,0.0,0.0,0.0,0.0,0.0,0.0,0.0,0.0,0.0,0.0,0.0,0.0,0.0,0.0,0.0,0.0,0.0,0.0,0.0,0.0,0.0,0.0,0.0,0.0,0.0,0.0,0.0,0.0,0.0,0.0,0.0,0.0,0.0,0.0,0.0,0.0,0.0,0.0,0.0,0.0,0.0,0.0,0.0,0.0,0.0,0.0,0.0,0.0,0.0,0.0,0.0,0.0,0.0,0.8496739268302917,0.8256120085716248,-0.3563914000988006,0.1637703329324722,1.018895387649536,-0.208307147026062,0.6618526577949524,0.4626382291316986,-0.6309143304824829,0.1233619004487991,1.4243687391281128,-0.4722548425197601,Hello
0.658277690410614,0.4747662246227264,1.3265331233469624e-07,0.6211981773376465,0.4748793840408325,-0.0036019007675349,0.5901889801025391,0.4447136521339416,-0.0050823814235627,0.5727388262748718,0.4151000082492828,-0.0083705382421612,0.5574511289596558,0.3913123309612274,-0.0114852916449308,0.5703845620155334,0.3887233138084411,0.0060999374836683,0.5426436066627502,0.3495797216892242,-0.0018407264724373,0.5253310799598694,0.3264044821262359,-0.0104366512969136,0.511009931564331,0.3057628870010376,-0.0168344061821699,0.5796951055526733,0.3739671409130096,0.0002210559759987,0.5484590530395508,0.3321783542633056,-0.0061081461608409,0.528235673904419,0.305736243724823,-0.0142456935718655,0.5110313892364502,0.2825150489807129,-0.0204781871289014,0.5940572619438171,0.3653862476348877,-0.0075735938735306,0.5648515224456787,0.3228117823600769,-0.013774205930531,0.5471447706222534,0.2980134189128876,-0.0188237987458705,0.5310990810394287,0.2780146300792694,-0.0228436235338449,0.6128953099250793,0.3619015514850616,-0.0165232960134744,0.591261625289917,0.3284537196159363,-0.021775733679533,0.5762842297554016,0.3085264563560486,-0.0234645865857601,0.5621009469032288,0.2929624915122986,-0.0248186327517032,0.0,0.0,0.0,0.0,0.0,0.0,0.0,0.0,0.0,0.0,0.0,0.0,0.0,0.0,0.0,0.0,0.0,0.0,0.0,0.0,0.0,0.0,0.0,0.0,0.0,0.0,0.0,0.0,0.0,0.0,0.0,0.0,0.0,0.0,0.0,0.0,0.0,0.0,0.0,0.0,0.0,0.0,0.0,0.0,0.0,0.0,0.0,0.0,0.0,0.0,0.0,0.0,0.0,0.0,0.0,0.0,0.0,0.0,0.0,0.0,0.0,0.0,0.0,0.8496238589286804,0.8264049291610718,-0.3586173951625824,0.1636690348386764,1.0191941261291504,-0.2087328433990478,0.6618557572364807,0.4627610743045807,-0.6322981119155884,0.1254120022058487,1.4242591857910156,-0.4725289344787597,Hello
0.6584632396697998,0.4747537076473236,1.308263932742193e-07,0.6214296817779541,0.47492516040802,-0.0032727520447224,0.5903125405311584,0.4447198510169983,-0.004516277462244,0.5728816390037537,0.4151186943054199,-0.0076220305636525,0.5575727820396423,0.3915747106075287,-0.0105982795357704,0.5704874396324158,0.3887776732444763,0.0065434444695711,0.5429142117500305,0.3497354984283447,-0.0011948962928727,0.5258281230926514,0.3265220522880554,-0.0096537163481116,0.5116584300994873,0.3057247698307037,-0.0159975979477167,0.5798810124397278,0.3740580976009369,0.0005056311492808,0.5486837029457092,0.3323371410369873,-0.0057730521075427,0.5285048484802246,0.3058942854404449,-0.013967347331345,0.511172354221344,0.2826088964939117,-0.0202367585152387,0.5943310856819153,0.3656139671802521,-0.007424478419125,0.5650078058242798,0.3231017589569092,-0.0137078743427991,0.547258198261261,0.2983779609203338,-0.0189095120877027,0.5311049818992615,0.2783759534358978,-0.0229970160871744,0.6131375432014465,0.3622779846191406,-0.0164640992879867,0.5912711024284363,0.3288115561008453,-0.0218734480440616,0.576203465461731,0.308735191822052,-0.0237262416630983,0.5619422793388367,0.2928996384143829,-0.0251828543841838,0.0,0.0,0.0,0.0,0.0,0.0,0.0,0.0,0.0,0.0,0.0,0.0,0.0,0.0,0.0,0.0,0.0,0.0,0.0,0.0,0.0,0.0,0.0,0.0,0.0,0.0,0.0,0.0,0.0,0.0,0.0,0.0,0.0,0.0,0.0,0.0,0.0,0.0,0.0,0.0,0.0,0.0,0.0,0.0,0.0,0.0,0.0,0.0,0.0,0.0,0.0,0.0,0.0,0.0,0.0,0.0,0.0,0.0,0.0,0.0,0.0,0.0,0.0,0.8495185971260071,0.8266376256942749,-0.3607986569404602,0.1635937094688415,1.0194851160049438,-0.2132979184389114,0.6616914868354797,0.4627878367900848,-0.6543682813644409,0.1267133802175521,1.4241664409637451,-0.4851620197296142,Hello
0.6580255031585693,0.4745814800262451,1.293711875405279e-07,0.6211965084075928,0.47458016872406,-0.0030243950895965,0.5903462767601013,0.4444291889667511,-0.0041970880702137,0.5733100175857544,0.4148711562156677,-0.0072609833441674,0.5580599904060364,0.3918682932853699,-0.0102265663444995,0.5700128674507141,0.3878856003284454,0.0067790481261909,0.5423983335494995,0.3490751683712005,-0.0007816362776793,0.5254690051078796,0.3260148763656616,-0.0091517902910709,0.5113996267318726,0.3052867650985718,-0.0154682537540793,0.5795636773109436,0.3732389509677887,0.0006111270631663,0.5482257008552551,0.3318639397621155,-0.0055092293769121,0.5280817151069641,0.3055599927902221,-0.0136690726503729,0.5107693672180176,0.2823907434940338,-0.019945153966546,0.5941451787948608,0.3649534583091736,-0.0074306596070528,0.5646834373474121,0.3224106431007385,-0.0136887663975358,0.5467886328697205,0.2977563142776489,-0.0189531855285167,0.530500590801239,0.277713418006897,-0.0230775773525238,0.6131135821342468,0.361721932888031,-0.0165535453706979,0.5910499691963196,0.3281266987323761,-0.0220246613025665,0.5758052468299866,0.3079781532287597,-0.0239855293184518,0.561307966709137,0.2920928001403808,-0.0255154222249984,0.0,0.0,0.0,0.0,0.0,0.0,0.0,0.0,0.0,0.0,0.0,0.0,0.0,0.0,0.0,0.0,0.0,0.0,0.0,0.0,0.0,0.0,0.0,0.0,0.0,0.0,0.0,0.0,0.0,0.0,0.0,0.0,0.0,0.0,0.0,0.0,0.0,0.0,0.0,0.0,0.0,0.0,0.0,0.0,0.0,0.0,0.0,0.0,0.0,0.0,0.0,0.0,0.0,0.0,0.0,0.0,0.0,0.0,0.0,0.0,0.0,0.0,0.0,0.8492075800895691,0.8271573185920715,-0.3580554127693176,0.1635192930698394,1.0195362567901611,-0.2124149054288864,0.6616525053977966,0.4628027081489563,-0.6534795165061951,0.1275682747364044,1.423790454864502,-0.4848355650901794,Hello
0.6582309603691101,0.4745300412178039,1.3217020011779828e-07,0.6215659976005554,0.4749440848827362,-0.0034832372330129,0.5904573798179626,0.4448773562908172,-0.0050060064531862,0.5732280611991882,0.41539067029953,-0.0083596426993608,0.5580393075942993,0.392020970582962,-0.0116267437115311,0.5695329308509827,0.3885853886604309,0.0055315974168479,0.5419337153434753,0.3493944406509399,-0.0025125262327492,0.5248914957046509,0.3261047005653381,-0.0111069325357675,0.5107607245445251,0.3054022789001465,-0.0174787491559982,0.5790308713912964,0.3738042414188385,-0.0005254059797152,0.5479347109794617,0.331882119178772,-0.0070573119446635,0.5277695655822754,0.305410772562027,-0.0152767645195126,0.5105672478675842,0.2822192311286926,-0.0214970055967569,0.5936622023582458,0.3652255535125732,-0.0084472885355353,0.5644398927688599,0.3224067986011505,-0.0148676428943872,0.546617329120636,0.2977384030818939,-0.0201086439192295,0.5305078029632568,0.2777158915996551,-0.0241715349256992,0.6125877499580383,0.361902505159378,-0.0174881424754858,0.5904307961463928,0.3282371163368225,-0.0230401940643787,0.5751760005950928,0.3080978393554687,-0.0249340366572141,0.5609250068664551,0.292149931192398,-0.0263530611991882,0.0,0.0,0.0,0.0,0.0,0.0,0.0,0.0,0.0,0.0,0.0,0.0,0.0,0.0,0.0,0.0,0.0,0.0,0.0,0.0,0.0,0.0,0.0,0.0,0.0,0.0,0.0,0.0,0.0,0.0,0.0,0.0,0.0,0.0,0.0,0.0,0.0,0.0,0.0,0.0,0.0,0.0,0.0,0.0,0.0,0.0,0.0,0.0,0.0,0.0,0.0,0.0,0.0,0.0,0.0,0.0,0.0,0.0,0.0,0.0,0.0,0.0,0.0,0.8490573167800903,0.8271932005882263,-0.3669557869434356,0.163505271077156,1.0196630954742432,-0.2139760702848434,0.661381721496582,0.4626776874065399,-0.6827492713928223,0.1293580681085586,1.423427700996399,-0.4887425303459167,Hello
0.6587231159210205,0.473457396030426,1.3306630819442944e-07,0.621965229511261,0.4713610112667084,-0.0030784469563513,0.5902478694915771,0.4403137862682342,-0.0041985232383012,0.572326123714447,0.4114076197147369,-0.0071132676675915,0.557991623878479,0.387966126203537,-0.009825225919485,0.5693196654319763,0.3858411610126495,0.0059614675119519,0.5417423248291016,0.3460283279418945,-0.0016012475825846,0.5246031284332275,0.3226115107536316,-0.009683821350336,0.5102543234825134,0.3022522926330566,-0.0157776679843664,0.5787944793701172,0.3721475005149841,-3.822305734502152e-05,0.5484105348587036,0.3299908936023712,-0.0061935209669172,0.5289459228515625,0.3035610616207123,-0.0139009468257427,0.5120878219604492,0.2807234525680542,-0.0197494272142648,0.5936114192008972,0.3643712401390075,-0.0078416941687464,0.5645137429237366,0.3216883838176727,-0.0139598110690712,0.5470092296600342,0.2967985570430755,-0.0189561024308204,0.5309084057807922,0.2767530679702759,-0.0228819884359836,0.6128899455070496,0.3618062436580658,-0.0167228989303112,0.591463029384613,0.328363299369812,-0.0221211165189743,0.5763067007064819,0.3082286715507507,-0.0240499190986156,0.5619915723800659,0.2924227714538574,-0.0255047045648098,0.0,0.0,0.0,0.0,0.0,0.0,0.0,0.0,0.0,0.0,0.0,0.0,0.0,0.0,0.0,0.0,0.0,0.0,0.0,0.0,0.0,0.0,0.0,0.0,0.0,0.0,0.0,0.0,0.0,0.0,0.0,0.0,0.0,0.0,0.0,0.0,0.0,0.0,0.0,0.0,0.0,0.0,0.0,0.0,0.0,0.0,0.0,0.0,0.0,0.0,0.0,0.0,0.0,0.0,0.0,0.0,0.0,0.0,0.0,0.0,0.0,0.0,0.0,0.8493244051933289,0.828752875328064,-0.382944792509079,0.1634919941425323,1.019698143005371,-0.2021703422069549,0.661339282989502,0.4640162289142608,-0.6766473054885864,0.1296847313642501,1.4232709407806396,-0.4713361263275146,Hello
0.6592239141464233,0.4743620157241821,1.3337125892576296e-07,0.622291624546051,0.4720199704170227,-0.0032649803906679,0.5906793475151062,0.4406994581222534,-0.0045909187756478,0.5727266669273376,0.4110525250434875,-0.007713577710092,0.5580296516418457,0.3871995508670807,-0.0106408465653657,0.5704177618026733,0.3867293894290924,0.005558188073337,0.5427937507629395,0.3464232385158539,-0.0021633182186633,0.5256356000900269,0.3228393793106079,-0.0103241009637713,0.5112836360931396,0.3023539781570434,-0.0164119713008403,0.5798059701919556,0.3726511597633362,-0.0004671645583584,0.5491584539413452,0.3297483325004577,-0.006677113007754,0.5295183062553406,0.3031233847141266,-0.0143831055611372,0.5126974582672119,0.2804082036018371,-0.0202137883752584,0.5945037007331848,0.3645206689834595,-0.0082889730110764,0.5650316476821899,0.3214598298072815,-0.0142940040677785,0.5474766492843628,0.2963639497756958,-0.0190979428589344,0.531578540802002,0.2764040827751159,-0.0229051019996404,0.6136248707771301,0.3616055846214294,-0.0172198470681905,0.5913357138633728,0.3276700675487518,-0.022409351542592,0.5762020945549011,0.3073799312114715,-0.0240070298314094,0.5622385144233704,0.291677325963974,-0.0252231061458587,0.0,0.0,0.0,0.0,0.0,0.0,0.0,0.0,0.0,0.0,0.0,0.0,0.0,0.0,0.0,0.0,0.0,0.0,0.0,0.0,0.0,0.0,0.0,0.0,0.0,0.0,0.0,0.0,0.0,0.0,0.0,0.0,0.0,0.0,0.0,0.0,0.0,0.0,0.0,0.0,0.0,0.0,0.0,0.0,0.0,0.0,0.0,0.0,0.0,0.0,0.0,0.0,0.0,0.0,0.0,0.0,0.0,0.0,0.0,0.0,0.0,0.0,0.0,0.8496688604354858,0.8299443125724792,-0.3919447958469391,0.1634804159402847,1.0197197198867798,-0.1956609189510345,0.661329984664917,0.4651488959789276,-0.6784651875495911,0.1297350227832794,1.4232170581817627,-0.4634374976158142,Hello
0.6625283360481262,0.4674379229545593,1.3274417653974524e-07,0.6231416463851929,0.4579812288284302,-0.0002729082771111,0.5939977169036865,0.4236595034599304,-0.0001196664015878,0.5784423351287842,0.3946509063243866,-0.0025702600833028,0.5672518014907837,0.3723125755786896,-0.0049612456932663,0.5750336647033691,0.375467449426651,0.0102413278073072,0.5519418120384216,0.3343879878520965,0.002895459299907,0.5343751907348633,0.3102113008499145,-0.0050230142660439,0.5201574563980103,0.2900831699371338,-0.011063415557146,0.5832350254058838,0.3644508123397827,0.0028487585950642,0.5555445551872253,0.3209987282752991,-0.004135294817388,0.5360075831413269,0.295382022857666,-0.0120856026187539,0.5194323062896729,0.2743735313415527,-0.017510887235403,0.5965945720672607,0.3581619560718536,-0.0062186932191252,0.5690955519676208,0.3146963119506836,-0.0133416485041379,0.550668478012085,0.290007621049881,-0.0182791016995906,0.5338808298110962,0.2707840800285339,-0.0215740408748388,0.6147440671920776,0.3565601408481598,-0.0161054767668247,0.5956780314445496,0.3207019567489624,-0.0217769406735897,0.5808889269828796,0.299638032913208,-0.0230909846723079,0.5669031143188477,0.2831085920333862,-0.0238029863685369,0.0,0.0,0.0,0.0,0.0,0.0,0.0,0.0,0.0,0.0,0.0,0.0,0.0,0.0,0.0,0.0,0.0,0.0,0.0,0.0,0.0,0.0,0.0,0.0,0.0,0.0,0.0,0.0,0.0,0.0,0.0,0.0,0.0,0.0,0.0,0.0,0.0,0.0,0.0,0.0,0.0,0.0,0.0,0.0,0.0,0.0,0.0,0.0,0.0,0.0,0.0,0.0,0.0,0.0,0.0,0.0,0.0,0.0,0.0,0.0,0.0,0.0,0.0,0.8499583005905151,0.8301946520805359,-0.3887837827205658,0.163672000169754,1.0171313285827637,-0.1679012179374694,0.6593199372291565,0.4606688320636749,-0.6487683057785034,0.128556877374649,1.4199392795562744,-0.4357653558254242,Hello
0.6731221675872803,0.4573579728603363,1.3084525107842637e-07,0.6341792941093445,0.449671059846878,-0.0028119578491896,0.602052628993988,0.4127923548221588,-0.0039533576928079,0.5858011841773987,0.3798627257347107,-0.0072338520549237,0.5748096704483032,0.3559527099132538,-0.0106617985293269,0.5850381255149841,0.3607633113861084,0.0057691684924066,0.562160074710846,0.3193829953670501,-0.0032416465692222,0.5438869595527649,0.2958957850933075,-0.0125284623354673,0.5282268524169922,0.277103841304779,-0.019639803096652,0.5943996906280518,0.3497093617916107,-0.0016398868756368,0.5668588876724243,0.3048885762691498,-0.0105148339644074,0.5453109741210938,0.2793219685554504,-0.0203765537589788,0.5263329744338989,0.2590243816375732,-0.0270234551280736,0.6091890931129456,0.3453605771064758,-0.0107324514538049,0.5811668038368225,0.3006567060947418,-0.0198996439576149,0.5604480504989624,0.2754254937171936,-0.026859113946557,0.5412558913230896,0.2549982666969299,-0.0314606316387653,0.628659725189209,0.3474324643611908,-0.0206838827580213,0.6091993451118469,0.3098680377006531,-0.0287328548729419,0.5933542847633362,0.2874655425548553,-0.0318402126431465,0.5786293148994446,0.268953412771225,-0.0336888283491134,0.0,0.0,0.0,0.0,0.0,0.0,0.0,0.0,0.0,0.0,0.0,0.0,0.0,0.0,0.0,0.0,0.0,0.0,0.0,0.0,0.0,0.0,0.0,0.0,0.0,0.0,0.0,0.0,0.0,0.0,0.0,0.0,0.0,0.0,0.0,0.0,0.0,0.0,0.0,0.0,0.0,0.0,0.0,0.0,0.0,0.0,0.0,0.0,0.0,0.0,0.0,0.0,0.0,0.0,0.0,0.0,0.0,0.0,0.0,0.0,0.0,0.0,0.0,0.8485370874404907,0.8273782134056091,-0.3850661814212799,0.16494981944561,1.0137187242507937,-0.1635389626026153,0.6589133143424988,0.4418777525424957,-0.6374837160110474,0.1298663467168808,1.413088321685791,-0.4331891536712646,Hello
0.6930900812149048,0.4424835443496704,7.398770662803146e-08,0.6526727080345154,0.4329956769943237,-0.0015145249199122,0.6205971240997314,0.3928573727607727,-0.0017013123724609,0.6046627163887024,0.3560520708560943,-0.0042230137623846,0.5952698588371277,0.332122266292572,-0.0067980345338582,0.6086496114730835,0.3384450376033783,0.0071545727550983,0.5871490836143494,0.2973118424415588,-0.0018109759548678,0.5703938603401184,0.2714394927024841,-0.0112042091786861,0.5566161870956421,0.2481701821088791,-0.018463160842657,0.617881715297699,0.329982578754425,-0.0002181626914534,0.5946163535118103,0.2870086133480072,-0.0089471423998475,0.5759983062744141,0.2605852782726288,-0.0174446869641542,0.5598360896110535,0.2352156788110733,-0.0232909303158521,0.6309295892715454,0.3273666799068451,-0.0094093447551131,0.6072446703910828,0.2853810489177704,-0.01813630387187,0.5875596404075623,0.2611048817634582,-0.0229406468570232,0.5707435011863708,0.2394109368324279,-0.0259360671043396,0.647537350654602,0.330077052116394,-0.0197275020182132,0.6275256872177124,0.2951748073101043,-0.0271914731711149,0.6098008155822754,0.2758122384548187,-0.0295397490262985,0.5942572951316833,0.2603466212749481,-0.0308059360831975,0.0,0.0,0.0,0.0,0.0,0.0,0.0,0.0,0.0,0.0,0.0,0.0,0.0,0.0,0.0,0.0,0.0,0.0,0.0,0.0,0.0,0.0,0.0,0.0,0.0,0.0,0.0,0.0,0.0,0.0,0.0,0.0,0.0,0.0,0.0,0.0,0.0,0.0,0.0,0.0,0.0,0.0,0.0,0.0,0.0,0.0,0.0,0.0,0.0,0.0,0.0,0.0,0.0,0.0,0.0,0.0,0.0,0.0,0.0,0.0,0.0,0.0,0.0,0.8503133058547974,0.8274173736572266,-0.3901962637901306,0.1659823954105377,1.0114076137542725,-0.1811026036739349,0.6743248105049133,0.4430257678031921,-0.7170897126197815,0.139603778719902,1.4005047082901,-0.5220394730567932,Hello
0.7115592360496521,0.4282888770103454,1.6388753465435005e-07,0.6703047752380371,0.4148358404636383,-0.001890420098789,0.63996422290802,0.3678523302078247,-0.0030442166607826,0.6242444515228271,0.3308861553668976,-0.0055103781633079,0.611425518989563,0.3046117126941681,-0.0087818503379821,0.6368500590324402,0.3123163878917694,-0.0041498565115034,0.6179811358451843,0.2662291824817657,-0.0163758154958486,0.6026910543441772,0.2358434498310089,-0.0267382059246301,0.5897514224052429,0.2100748568773269,-0.0344694405794143,0.6504455208778381,0.3087354004383087,-0.0127373076975345,0.6292353868484497,0.2607705593109131,-0.0231536924839019,0.6123203039169312,0.2279635220766067,-0.0330164022743701,0.5971056222915649,0.1982167363166809,-0.0403220243752002,0.6668820977210999,0.3152024149894714,-0.0222941190004348,0.648514449596405,0.2719078361988067,-0.0334695279598236,0.6351794004440308,0.2424853295087814,-0.0405631065368652,0.6227956414222717,0.2154984325170517,-0.0459355860948562,0.6856936812400818,0.33119598031044,-0.0323459804058074,0.6788834929466248,0.3053172826766968,-0.0428051725029945,0.6729823350906372,0.2846449315547943,-0.0467242822051048,0.6679743528366089,0.2648408710956573,-0.0496262349188327,0.0,0.0,0.0,0.0,0.0,0.0,0.0,0.0,0.0,0.0,0.0,0.0,0.0,0.0,0.0,0.0,0.0,0.0,0.0,0.0,0.0,0.0,0.0,0.0,0.0,0.0,0.0,0.0,0.0,0.0,0.0,0.0,0.0,0.0,0.0,0.0,0.0,0.0,0.0,0.0,0.0,0.0,0.0,0.0,0.0,0.0,0.0,0.0,0.0,0.0,0.0,0.0,0.0,0.0,0.0,0.0,0.0,0.0,0.0,0.0,0.0,0.0,0.0,0.8551895022392273,0.827454686164856,-0.4472423493862152,0.1664986312389373,1.012439846992493,-0.2320328205823898,0.7029226422309875,0.4340772628784179,-0.8975561261177063,0.1798206269741058,1.3926361799240112,-0.6544536352157593,Hello
0.7397059202194214,0.4185420870780945,1.2687448247561406e-07,0.698375403881073,0.4046428203582763,-0.0022816099226474,0.666947066783905,0.3567441701889038,-0.003087559249252,0.6495540142059326,0.3178301155567169,-0.0057027884759008,0.6351102590560913,0.2904688119888305,-0.0085916807875037,0.6673778295516968,0.2968475222587585,0.0019756390247493,0.6485734581947327,0.2478464841842651,-0.0087627759203314,0.6335386633872986,0.2149653136730194,-0.0185456667095422,0.6220348477363586,0.1884459108114242,-0.0256357491016387,0.6799057126045227,0.2887022495269775,-0.0059831663966178,0.6576653122901917,0.2355295121669769,-0.0164458509534597,0.6395348310470581,0.1998185068368911,-0.0258665215224027,0.6235281825065613,0.1697253137826919,-0.0317447297275066,0.6968659162521362,0.287597119808197,-0.0154553772881627,0.6738541722297668,0.2331618070602417,-0.0262378938496112,0.6561354398727417,0.1981618702411651,-0.0317527167499065,0.6403689384460449,0.1685763150453567,-0.034617219120264,0.7174665927886963,0.2938275635242462,-0.0257406812161207,0.7033377289772034,0.2466844916343689,-0.0354139246046543,0.691272497177124,0.2152491807937622,-0.0382312797009944,0.680169939994812,0.1887722611427307,-0.039211843162775,0.0,0.0,0.0,0.0,0.0,0.0,0.0,0.0,0.0,0.0,0.0,0.0,0.0,0.0,0.0,0.0,0.0,0.0,0.0,0.0,0.0,0.0,0.0,0.0,0.0,0.0,0.0,0.0,0.0,0.0,0.0,0.0,0.0,0.0,0.0,0.0,0.0,0.0,0.0,0.0,0.0,0.0,0.0,0.0,0.0,0.0,0.0,0.0,0.0,0.0,0.0,0.0,0.0,0.0,0.0,0.0,0.0,0.0,0.0,0.0,0.0,0.0,0.0,0.8550995588302612,0.8247985243797302,-0.4311653077602386,0.1664197444915771,1.0139425992965698,-0.2314880788326263,0.7413148283958435,0.4262739419937134,-0.8227258920669556,0.1844875216484069,1.3933284282684326,-0.620671808719635,Hello
0.7460190057754517,0.415378600358963,1.3099275975037017e-07,0.7037758231163025,0.404643565416336,-0.0019224463030695,0.6702233552932739,0.3544247150421142,-0.0013767831260338,0.653077244758606,0.3130418360233307,-0.0027708201669156,0.6369079351425171,0.2896323502063751,-0.0043016420677304,0.6682803630828857,0.2937607169151306,0.0048812385648489,0.6479182243347168,0.2427893280982971,-0.0040844311006367,0.6330382227897644,0.2100500762462616,-0.0128381131216883,0.6215251684188843,0.1833118647336959,-0.019365157932043,0.6811053156852722,0.2849491834640503,-0.0027249872218817,0.6580795049667358,0.2318857610225677,-0.0116538917645812,0.6400995254516602,0.196968674659729,-0.0204040315002203,0.6246484518051147,0.1674104928970337,-0.0261771474033594,0.6978021264076233,0.2835815548896789,-0.0120695699006319,0.6751522421836853,0.229553073644638,-0.0210203807801008,0.658176064491272,0.1965008974075317,-0.0266094803810119,0.6433606743812561,0.1686990708112716,-0.0300464648753404,0.7176061868667603,0.2897276878356933,-0.0223940499126911,0.7024198174476624,0.2435558140277862,-0.0306088700890541,0.6897214651107788,0.213538646697998,-0.0338622443377971,0.6784366965293884,0.1880854815244674,-0.0356739535927772,0.0,0.0,0.0,0.0,0.0,0.0,0.0,0.0,0.0,0.0,0.0,0.0,0.0,0.0,0.0,0.0,0.0,0.0,0.0,0.0,0.0,0.0,0.0,0.0,0.0,0.0,0.0,0.0,0.0,0.0,0.0,0.0,0.0,0.0,0.0,0.0,0.0,0.0,0.0,0.0,0.0,0.0,0.0,0.0,0.0,0.0,0.0,0.0,0.0,0.0,0.0,0.0,0.0,0.0,0.0,0.0,0.0,0.0,0.0,0.0,0.0,0.0,0.0,0.8550288081169128,0.8233489394187927,-0.4187185168266296,0.1663617491722107,1.0150867700576782,-0.2289904356002807,0.7498502731323242,0.4228618741035461,-0.8064157366752625,0.1839230060577392,1.3941234350204468,-0.6034432053565979,Hello
0.7725369334220886,0.4201497137546539,7.220532438623195e-08,0.7351592183113098,0.4091789126396179,-0.004317283630371,0.7018160223960876,0.3640753626823425,-0.0066994600929319,0.6866489052772522,0.3237309455871582,-0.0109980227425694,0.6782200932502747,0.2933892607688904,-0.0155211817473173,0.6982621550559998,0.2942365109920501,-0.0005145681207068,0.6784831285476685,0.2451735287904739,-0.0134588908404111,0.6699466705322266,0.2238592505455017,-0.0246497113257646,0.6660780310630798,0.2072784006595611,-0.0321676842868328,0.7139157652854919,0.2792340815067291,-0.0088218851014971,0.6919265985488892,0.2197161614894867,-0.0208445992320776,0.6770048141479492,0.1809050291776657,-0.0317256860435009,0.6654060482978821,0.1494689583778381,-0.0386115685105323,0.7339284420013428,0.2756467759609222,-0.019118782132864,0.711362898349762,0.2170474380254745,-0.0313855856657028,0.6960453391075134,0.1799376308917999,-0.0394258759915828,0.6826277375221252,0.1489571183919906,-0.0440597645938396,0.7573930621147156,0.2829136550426483,-0.030172299593687,0.7418687343597412,0.2353703826665878,-0.0407740138471126,0.7286683320999146,0.2040437757968902,-0.0442929454147815,0.7167361974716187,0.1786288172006607,-0.0458913408219814,0.0,0.0,0.0,0.0,0.0,0.0,0.0,0.0,0.0,0.0,0.0,0.0,0.0,0.0,0.0,0.0,0.0,0.0,0.0,0.0,0.0,0.0,0.0,0.0,0.0,0.0,0.0,0.0,0.0,0.0,0.0,0.0,0.0,0.0,0.0,0.0,0.0,0.0,0.0,0.0,0.0,0.0,0.0,0.0,0.0,0.0,0.0,0.0,0.0,0.0,0.0,0.0,0.0,0.0,0.0,0.0,0.0,0.0,0.0,0.0,0.0,0.0,0.0,0.8530627489089966,0.8254799246788025,-0.4131971299648285,0.16631880402565,1.0200331211090088,-0.1749095171689987,0.7706854939460754,0.4151283502578735,-0.853327751159668,0.1688294112682342,1.418105959892273,-0.3614529073238373,Hello
0.0,0.0,0.0,0.0,0.0,0.0,0.0,0.0,0.0,0.0,0.0,0.0,0.0,0.0,0.0,0.0,0.0,0.0,0.0,0.0,0.0,0.0,0.0,0.0,0.0,0.0,0.0,0.0,0.0,0.0,0.0,0.0,0.0,0.0,0.0,0.0,0.0,0.0,0.0,0.0,0.0,0.0,0.0,0.0,0.0,0.0,0.0,0.0,0.0,0.0,0.0,0.0,0.0,0.0,0.0,0.0,0.0,0.0,0.0,0.0,0.0,0.0,0.0,0.0,0.0,0.0,0.0,0.0,0.0,0.0,0.0,0.0,0.0,0.0,0.0,0.0,0.0,0.0,0.0,0.0,0.0,0.0,0.0,0.0,0.0,0.0,0.0,0.0,0.0,0.0,0.0,0.0,0.0,0.0,0.0,0.0,0.0,0.0,0.0,0.0,0.0,0.0,0.0,0.0,0.0,0.0,0.0,0.0,0.0,0.0,0.0,0.0,0.0,0.0,0.0,0.0,0.0,0.0,0.0,0.0,0.0,0.0,0.0,0.0,0.0,0.0,0.854389488697052,0.8387598395347595,-0.4140592515468597,0.166311040520668,1.0233595371246338,-0.152663379907608,0.7972069978713989,0.4135878682136535,-0.8553581237792969,0.1622297018766403,1.4262652397155762,-0.3239840269088745,Hello
0.0,0.0,0.0,0.0,0.0,0.0,0.0,0.0,0.0,0.0,0.0,0.0,0.0,0.0,0.0,0.0,0.0,0.0,0.0,0.0,0.0,0.0,0.0,0.0,0.0,0.0,0.0,0.0,0.0,0.0,0.0,0.0,0.0,0.0,0.0,0.0,0.0,0.0,0.0,0.0,0.0,0.0,0.0,0.0,0.0,0.0,0.0,0.0,0.0,0.0,0.0,0.0,0.0,0.0,0.0,0.0,0.0,0.0,0.0,0.0,0.0,0.0,0.0,0.0,0.0,0.0,0.0,0.0,0.0,0.0,0.0,0.0,0.0,0.0,0.0,0.0,0.0,0.0,0.0,0.0,0.0,0.0,0.0,0.0,0.0,0.0,0.0,0.0,0.0,0.0,0.0,0.0,0.0,0.0,0.0,0.0,0.0,0.0,0.0,0.0,0.0,0.0,0.0,0.0,0.0,0.0,0.0,0.0,0.0,0.0,0.0,0.0,0.0,0.0,0.0,0.0,0.0,0.0,0.0,0.0,0.0,0.0,0.0,0.0,0.0,0.0,0.8573139309883118,0.8465630412101746,-0.4150857031345367,0.16676926612854,1.023047685623169,-0.1123629584908485,0.8225437998771667,0.4111189246177673,-0.8436377644538879,0.1506355702877044,1.4255306720733645,-0.2631217837333679,Hello
0.0,0.0,0.0,0.0,0.0,0.0,0.0,0.0,0.0,0.0,0.0,0.0,0.0,0.0,0.0,0.0,0.0,0.0,0.0,0.0,0.0,0.0,0.0,0.0,0.0,0.0,0.0,0.0,0.0,0.0,0.0,0.0,0.0,0.0,0.0,0.0,0.0,0.0,0.0,0.0,0.0,0.0,0.0,0.0,0.0,0.0,0.0,0.0,0.0,0.0,0.0,0.0,0.0,0.0,0.0,0.0,0.0,0.0,0.0,0.0,0.0,0.0,0.0,0.0,0.0,0.0,0.0,0.0,0.0,0.0,0.0,0.0,0.0,0.0,0.0,0.0,0.0,0.0,0.0,0.0,0.0,0.0,0.0,0.0,0.0,0.0,0.0,0.0,0.0,0.0,0.0,0.0,0.0,0.0,0.0,0.0,0.0,0.0,0.0,0.0,0.0,0.0,0.0,0.0,0.0,0.0,0.0,0.0,0.0,0.0,0.0,0.0,0.0,0.0,0.0,0.0,0.0,0.0,0.0,0.0,0.0,0.0,0.0,0.0,0.0,0.0,0.8589736223220825,0.8501102924346924,-0.4148735105991363,0.1670572608709335,1.022832274436951,-0.1057728305459022,0.8271878957748413,0.4098131954669952,-0.8394689559936523,0.1446470022201538,1.4250190258026123,-0.2590504586696625,Hello
0.8574990034103394,0.4235823154449463,1.9537563389349089e-07,0.8155250549316406,0.4049341082572937,-0.0201910249888896,0.7826471924781799,0.3469194769859314,-0.0303348172456026,0.7717398405075073,0.2917510569095611,-0.0392442196607589,0.7704899311065674,0.246769905090332,-0.0474395416676998,0.797806978225708,0.2699217796325683,-0.015320892445743,0.7862638831138611,0.2029412984848022,-0.0335258021950721,0.7784222364425659,0.1576268076896667,-0.0486234724521636,0.7720855474472046,0.1204997152090072,-0.0593487732112407,0.8213090896606445,0.2601601779460907,-0.0167705547064542,0.8086282014846802,0.1923596858978271,-0.0332994796335697,0.798638641834259,0.1454915851354599,-0.0467505939304828,0.7891218066215515,0.1055493205785751,-0.0555536523461341,0.8464728593826294,0.2635018825531006,-0.0213415902107954,0.8333494067192078,0.1982907652854919,-0.0366572476923465,0.824270486831665,0.1565276235342025,-0.044839359819889,0.8149709105491638,0.1204531490802764,-0.0494868904352188,0.8734620809555054,0.2788401544094085,-0.0281461123377084,0.8652476072311401,0.2253717482089996,-0.0423691160976886,0.8566665053367615,0.190212607383728,-0.0477356649935245,0.8476223945617676,0.1597751080989837,-0.0499809198081493,0.0,0.0,0.0,0.0,0.0,0.0,0.0,0.0,0.0,0.0,0.0,0.0,0.0,0.0,0.0,0.0,0.0,0.0,0.0,0.0,0.0,0.0,0.0,0.0,0.0,0.0,0.0,0.0,0.0,0.0,0.0,0.0,0.0,0.0,0.0,0.0,0.0,0.0,0.0,0.0,0.0,0.0,0.0,0.0,0.0,0.0,0.0,0.0,0.0,0.0,0.0,0.0,0.0,0.0,0.0,0.0,0.0,0.0,0.0,0.0,0.0,0.0,0.0,0.8600339889526367,0.8531838059425354,-0.4252285361289978,0.1680032312870025,1.020654320716858,-0.1566394120454788,0.848785400390625,0.4156233668327331,-0.8635441064834595,0.1583158671855926,1.405942440032959,-0.4089590609073639,Hello
0.671686589717865,0.5356542468070984,2.156766214511663e-07,0.6309815049171448,0.527104914188385,-0.0130795678123831,0.5971083045005798,0.4940791428089142,-0.0192154590040445,0.5786653161048889,0.4546208381652832,-0.0247290655970573,0.5632992386817932,0.4201768636703491,-0.0295802447944879,0.5975017547607422,0.4328677654266357,-0.0073776203207671,0.5769070982933044,0.381583571434021,-0.0191190410405397,0.565007209777832,0.3515161573886871,-0.028930926695466,0.5552651286125183,0.3242964744567871,-0.0356913395226001,0.615483283996582,0.4175532162189483,-0.009458040818572,0.5925999283790588,0.3605494797229767,-0.0182232242077589,0.5787055492401123,0.326258510351181,-0.0260498598217964,0.5670403838157654,0.2969852089881897,-0.0316603630781173,0.6360414624214172,0.4119384586811065,-0.0139321042224764,0.6153231263160706,0.3600188493728637,-0.0217189788818359,0.6029115915298462,0.3295812010765075,-0.025376534089446,0.5919798016548157,0.303888589143753,-0.0282156094908714,0.660002589225769,0.4132688641548157,-0.0202118977904319,0.6453805565834045,0.3750258386135101,-0.0264167301356792,0.6351624131202698,0.3512240052223205,-0.0272349696606397,0.6255720853805542,0.3309778273105621,-0.0276367738842964,0.0,0.0,0.0,0.0,0.0,0.0,0.0,0.0,0.0,0.0,0.0,0.0,0.0,0.0,0.0,0.0,0.0,0.0,0.0,0.0,0.0,0.0,0.0,0.0,0.0,0.0,0.0,0.0,0.0,0.0,0.0,0.0,0.0,0.0,0.0,0.0,0.0,0.0,0.0,0.0,0.0,0.0,0.0,0.0,0.0,0.0,0.0,0.0,0.0,0.0,0.0,0.0,0.0,0.0,0.0,0.0,0.0,0.0,0.0,0.0,0.0,0.0,0.0,0.8079080581665039,0.916936695575714,-0.328764259815216,0.1923619359731674,1.0156880617141724,0.0614761412143707,0.6758018732070923,0.581524670124054,-0.7334988117218018,0.1974838674068451,1.368215799331665,-0.0634121820330619,Hi
0.671909749507904,0.5359034538269043,2.1438262365336413e-07,0.6310609579086304,0.5270801186561584,-0.0130604840815067,0.5971925258636475,0.4939784705638885,-0.0191914606839418,0.578613817691803,0.4545190036296844,-0.0247173048555851,0.5632253289222717,0.4200183749198913,-0.0295763909816741,0.5977950692176819,0.4327417314052582,-0.0072271432727575,0.5771215558052063,0.3813738226890564,-0.0189419798552989,0.565113365650177,0.3513180613517761,-0.0287501327693462,0.555264949798584,0.3241866528987884,-0.0355015881359577,0.6158022284507751,0.4173390865325928,-0.0092654731124639,0.5929355621337891,0.3601631820201874,-0.0179651454091072,0.5789855122566223,0.3259194195270538,-0.0257307700812816,0.5672436356544495,0.2967817485332489,-0.0313015654683113,0.6363804936408997,0.4116732776165008,-0.0137044163420796,0.615641176700592,0.3595365285873413,-0.0213529635220766,0.6031558513641357,0.3291507065296173,-0.0249193850904703,0.5921739339828491,0.3036456704139709,-0.027716938406229,0.6603331565856934,0.4130382537841797,-0.0199605356901884,0.6456494927406311,0.3747572302818298,-0.0260125920176506,0.6353045105934143,0.3510277271270752,-0.0267567355185747,0.62558513879776,0.3309758901596069,-0.0271161459386348,0.0,0.0,0.0,0.0,0.0,0.0,0.0,0.0,0.0,0.0,0.0,0.0,0.0,0.0,0.0,0.0,0.0,0.0,0.0,0.0,0.0,0.0,0.0,0.0,0.0,0.0,0.0,0.0,0.0,0.0,0.0,0.0,0.0,0.0,0.0,0.0,0.0,0.0,0.0,0.0,0.0,0.0,0.0,0.0,0.0,0.0,0.0,0.0,0.0,0.0,0.0,0.0,0.0,0.0,0.0,0.0,0.0,0.0,0.0,0.0,0.0,0.0,0.0,0.8078753352165222,0.9170203804969788,-0.3324363529682159,0.1926899403333664,1.015819787979126,0.0610059089958667,0.6758338809013367,0.5813127160072327,-0.748003363609314,0.1975963711738586,1.3682281970977783,-0.0770747289061546,Hi
0.6718456745147705,0.5359654426574707,2.076068170708823e-07,0.6311655044555664,0.5271438956260681,-0.0129039408639073,0.5973138809204102,0.4939560294151306,-0.0189337097108364,0.5787082314491272,0.4546855390071869,-0.0244248509407043,0.5632482767105103,0.4203912615776062,-0.0292873475700616,0.597823441028595,0.4326283633708954,-0.0069350958801805,0.5771192908287048,0.3817687630653381,-0.0186128858476877,0.5651132464408875,0.3519906997680664,-0.0284433737397193,0.5553187131881714,0.3249448835849762,-0.0352637991309165,0.615702211856842,0.4171459376811981,-0.0091264052316546,0.592820942401886,0.3603087365627289,-0.017902972176671,0.5788131952285767,0.3261483311653137,-0.025781262665987,0.5671022534370422,0.2969825267791748,-0.0314692743122577,0.6362263560295105,0.4114938378334045,-0.0137343565002083,0.6154914498329163,0.3592729866504669,-0.021574143320322,0.6029766798019409,0.32902592420578,-0.025346253067255,0.5919197201728821,0.3035428524017334,-0.0282845869660377,0.6601550579071045,0.4130237996578216,-0.0201340615749359,0.6453348398208618,0.3746672868728637,-0.0264570824801921,0.6347790360450745,0.3509602844715118,-0.0274382587522268,0.6248190402984619,0.3308810889720917,-0.027968905866146,0.0,0.0,0.0,0.0,0.0,0.0,0.0,0.0,0.0,0.0,0.0,0.0,0.0,0.0,0.0,0.0,0.0,0.0,0.0,0.0,0.0,0.0,0.0,0.0,0.0,0.0,0.0,0.0,0.0,0.0,0.0,0.0,0.0,0.0,0.0,0.0,0.0,0.0,0.0,0.0,0.0,0.0,0.0,0.0,0.0,0.0,0.0,0.0,0.0,0.0,0.0,0.0,0.0,0.0,0.0,0.0,0.0,0.0,0.0,0.0,0.0,0.0,0.0,0.8079143762588501,0.9172541499137878,-0.3325196206569671,0.1927089840173721,1.0158839225769043,0.0586426928639411,0.6759682297706604,0.5809433460235596,-0.7403276562690735,0.1973865330219268,1.3682293891906738,-0.0874029546976089,Hi
0.6718106269836426,0.5360857248306274,2.072183633572422e-07,0.6312349438667297,0.527226448059082,-0.0130344592034816,0.5973093509674072,0.4944845139980316,-0.0192017145454883,0.5784273743629456,0.4553430676460266,-0.0247970446944236,0.5632374882698059,0.4206990599632263,-0.0297322981059551,0.5976033210754395,0.432875245809555,-0.0067938682623207,0.5770043730735779,0.3822842836380005,-0.0184278804808855,0.565044641494751,0.3527898490428924,-0.0282845180481672,0.5552493929862976,0.3258465826511383,-0.0351698510348796,0.6155269742012024,0.4172329306602478,-0.0089211966842412,0.5927296280860901,0.3605567514896393,-0.017660416662693,0.5787866711616516,0.3266008198261261,-0.025591230019927,0.5670338273048401,0.2975112795829773,-0.0313492380082607,0.6361501216888428,0.4115893542766571,-0.0134862288832664,0.615448534488678,0.359521746635437,-0.0213477127254009,0.6030117869377136,0.3294476866722107,-0.0251253172755241,0.5919638276100159,0.3040879666805267,-0.028077233582735,0.6601794958114624,0.4132186770439148,-0.0198439545929431,0.6453885436058044,0.374987244606018,-0.0261941105127334,0.6348977088928223,0.3514022827148437,-0.0271662045270204,0.6250221729278564,0.3313268423080444,-0.0276941154152154,0.0,0.0,0.0,0.0,0.0,0.0,0.0,0.0,0.0,0.0,0.0,0.0,0.0,0.0,0.0,0.0,0.0,0.0,0.0,0.0,0.0,0.0,0.0,0.0,0.0,0.0,0.0,0.0,0.0,0.0,0.0,0.0,0.0,0.0,0.0,0.0,0.0,0.0,0.0,0.0,0.0,0.0,0.0,0.0,0.0,0.0,0.0,0.0,0.0,0.0,0.0,0.0,0.0,0.0,0.0,0.0,0.0,0.0,0.0,0.0,0.0,0.0,0.0,0.8081508874893188,0.9176256656646729,-0.3313601613044739,0.1926660686731338,1.0159566402435305,0.0490583032369613,0.6760991811752319,0.5808886885643005,-0.7313076257705688,0.1973025798797607,1.3682221174240112,-0.1072295904159545,Hi
0.6718593239784241,0.5361212491989136,2.1017828544245281e-07,0.6313273906707764,0.5273123383522034,-0.0130838528275489,0.597459077835083,0.4946156740188598,-0.0193033255636692,0.578667163848877,0.4553339183330536,-0.024921091273427,0.5633636116981506,0.420658141374588,-0.0298639722168445,0.5976070761680603,0.432961106300354,-0.0069995759986341,0.5769729614257812,0.3821512758731842,-0.0186459962278604,0.5650231838226318,0.3525137603282928,-0.0284907277673482,0.5552482604980469,0.3254830539226532,-0.0353306904435157,0.6155597567558289,0.4173845946788788,-0.009073507040739,0.5927208065986633,0.3605175614356994,-0.0177305676043033,0.5788131952285767,0.3264786899089813,-0.0255737509578466,0.5671195983886719,0.2973487973213196,-0.0312604866921901,0.6361780166625977,0.4117224514484405,-0.0135729052126407,0.6155422925949097,0.3596658706665039,-0.0212682038545608,0.6031339764595032,0.329455703496933,-0.0249406341463327,0.5921453833580017,0.3040209114551544,-0.0278410259634256,0.6602035760879517,0.4132522642612457,-0.0198804102838039,0.6454660296440125,0.374983936548233,-0.0260355733335018,0.6350829005241394,0.3513175845146179,-0.0268783774226903,0.6253122687339783,0.3312205374240875,-0.0273268371820449,0.0,0.0,0.0,0.0,0.0,0.0,0.0,0.0,0.0,0.0,0.0,0.0,0.0,0.0,0.0,0.0,0.0,0.0,0.0,0.0,0.0,0.0,0.0,0.0,0.0,0.0,0.0,0.0,0.0,0.0,0.0,0.0,0.0,0.0,0.0,0.0,0.0,0.0,0.0,0.0,0.0,0.0,0.0,0.0,0.0,0.0,0.0,0.0,0.0,0.0,0.0,0.0,0.0,0.0,0.0,0.0,0.0,0.0,0.0,0.0,0.0,0.0,0.0,0.8083546757698059,0.9178917407989502,-0.3306423425674438,0.192560076713562,1.015968918800354,0.0472984574735164,0.6761987805366516,0.5807270407676697,-0.7274125814437866,0.1972122937440872,1.3680850267410278,-0.1084638014435768,Hi
0.6718725562095642,0.5362204909324646,2.110508745545303e-07,0.6313574910163879,0.5271221995353699,-0.0128267770633101,0.5976353883743286,0.493946760892868,-0.0189881399273872,0.5790128707885742,0.4544771909713745,-0.0245941616594791,0.5634011626243591,0.4199228286743164,-0.0295774638652801,0.5980486869812012,0.4330722689628601,-0.0074691465124487,0.5772074460983276,0.3815855681896209,-0.0192418582737445,0.565010130405426,0.351622998714447,-0.0289969332516193,0.5549499988555908,0.3244699239730835,-0.0357223898172378,0.6159991025924683,0.4178217947483063,-0.0097038447856903,0.593041718006134,0.3604039549827575,-0.01851012930274,0.5790690779685974,0.3260200619697571,-0.0262835584580898,0.5672924518585205,0.2966513633728027,-0.0318763069808483,0.6365934014320374,0.4122143983840942,-0.0142901055514812,0.6157259345054626,0.3597835004329681,-0.0220575556159019,0.6033189296722412,0.3293856680393219,-0.0256386678665876,0.5923386216163635,0.3038226962089538,-0.0284415408968925,0.660574197769165,0.4135550558567047,-0.0206565987318754,0.6456712484359741,0.3749051690101623,-0.0268735773861408,0.6353031396865845,0.3509534001350403,-0.0276843104511499,0.6255459189414978,0.3306692242622375,-0.0280835628509521,0.0,0.0,0.0,0.0,0.0,0.0,0.0,0.0,0.0,0.0,0.0,0.0,0.0,0.0,0.0,0.0,0.0,0.0,0.0,0.0,0.0,0.0,0.0,0.0,0.0,0.0,0.0,0.0,0.0,0.0,0.0,0.0,0.0,0.0,0.0,0.0,0.0,0.0,0.0,0.0,0.0,0.0,0.0,0.0,0.0,0.0,0.0,0.0,0.0,0.0,0.0,0.0,0.0,0.0,0.0,0.0,0.0,0.0,0.0,0.0,0.0,0.0,0.0,0.8083497881889343,0.9181572198867798,-0.3514736592769623,0.1924890875816345,1.0159841775894165,0.0458513796329498,0.6764070391654968,0.5805502533912659,-0.7559568285942078,0.1972023546695709,1.368049383163452,-0.1170792132616043,Hi
0.6730230450630188,0.5385155081748962,2.061410953047016e-07,0.636485755443573,0.5228738188743591,-0.0111896824091672,0.6093252301216125,0.4898959696292877,-0.0183134675025939,0.5959823727607727,0.4563732147216797,-0.0258060172200202,0.5859449505805969,0.425506591796875,-0.0327899269759655,0.6049806475639343,0.4230993986129761,-0.004092457704246,0.5885119438171387,0.3710838556289673,-0.0160937681794166,0.5778372287750244,0.3402348756790161,-0.0272650383412837,0.5691673159599304,0.313943862915039,-0.034976627677679,0.620783269405365,0.4141077995300293,-0.0074985860846936,0.6010106205940247,0.3587410449981689,-0.0168622154742479,0.5882719159126282,0.3254884779453277,-0.0256580282002687,0.576902449131012,0.2971460223197937,-0.0316237136721611,0.6393133997917175,0.4122502207756042,-0.0133133083581924,0.6195152401924133,0.3616740703582763,-0.0210132710635662,0.607353150844574,0.3316317796707153,-0.0246098041534423,0.5967418551445007,0.3068692088127136,-0.0271711647510528,0.661935567855835,0.4167384803295135,-0.0209699440747499,0.6483524441719055,0.3782919645309448,-0.0265188477933406,0.6386607885360718,0.3547524213790893,-0.0265477616339921,0.629867434501648,0.3356598019599914,-0.0262430477887392,0.0,0.0,0.0,0.0,0.0,0.0,0.0,0.0,0.0,0.0,0.0,0.0,0.0,0.0,0.0,0.0,0.0,0.0,0.0,0.0,0.0,0.0,0.0,0.0,0.0,0.0,0.0,0.0,0.0,0.0,0.0,0.0,0.0,0.0,0.0,0.0,0.0,0.0,0.0,0.0,0.0,0.0,0.0,0.0,0.0,0.0,0.0,0.0,0.0,0.0,0.0,0.0,0.0,0.0,0.0,0.0,0.0,0.0,0.0,0.0,0.0,0.0,0.0,0.808334231376648,0.9185567498207092,-0.3524264693260193,0.1920088976621627,1.0159404277801514,0.0281106941401958,0.676451563835144,0.5803272724151611,-0.7711470127105713,0.1967327147722244,1.3676308393478394,-0.140305757522583,Hi
0.6837794184684753,0.5312553644180298,7.25874755858058e-08,0.6518664360046387,0.4957966208457947,-0.0014738764148205,0.6325361728668213,0.4496225416660309,-0.0021752000320702,0.6239685416221619,0.4123555123806,-0.005656567402184,0.6217546463012695,0.3896803259849548,-0.0094469180330634,0.6414223313331604,0.3927040696144104,0.0090307705104351,0.634330153465271,0.3450288474559784,0.0014831383014097,0.6287245154380798,0.3176391720771789,-0.0071241464465856,0.6233017444610596,0.2937135696411133,-0.0140153728425502,0.6576434373855591,0.3920431435108185,0.0009362926357425,0.6482700705528259,0.3421003818511963,-0.0045260884799063,0.6389787793159485,0.314177930355072,-0.0121282413601875,0.6299294829368591,0.2918488979339599,-0.0183350015431642,0.6750560402870178,0.4003470242023468,-0.0092324651777744,0.6644243001937866,0.357016384601593,-0.0151529507711529,0.653780996799469,0.332118809223175,-0.0194509681314229,0.6447248458862305,0.3139255940914154,-0.0231651570647954,0.6934283971786499,0.416584849357605,-0.0205329172313213,0.6801236867904663,0.3894924521446228,-0.0248681176453828,0.6675454378128052,0.3781650960445404,-0.0250075440853834,0.656354546546936,0.3722217082977295,-0.0256228987127542,0.0,0.0,0.0,0.0,0.0,0.0,0.0,0.0,0.0,0.0,0.0,0.0,0.0,0.0,0.0,0.0,0.0,0.0,0.0,0.0,0.0,0.0,0.0,0.0,0.0,0.0,0.0,0.0,0.0,0.0,0.0,0.0,0.0,0.0,0.0,0.0,0.0,0.0,0.0,0.0,0.0,0.0,0.0,0.0,0.0,0.0,0.0,0.0,0.0,0.0,0.0,0.0,0.0,0.0,0.0,0.0,0.0,0.0,0.0,0.0,0.0,0.0,0.0,0.8001381754875183,0.9185921549797058,-0.3179894983768463,0.1905934065580368,1.0161420106887815,-0.0581727810204029,0.6844189167022705,0.5776599049568176,-0.6864480376243591,0.1958321630954742,1.3677879571914673,-0.2653649151325226,Hi
0.6871476769447327,0.5251006484031677,1.00138855430032e-07,0.6538571119308472,0.4941515922546386,-0.0010313853854313,0.6324362754821777,0.4445617496967315,-0.0001290466316277,0.6240459084510803,0.4049629867076874,-0.0015867494512349,0.6247294545173645,0.383003681898117,-0.0027489603962749,0.6393560171127319,0.3968626260757446,0.0117536867037415,0.6308161020278931,0.3537325859069824,0.0060635744594037,0.6246105432510376,0.3283966183662414,-0.0007672010688111,0.6187474131584167,0.3062114715576172,-0.0062691234052181,0.655583381652832,0.3918919265270233,0.0048479954712092,0.6439204216003418,0.3453874289989471,-0.0013908658875152,0.6348673105239868,0.3167719841003418,-0.0083007737994194,0.6253842115402222,0.2924146354198456,-0.0131038939580321,0.6746504902839661,0.394121915102005,-0.0041704848408699,0.6631747484207153,0.3485036492347717,-0.0122855911031365,0.6530070900917053,0.3225573301315307,-0.0163646079599857,0.643591582775116,0.3014214932918548,-0.0184786058962345,0.6969341039657593,0.401182621717453,-0.014022247865796,0.6963458061218262,0.3540834188461303,-0.0201904829591512,0.6972319483757019,0.3221600651741028,-0.0215005092322826,0.6975546479225159,0.2940801084041595,-0.022156286984682,0.0,0.0,0.0,0.0,0.0,0.0,0.0,0.0,0.0,0.0,0.0,0.0,0.0,0.0,0.0,0.0,0.0,0.0,0.0,0.0,0.0,0.0,0.0,0.0,0.0,0.0,0.0,0.0,0.0,0.0,0.0,0.0,0.0,0.0,0.0,0.0,0.0,0.0,0.0,0.0,0.0,0.0,0.0,0.0,0.0,0.0,0.0,0.0,0.0,0.0,0.0,0.0,0.0,0.0,0.0,0.0,0.0,0.0,0.0,0.0,0.0,0.0,0.0,0.796008825302124,0.9186161160469056,-0.305723488330841,0.1897062957286834,1.0162841081619265,-0.0743269100785255,0.6884406805038452,0.5758154988288879,-0.6635595560073853,0.1952671408653259,1.367985486984253,-0.2855110764503479,Hi
0.7252468466758728,0.5179659128189087,8.67319869257699e-08,0.6980692148208618,0.4903473854064941,-0.0057009230367839,0.6768890023231506,0.4438019394874573,-0.0072507956065237,0.6674103736877441,0.4057484567165375,-0.0100618116557598,0.6665352582931519,0.3779226243495941,-0.0125218462198972,0.6892763376235962,0.3848405480384826,0.005888445302844,0.6863381266593933,0.3365937173366546,-0.0010715959360823,0.6820558905601501,0.308942973613739,-0.0089453561231493,0.6775462031364441,0.2857583165168762,-0.0149913411587476,0.7025573253631592,0.3815995454788208,0.0010329652577638,0.6986092925071716,0.3306136429309845,-0.0048640575259923,0.694118082523346,0.2999153137207031,-0.0119620487093925,0.6890056133270264,0.2748927772045135,-0.0170718394219875,0.7164025902748108,0.3863868415355682,-0.0060848016291856,0.7123175263404846,0.3360732793807983,-0.0122461477294564,0.7088763117790222,0.3041587769985199,-0.0163714960217475,0.70589679479599,0.2786455154418945,-0.0192250665277242,0.7307573556900024,0.3980966806411743,-0.0145373838022351,0.7258856296539307,0.3564997911453247,-0.019260000437498,0.7223098874092102,0.3306009769439697,-0.0197642277926206,0.7190759778022766,0.3104265928268432,-0.0199867263436317,0.0,0.0,0.0,0.0,0.0,0.0,0.0,0.0,0.0,0.0,0.0,0.0,0.0,0.0,0.0,0.0,0.0,0.0,0.0,0.0,0.0,0.0,0.0,0.0,0.0,0.0,0.0,0.0,0.0,0.0,0.0,0.0,0.0,0.0,0.0,0.0,0.0,0.0,0.0,0.0,0.0,0.0,0.0,0.0,0.0,0.0,0.0,0.0,0.0,0.0,0.0,0.0,0.0,0.0,0.0,0.0,0.0,0.0,0.0,0.0,0.0,0.0,0.0,0.78728187084198,0.912419855594635,-0.2110109329223632,0.1891314834356308,1.0162808895111084,-0.0703175514936447,0.7169740200042725,0.5506523847579956,-0.5437659025192261,0.1924417912960052,1.3661314249038696,-0.2797205746173858,Hi
0.7505939602851868,0.5238112211227417,1.4245715362903868e-07,0.725425660610199,0.4919764399528503,-0.0141566609963774,0.7088193297386169,0.4374935328960418,-0.0189836844801902,0.7061259150505066,0.3895926475524902,-0.0228072255849838,0.7094507813453674,0.351453959941864,-0.0260462444275617,0.7217721343040466,0.3858472108840942,-0.0081245601177215,0.7192081809043884,0.3325079083442688,-0.0185446310788393,0.7186323404312134,0.3009620606899261,-0.0268615614622831,0.7185571193695068,0.2735809087753296,-0.0329245664179325,0.7431871294975281,0.3832995593547821,-0.009378601796925,0.7424950003623962,0.3285557329654693,-0.0175084378570318,0.7424837350845337,0.2964947521686554,-0.0251824725419282,0.7428418397903442,0.2698087692260742,-0.0305953789502382,0.7645493149757385,0.3944965600967407,-0.0129442503675818,0.770301878452301,0.3496673703193664,-0.0232122838497161,0.7725963592529297,0.3222118020057678,-0.0289353653788566,0.7751328945159912,0.2992313504219055,-0.0324789062142372,0.7853712439537048,0.4159858524799347,-0.0179044045507907,0.7881293892860413,0.3846824467182159,-0.0272449664771556,0.7859307527542114,0.367143452167511,-0.0293396115303039,0.7836556434631348,0.3526603579521179,-0.0301660224795341,0.0,0.0,0.0,0.0,0.0,0.0,0.0,0.0,0.0,0.0,0.0,0.0,0.0,0.0,0.0,0.0,0.0,0.0,0.0,0.0,0.0,0.0,0.0,0.0,0.0,0.0,0.0,0.0,0.0,0.0,0.0,0.0,0.0,0.0,0.0,0.0,0.0,0.0,0.0,0.0,0.0,0.0,0.0,0.0,0.0,0.0,0.0,0.0,0.0,0.0,0.0,0.0,0.0,0.0,0.0,0.0,0.0,0.0,0.0,0.0,0.0,0.0,0.0,0.7745223045349121,0.9123592376708984,-0.2228705585002899,0.1882762759923935,1.016085147857666,0.0268252156674861,0.7413433790206909,0.5464901328086853,-0.5532274842262268,0.1860834956169128,1.3568878173828125,-0.0753899961709976,Hi
0.7875988483428955,0.5316522717475891,9.304383041808253e-08,0.7765805125236511,0.4908073246479034,-0.0089413793757557,0.7679579854011536,0.4416482448577881,-0.0120830349624156,0.7642543315887451,0.401847243309021,-0.0153912995010614,0.7626365423202515,0.372071623802185,-0.0178312417119741,0.7757605910301208,0.3879204392433166,0.0012058563297614,0.7756447792053223,0.3367524147033691,-0.0077726645395159,0.7734936475753784,0.3065073788166046,-0.0167433191090822,0.7713449001312256,0.2816892266273498,-0.0232602749019861,0.7819109559059143,0.386613667011261,-0.0014253165572881,0.7821035385131836,0.3345358967781067,-0.0089444015175104,0.7802630662918091,0.3048951029777527,-0.0167434178292751,0.7776699662208557,0.2809605598449707,-0.0217419732362031,0.7873862981796265,0.3942848443984985,-0.0062750126235187,0.7834606766700745,0.3470230996608734,-0.0128933982923626,0.7808473706245422,0.3183270096778869,-0.0157941486686468,0.7790989279747009,0.2951910197734833,-0.0176298487931489,0.7922031283378601,0.4115408658981323,-0.0127074467018246,0.7858583331108093,0.3772645592689514,-0.0173419658094644,0.7810384035110474,0.3570058345794678,-0.01655382104218,0.7780760526657104,0.3408680558204651,-0.0154022928327322,0.0,0.0,0.0,0.0,0.0,0.0,0.0,0.0,0.0,0.0,0.0,0.0,0.0,0.0,0.0,0.0,0.0,0.0,0.0,0.0,0.0,0.0,0.0,0.0,0.0,0.0,0.0,0.0,0.0,0.0,0.0,0.0,0.0,0.0,0.0,0.0,0.0,0.0,0.0,0.0,0.0,0.0,0.0,0.0,0.0,0.0,0.0,0.0,0.0,0.0,0.0,0.0,0.0,0.0,0.0,0.0,0.0,0.0,0.0,0.0,0.0,0.0,0.0,0.768602728843689,0.911914587020874,-0.1992631256580352,0.188078299164772,1.015524983406067,0.1054720431566238,0.7617455720901489,0.5411475300788879,-0.5371026992797852,0.1796027570962906,1.3460601568222046,0.068113587796688,Hi
0.8091654777526855,0.5441454648971558,1.3017572086937437e-07,0.7859870195388794,0.5023908615112305,-0.0092375110834836,0.7739161252975464,0.4516304433345794,-0.0139237716794013,0.7746441960334778,0.4097334742546081,-0.018949456512928,0.781243085861206,0.377307653427124,-0.0232862550765275,0.7929723262786865,0.3958190083503723,-0.0009194430313073,0.7992552518844604,0.343447595834732,-0.0106960283592343,0.8023646473884583,0.3118850290775299,-0.0200651343911886,0.8040768504142761,0.2866219282150268,-0.0271313413977623,0.8118578195571899,0.3972718715667724,-0.004618524108082,0.8181685209274292,0.3425996303558349,-0.0134698040783405,0.8204876184463501,0.3100833296775818,-0.0221459455788135,0.8206638693809509,0.2840469479560852,-0.0280049573630094,0.830730140209198,0.4084059298038482,-0.01046275626868,0.8367451429367065,0.3547202348709106,-0.0191992744803428,0.8390135765075684,0.3212713897228241,-0.0238230805844068,0.8396623730659485,0.2943314611911773,-0.0268890764564275,0.8508124351501465,0.429426908493042,-0.0176101699471473,0.8588003516197205,0.3890272378921509,-0.0245643649250268,0.861090898513794,0.361387550830841,-0.0255990196019411,0.8613041043281555,0.3384614586830139,-0.0258803442120552,0.0,0.0,0.0,0.0,0.0,0.0,0.0,0.0,0.0,0.0,0.0,0.0,0.0,0.0,0.0,0.0,0.0,0.0,0.0,0.0,0.0,0.0,0.0,0.0,0.0,0.0,0.0,0.0,0.0,0.0,0.0,0.0,0.0,0.0,0.0,0.0,0.0,0.0,0.0,0.0,0.0,0.0,0.0,0.0,0.0,0.0,0.0,0.0,0.0,0.0,0.0,0.0,0.0,0.0,0.0,0.0,0.0,0.0,0.0,0.0,0.0,0.0,0.0,0.7638307809829712,0.9111804962158204,-0.2105109989643097,0.1883669197559356,1.0147935152053833,0.0794118493795394,0.787132978439331,0.54276442527771,-0.5504142045974731,0.1756043881177902,1.3374533653259275,0.0483752265572547,Hi
0.8292178511619568,0.5532611608505249,1.2761967127516982e-07,0.8071692585945129,0.5095173716545105,-0.0116498405113816,0.7976799607276917,0.4550922811031341,-0.0165353417396545,0.8016422986984253,0.4099309742450714,-0.0211278349161148,0.8053215742111206,0.3730639815330505,-0.0248202290385961,0.8253212571144104,0.4038548469543457,-0.0009621553472243,0.8317338228225708,0.3522839546203613,-0.0113359214738011,0.837820291519165,0.321152925491333,-0.0216397233307361,0.8438642621040344,0.2950710654258728,-0.0290145464241504,0.8424919843673706,0.4060291647911072,-0.0028861593455076,0.84895920753479,0.3527143001556396,-0.010937669314444,0.8535916805267334,0.3215760588645935,-0.0192222595214843,0.8575473427772522,0.2954581975936889,-0.0249981898814439,0.8578342199325562,0.4171259999275207,-0.0073311957530677,0.864496111869812,0.3657837510108948,-0.014890263788402,0.8689210414886475,0.3347263932228088,-0.0181237328797578,0.8725274205207825,0.3090623617172241,-0.0203230120241642,0.8733526468276978,0.4380976259708404,-0.0135578047484159,0.8802818655967712,0.3979536890983581,-0.0191474836319684,0.8837162852287292,0.3715897500514984,-0.0191334430128335,0.8856716156005859,0.3488833606243133,-0.0187375359237194,0.0,0.0,0.0,0.0,0.0,0.0,0.0,0.0,0.0,0.0,0.0,0.0,0.0,0.0,0.0,0.0,0.0,0.0,0.0,0.0,0.0,0.0,0.0,0.0,0.0,0.0,0.0,0.0,0.0,0.0,0.0,0.0,0.0,0.0,0.0,0.0,0.0,0.0,0.0,0.0,0.0,0.0,0.0,0.0,0.0,0.0,0.0,0.0,0.0,0.0,0.0,0.0,0.0,0.0,0.0,0.0,0.0,0.0,0.0,0.0,0.0,0.0,0.0,0.758520781993866,0.911098301410675,-0.2251956164836883,0.1889466941356659,1.0134174823760986,0.1510679423809051,0.800899863243103,0.5469439029693604,-0.541857123374939,0.1730151325464248,1.3319239616394043,0.0766215845942497,Hi
0.8318260312080383,0.5524741411209106,1.3146394906016212e-07,0.8080490827560425,0.5103887319564819,-0.011901082471013,0.7978625893592834,0.4565240740776062,-0.0162011124193668,0.8022502064704895,0.4117915630340576,-0.020082950592041,0.8069913387298584,0.376178115606308,-0.0227133259177207,0.8220683932304382,0.4035841822624206,0.0003492922987788,0.8275878429412842,0.3515464067459106,-0.0087372008711099,0.8325217962265015,0.3204402923583984,-0.0180226247757673,0.8370360732078552,0.2950449585914612,-0.0247702114284038,0.8398138284683228,0.4051673710346222,-0.0011157855624333,0.8451887369155884,0.3517175912857055,-0.0085320565849542,0.849629282951355,0.3205627799034118,-0.0165235362946987,0.8530340790748596,0.294670045375824,-0.0220453739166259,0.8561174273490906,0.4153871536254883,-0.0052200220525264,0.8615356683731079,0.3635826706886291,-0.0122801857069134,0.8659528493881226,0.3329988718032837,-0.0159473307430744,0.8692294955253601,0.3082382082939148,-0.0183177776634693,0.8729515671730042,0.4349686205387115,-0.01114022731781,0.8782573938369751,0.3924251794815063,-0.0165652222931385,0.8808591365814209,0.3659373819828033,-0.0170756634324789,0.8826685547828674,0.3434361815452575,-0.0169420018792152,0.0,0.0,0.0,0.0,0.0,0.0,0.0,0.0,0.0,0.0,0.0,0.0,0.0,0.0,0.0,0.0,0.0,0.0,0.0,0.0,0.0,0.0,0.0,0.0,0.0,0.0,0.0,0.0,0.0,0.0,0.0,0.0,0.0,0.0,0.0,0.0,0.0,0.0,0.0,0.0,0.0,0.0,0.0,0.0,0.0,0.0,0.0,0.0,0.0,0.0,0.0,0.0,0.0,0.0,0.0,0.0,0.0,0.0,0.0,0.0,0.0,0.0,0.0,0.7561526894569397,0.9110572338104248,-0.2304157465696334,0.1892866194248199,1.0124891996383667,0.1631056368350982,0.8038341403007507,0.5497216582298279,-0.5407379269599915,0.1715742349624633,1.3291287422180176,0.0811199992895126,Hi
0.8315719962120056,0.5559971332550049,2.2158162948926482e-07,0.8069146275520325,0.5132026076316833,-0.0135227181017398,0.7982504367828369,0.4577303230762481,-0.0186468977481126,0.80495685338974,0.4108211994171142,-0.0229022912681102,0.8078740239143372,0.3723005950450897,-0.0260210447013378,0.8298959136009216,0.4076884984970093,-0.0044402536004781,0.838558554649353,0.3517089188098907,-0.0144935240969061,0.8457107543945312,0.3196428716182709,-0.0238558538258075,0.8524592518806458,0.2925480902194977,-0.0300145484507083,0.8487499356269836,0.411800354719162,-0.0052050733938813,0.8590543866157532,0.3520925641059875,-0.0112792132422328,0.8653930425643921,0.3176307082176208,-0.0178338550031185,0.8705676198005676,0.2893272042274475,-0.0225407965481281,0.8646785616874695,0.424375981092453,-0.0085527412593364,0.8745949864387512,0.3691247701644897,-0.0135449077934026,0.8798276782035828,0.3375107049942016,-0.0158698912709951,0.883634090423584,0.3122293055057525,-0.0177054088562726,0.8800042271614075,0.445714384317398,-0.0139835588634014,0.8878793120384216,0.402064561843872,-0.0174089502543211,0.8921037316322327,0.3764921128749847,-0.0165790114551782,0.894726574420929,0.3556152582168579,-0.0157146546989679,0.0,0.0,0.0,0.0,0.0,0.0,0.0,0.0,0.0,0.0,0.0,0.0,0.0,0.0,0.0,0.0,0.0,0.0,0.0,0.0,0.0,0.0,0.0,0.0,0.0,0.0,0.0,0.0,0.0,0.0,0.0,0.0,0.0,0.0,0.0,0.0,0.0,0.0,0.0,0.0,0.0,0.0,0.0,0.0,0.0,0.0,0.0,0.0,0.0,0.0,0.0,0.0,0.0,0.0,0.0,0.0,0.0,0.0,0.0,0.0,0.0,0.0,0.0,0.7539409399032593,0.9110365509986876,-0.2211993187665939,0.1894861757755279,1.011143445968628,0.1728138327598571,0.8110663294792175,0.5546482801437378,-0.5027362704277039,0.1705538034439087,1.3259835243225098,0.0828383713960647,Hi
0.8203150629997253,0.555923581123352,1.326837519854962e-07,0.7966105937957764,0.5092047452926636,-0.0091537777334451,0.7873250246047974,0.4490825533866882,-0.0124747520312666,0.7926418781280518,0.4012990891933441,-0.0162636507302522,0.8030386567115784,0.368758350610733,-0.0191956795752048,0.8133948445320129,0.4027860164642334,0.0028642350807785,0.8219218254089355,0.3470676243305206,-0.0057500163093209,0.8267972469329834,0.3139681220054626,-0.0144740929827094,0.8298547863960266,0.2873940765857696,-0.0209289994090795,0.8326915502548218,0.4059263169765472,-7.322997407754883e-05,0.8415561318397522,0.3481044471263885,-0.0077317105606198,0.8456141352653503,0.3136488199234009,-0.0156314335763454,0.8468503355979919,0.2855744957923889,-0.0208565630018711,0.8513250946998596,0.417832612991333,-0.0054033058695495,0.8584935665130615,0.3606595993041992,-0.0129862241446971,0.8626794815063477,0.326978862285614,-0.0166931003332138,0.8642529249191284,0.3005706071853637,-0.0188210029155015,0.8705494403839111,0.4391323328018188,-0.01218434702605,0.877608060836792,0.3924188613891601,-0.0183397848159074,0.8801993131637573,0.3629097938537597,-0.0190550982952117,0.8804590702056885,0.3386310338973999,-0.0188519954681396,0.0,0.0,0.0,0.0,0.0,0.0,0.0,0.0,0.0,0.0,0.0,0.0,0.0,0.0,0.0,0.0,0.0,0.0,0.0,0.0,0.0,0.0,0.0,0.0,0.0,0.0,0.0,0.0,0.0,0.0,0.0,0.0,0.0,0.0,0.0,0.0,0.0,0.0,0.0,0.0,0.0,0.0,0.0,0.0,0.0,0.0,0.0,0.0,0.0,0.0,0.0,0.0,0.0,0.0,0.0,0.0,0.0,0.0,0.0,0.0,0.0,0.0,0.0,0.7530767321586609,0.9110437631607056,-0.2268490493297577,0.189136266708374,1.0101269483566284,0.1738019287586212,0.8078835606575012,0.5548772811889648,-0.5200219750404358,0.1670496612787246,1.324527144432068,0.0893295407295227,Hi
0.7891157865524292,0.5411773324012756,9.69411999562908e-08,0.7634550929069519,0.4925751090049743,-0.0048331664875149,0.7555981874465942,0.4303826689720154,-0.0064664054661989,0.7628600597381592,0.3827938437461853,-0.0098481029272079,0.7787546515464783,0.361618310213089,-0.0131645053625106,0.7809701561927795,0.391302227973938,0.0075237355194985,0.7868282198905945,0.339846134185791,-0.0017951268237084,0.7851651310920715,0.3085673153400421,-0.0113728558644652,0.7817772626876831,0.2857422232627868,-0.0183017496019601,0.8013092875480652,0.3937320113182068,0.0017405265243723,0.8074988126754761,0.3382772207260132,-0.0068101258948445,0.8076943755149841,0.3046736121177673,-0.0153249241411685,0.8053361177444458,0.2805195450782776,-0.0206735376268625,0.8213114142417908,0.4052410721778869,-0.0064924247562885,0.8272197842597961,0.3477292656898498,-0.0151653736829757,0.8301090598106384,0.3121967613697052,-0.0196860879659652,0.8309219479560852,0.2853468656539917,-0.0221504531800746,0.841731071472168,0.4259389638900757,-0.0157809946686029,0.8501247763633728,0.379122793674469,-0.0223931744694709,0.8532578945159912,0.3491066694259643,-0.0232979357242584,0.8538641929626465,0.3247937560081482,-0.0233653523027896,0.0,0.0,0.0,0.0,0.0,0.0,0.0,0.0,0.0,0.0,0.0,0.0,0.0,0.0,0.0,0.0,0.0,0.0,0.0,0.0,0.0,0.0,0.0,0.0,0.0,0.0,0.0,0.0,0.0,0.0,0.0,0.0,0.0,0.0,0.0,0.0,0.0,0.0,0.0,0.0,0.0,0.0,0.0,0.0,0.0,0.0,0.0,0.0,0.0,0.0,0.0,0.0,0.0,0.0,0.0,0.0,0.0,0.0,0.0,0.0,0.0,0.0,0.0,0.7546789646148682,0.91126549243927,-0.2293782532215118,0.1881377547979354,1.0088034868240356,0.129015251994133,0.7988932132720947,0.5550152063369751,-0.5374367833137512,0.1659245193004608,1.3225632905960083,-0.0575719252228736,Hi
0.0,0.0,0.0,0.0,0.0,0.0,0.0,0.0,0.0,0.0,0.0,0.0,0.0,0.0,0.0,0.0,0.0,0.0,0.0,0.0,0.0,0.0,0.0,0.0,0.0,0.0,0.0,0.0,0.0,0.0,0.0,0.0,0.0,0.0,0.0,0.0,0.0,0.0,0.0,0.0,0.0,0.0,0.0,0.0,0.0,0.0,0.0,0.0,0.0,0.0,0.0,0.0,0.0,0.0,0.0,0.0,0.0,0.0,0.0,0.0,0.0,0.0,0.0,0.0,0.0,0.0,0.0,0.0,0.0,0.0,0.0,0.0,0.0,0.0,0.0,0.0,0.0,0.0,0.0,0.0,0.0,0.0,0.0,0.0,0.0,0.0,0.0,0.0,0.0,0.0,0.0,0.0,0.0,0.0,0.0,0.0,0.0,0.0,0.0,0.0,0.0,0.0,0.0,0.0,0.0,0.0,0.0,0.0,0.0,0.0,0.0,0.0,0.0,0.0,0.0,0.0,0.0,0.0,0.0,0.0,0.0,0.0,0.0,0.0,0.0,0.0,0.7592707872390747,0.9169219732284546,-0.2298171520233154,0.1867446452379226,1.0082944631576538,0.0961203351616859,0.7748740911483765,0.5533844828605652,-0.5413748621940613,0.1663022637367248,1.3250080347061155,-0.0522244162857532,Hi
0.0,0.0,0.0,0.0,0.0,0.0,0.0,0.0,0.0,0.0,0.0,0.0,0.0,0.0,0.0,0.0,0.0,0.0,0.0,0.0,0.0,0.0,0.0,0.0,0.0,0.0,0.0,0.0,0.0,0.0,0.0,0.0,0.0,0.0,0.0,0.0,0.0,0.0,0.0,0.0,0.0,0.0,0.0,0.0,0.0,0.0,0.0,0.0,0.0,0.0,0.0,0.0,0.0,0.0,0.0,0.0,0.0,0.0,0.0,0.0,0.0,0.0,0.0,0.0,0.0,0.0,0.0,0.0,0.0,0.0,0.0,0.0,0.0,0.0,0.0,0.0,0.0,0.0,0.0,0.0,0.0,0.0,0.0,0.0,0.0,0.0,0.0,0.0,0.0,0.0,0.0,0.0,0.0,0.0,0.0,0.0,0.0,0.0,0.0,0.0,0.0,0.0,0.0,0.0,0.0,0.0,0.0,0.0,0.0,0.0,0.0,0.0,0.0,0.0,0.0,0.0,0.0,0.0,0.0,0.0,0.0,0.0,0.0,0.0,0.0,0.0,0.762317955493927,0.9199293255805968,-0.2306547909975052,0.1859529763460159,1.008054256439209,0.0822131410241127,0.7636629343032837,0.5522385239601135,-0.5429083108901978,0.1666319519281387,1.3268296718597412,-0.0512585528194904,Hi
0.3277242183685303,0.493289589881897,2.1396465399448061e-07,0.3136518597602844,0.438401311635971,0.0028815073892474,0.3181738257408142,0.3878202140331268,-0.0006149239488877,0.3335363864898681,0.3463011682033539,-0.0049290279857814,0.3417483866214752,0.310747891664505,-0.0103270383551716,0.3503730893135071,0.3632981777191162,-0.0139197632670402,0.3854312300682068,0.3086991310119629,-0.0232354700565338,0.4047517776489258,0.2803672552108764,-0.027164340019226,0.4195150434970855,0.2568717002868652,-0.0287517271935939,0.3710759282112121,0.3801080286502838,-0.0212668403983116,0.4092364311218261,0.3191500902175903,-0.027796970680356,0.4299086332321167,0.2833456695079803,-0.0305061675608158,0.4447674751281738,0.2555636167526245,-0.0323258750140666,0.3885322511196136,0.4041844606399536,-0.0277374126017093,0.4223241806030273,0.345848947763443,-0.0327912233769893,0.4410020709037781,0.311358779668808,-0.0352116376161575,0.4544388353824615,0.2833884358406067,-0.0371371693909168,0.4024854898452759,0.4326969385147095,-0.0336071662604808,0.4282841086387634,0.3845831155776977,-0.0374179482460022,0.4418801069259643,0.3582284152507782,-0.0371416956186294,0.4534719288349151,0.3355105221271515,-0.0364543907344341,0.6308000087738037,0.4830955862998962,1.849516593210865e-07,0.6421951055526733,0.4260550737380981,0.0035455322358757,0.6329926252365112,0.3781382739543915,0.00285723968409,0.6146529912948608,0.344124436378479,0.0018758927471935,0.6058311462402344,0.3149494528770447,-0.0001518849021522,0.6029749512672424,0.360975831747055,-0.0134155135601758,0.5667313933372498,0.3112561702728271,-0.021770542487502,0.546051561832428,0.2821833193302154,-0.024711225181818,0.5294343829154968,0.2600337266921997,-0.0257650334388017,0.5838130712509155,0.3796592950820923,-0.0193709637969732,0.5463666915893555,0.3205522894859314,-0.0288927406072616,0.5230934619903564,0.284018337726593,-0.0323117971420288,0.5057528018951416,0.2559285759925842,-0.033689621835947,0.5674626231193542,0.4029006361961365,-0.0239866804331541,0.5344831943511963,0.3473958969116211,-0.0315642841160297,0.513615608215332,0.3105939924716949,-0.0349482744932174,0.4989001154899597,0.2816799879074096,-0.036493357270956,0.5538626313209534,0.4306608736515045,-0.0275848228484392,0.5295479893684387,0.3858353197574615,-0.034292746335268,0.5155802369117737,0.3577616214752197,-0.0358048379421234,0.5050303936004639,0.3342527449131012,-0.0355866327881813,0.789728581905365,0.8555983901023865,-0.3524720072746277,0.1598642766475677,0.8719715476036072,-0.4852617681026459,0.6252022981643677,0.4992050230503082,-0.8621562719345093,0.3421872556209564,0.5020650029182434,-1.0255483388900757,Thank you
0.3275530934333801,0.4938420951366424,2.157271126179694e-07,0.3134212493896484,0.4389455914497375,0.0022673278581351,0.3179437518119812,0.3881766498088836,-0.0014724665088579,0.3332988619804382,0.3464252352714538,-0.0059261042624711,0.3414182066917419,0.3105679154396057,-0.0113904699683189,0.3503634929656982,0.3630720973014831,-0.013946745544672,0.3851871192455292,0.3087219595909118,-0.0233404729515314,0.4046134948730469,0.2804517745971679,-0.0274806693196296,0.4196008145809173,0.2570864558219909,-0.0292289294302463,0.3711900413036346,0.3799580335617065,-0.0210702903568744,0.4092242419719696,0.3192836344242096,-0.0275454334914684,0.4300910532474518,0.283579409122467,-0.0304300133138895,0.4452372789382934,0.2559340000152588,-0.0324252247810363,0.388659656047821,0.4040478467941284,-0.0274034310132265,0.4222454130649566,0.3461135923862457,-0.0324279479682445,0.4410701990127563,0.3116364181041717,-0.0349960587918758,0.4546765387058258,0.2838061451911926,-0.0370655618607997,0.4026525616645813,0.4324976205825805,-0.0332104861736297,0.4282872676849365,0.3845824897289276,-0.0369990430772304,0.4419393539428711,0.3581563532352447,-0.0367913804948329,0.4535407125949859,0.3354832828044891,-0.0361797846853733,0.6308846473693848,0.4839745461940765,1.884294107412643e-07,0.6424487233161926,0.4270878136157989,0.0034068247769027,0.6333386898040771,0.3790018558502197,0.0025982132647186,0.6147462725639343,0.3446969985961914,0.0015743761323392,0.6058765053749084,0.3154205679893493,-0.0005000411183573,0.6032642722129822,0.362109899520874,-0.0140965953469276,0.5667181015014648,0.3116047382354736,-0.022558718919754,0.5460567474365234,0.2821976244449615,-0.0254291612654924,0.5294963121414185,0.2597911357879638,-0.0263884142041206,0.5837826728820801,0.3809608221054077,-0.0200101677328348,0.5461045503616333,0.321128100156784,-0.0297438185662031,0.5228406190872192,0.2843873500823974,-0.0330641195178031,0.5055562257766724,0.2561219930648803,-0.0342880897223949,0.5673285722732544,0.4041509926319122,-0.0245602913200855,0.5342774987220764,0.3475820422172546,-0.0323338955640792,0.5132870078086853,0.3102294206619262,-0.0356814973056316,0.4984171092510223,0.2808236181735992,-0.0371178425848484,0.5538211464881897,0.4316915571689605,-0.0280778054147958,0.5291228294372559,0.385449469089508,-0.0349138565361499,0.5151517391204834,0.3568671941757202,-0.0363524630665779,0.5045900940895081,0.333000898361206,-0.0360137335956096,0.7897370457649231,0.8557470440864563,-0.3553358912467956,0.1598978787660598,0.8719714283943176,-0.4897251725196838,0.6252346038818359,0.4992335736751556,-0.8641834259033203,0.342264860868454,0.5020990371704102,-1.0344569683074951,Thank you
0.3273316323757171,0.493480384349823,2.123184543734169e-07,0.3135479390621185,0.4383638501167297,0.0026947793085128,0.3182012736797333,0.3877346515655517,-0.0007888369727879,0.3335192501544952,0.3460392355918884,-0.0050762626342475,0.3416255414485931,0.3105613589286804,-0.0104209287092089,0.3503279983997345,0.3630163073539734,-0.0135110542178154,0.3851992189884186,0.3087051808834076,-0.0227327644824981,0.4045424163341522,0.2802295684814453,-0.026779931038618,0.4194399118423462,0.2566821575164795,-0.0284819696098566,0.371095061302185,0.3797309398651123,-0.0207646265625953,0.4090032577514648,0.319005936384201,-0.0270508117973804,0.4298502206802368,0.2832447588443756,-0.0298091098666191,0.445081353187561,0.2556052803993225,-0.0317302197217941,0.3885585069656372,0.4037149548530578,-0.02718510851264,0.422069638967514,0.3455745875835418,-0.0320842154324054,0.4408679604530334,0.3111779391765594,-0.0345377214252948,0.4544940590858459,0.2834751605987549,-0.0365307740867137,0.4025492668151855,0.4321779310703277,-0.0330507904291152,0.4280129075050354,0.3839564323425293,-0.0368006117641925,0.4416061043739319,0.3577093183994293,-0.0365124940872192,0.4532567858695984,0.3352885842323303,-0.0358229018747806,0.6311938762664795,0.4838341474533081,1.8437280857597218e-07,0.6425206065177917,0.4268929958343506,0.0039948169142007,0.6332300305366516,0.3786958754062652,0.0035224701277911,0.6148881912231445,0.344302237033844,0.0028293386567384,0.6060343980789185,0.3151032924652099,0.0010300914291292,0.6036733984947205,0.3617788553237915,-0.0140848839655518,0.5673112273216248,0.3115834593772888,-0.022360423579812,0.5467355251312256,0.282377153635025,-0.0249889642000198,0.5303072333335876,0.2600926756858825,-0.025831339880824,0.584488034248352,0.3804620206356048,-0.0201612319797277,0.5469681024551392,0.3202921152114868,-0.0299070570617914,0.5239763855934143,0.2834077179431915,-0.0332365669310092,0.5070275664329529,0.2552537620067596,-0.0344883054494857,0.5680357217788696,0.4037105143070221,-0.024766705930233,0.5348128080368042,0.3471808433532715,-0.0326739996671676,0.5140327215194702,0.309840977191925,-0.0362792685627937,0.4994645118713379,0.2804580628871918,-0.0378999859094619,0.5543962121009827,0.4316112399101257,-0.0282260123640298,0.5293281674385071,0.3859546780586242,-0.035320121794939,0.5153872966766357,0.3577623963356018,-0.0371064431965351,0.5049991011619568,0.3340098261833191,-0.0370447374880313,0.789737343788147,0.8558399081230164,-0.3573897778987884,0.1599495708942413,0.8719902634620667,-0.4928604960441589,0.6252309679985046,0.4992338716983795,-0.864393413066864,0.3423268496990204,0.5021076202392578,-1.0373704433441162,Thank you
0.3272136151790619,0.4944774508476257,2.0893057239845805e-07,0.3131006062030792,0.4392169415950775,0.0024651496205478,0.3179850876331329,0.3879487812519073,-0.001026734476909,0.3333711624145508,0.3460986018180847,-0.0052649299614131,0.3414125442504883,0.3105441927909851,-0.0105016427114605,0.3501319885253906,0.3628886938095093,-0.0134671870619058,0.3849479258060455,0.3088879287242889,-0.0226743947714567,0.4042904675006866,0.2805380225181579,-0.0267779547721147,0.4191292822360992,0.2571330070495605,-0.0285362768918275,0.3710567057132721,0.379732608795166,-0.0206534229218959,0.4088451266288757,0.3193188607692718,-0.0269512981176376,0.4296621680259704,0.2836787700653076,-0.0297807920724153,0.4447417855262756,0.2560300230979919,-0.0317504368722438,0.3886091113090515,0.4037995338439941,-0.0270412731915712,0.4219900071620941,0.3459387123584747,-0.0319725759327411,0.4409135580062866,0.3115158379077911,-0.0344921350479126,0.4545276165008545,0.2838636636734009,-0.0365180522203445,0.4026706218719482,0.4323761761188507,-0.0329037457704544,0.4280370473861694,0.384235680103302,-0.0366552546620368,0.4416458308696747,0.3577856421470642,-0.0363840758800506,0.4531598687171936,0.3353061378002167,-0.0357005782425403,0.6313667297363281,0.4844697415828705,1.8138234736397865e-07,0.6425513625144958,0.4272688627243042,0.0040997513569891,0.6331608891487122,0.3788753747940063,0.0036951822694391,0.6147363185882568,0.3444856405258178,0.0029416233301162,0.6061564683914185,0.3151895999908447,0.0010456866584718,0.6036674976348877,0.3620199859142303,-0.0134158609434962,0.5676084160804749,0.312073677778244,-0.0216702297329902,0.547139048576355,0.2827225625514984,-0.0244649425148963,0.5307385921478271,0.2603642046451568,-0.0254566334187984,0.5845025181770325,0.3803412318229675,-0.0196163952350616,0.5469377636909485,0.3206626176834106,-0.0291858147829771,0.5237464904785156,0.2839586734771728,-0.0326245874166488,0.5065866112709045,0.2559263706207275,-0.0340435095131397,0.5680403113365173,0.4033550024032593,-0.0243848524987697,0.5349297523498535,0.3470712304115295,-0.0320900827646255,0.5139051079750061,0.3100124597549438,-0.0356776975095272,0.4990735650062561,0.2810162603855133,-0.037379790097475,0.5542851686477661,0.4311140179634094,-0.0280355587601661,0.5293880701065063,0.3857506811618805,-0.0349806658923625,0.5153316259384155,0.3574540615081787,-0.0367144607007503,0.5047741532325745,0.3336290121078491,-0.0366675145924091,0.7897172570228577,0.8564265370368958,-0.362256109714508,0.1599814295768737,0.8723356127738953,-0.5006252527236938,0.625241756439209,0.4992495775222778,-0.8683460354804993,0.3423380553722381,0.5021213293075562,-1.0432417392730713,Thank you
0.3273606598377228,0.494278073310852,2.102143952242841e-07,0.3132435381412506,0.4391050338745117,0.0026088659651577,0.3179753720760345,0.3879842460155487,-0.0008230307139456,0.3334608972072601,0.3461828231811523,-0.0049855452962219,0.3414514660835266,0.3108173310756683,-0.0101884184405207,0.350129097700119,0.3631423711776733,-0.0137375406920909,0.3849979639053345,0.3089106678962707,-0.0228424593806266,0.4042753577232361,0.2804670035839081,-0.0267820879817008,0.419023185968399,0.256965160369873,-0.0284134186804294,0.3710722625255584,0.3800521492958069,-0.0209038332104682,0.4089388251304626,0.3192841708660126,-0.0271589569747447,0.4296295642852783,0.283459722995758,-0.0298570338636636,0.4445756673812866,0.2557151317596435,-0.031724389642477,0.388606309890747,0.4041658937931061,-0.0272172968834638,0.4220887124538421,0.3460223078727722,-0.0321246944367885,0.4408707916736603,0.3114390969276428,-0.0345807522535324,0.4543572068214416,0.2836719751358032,-0.0365507006645202,0.4025705754756927,0.4326825439929962,-0.0329696051776409,0.4279724657535553,0.3842779099941253,-0.0367170684039592,0.4415793418884277,0.3577609658241272,-0.0364247784018516,0.4531394243240356,0.3352084755897522,-0.0357197672128677,0.6312584280967712,0.4842889904975891,1.8017432523720345e-07,0.6424578428268433,0.4272489547729492,0.0040093255229294,0.6331281661987305,0.3789858222007751,0.0035931738093495,0.6146746277809143,0.3446151316165924,0.0028248608577996,0.6061246395111084,0.3152876198291778,0.000921408238355,0.6036139726638794,0.3618948459625244,-0.013234089128673,0.5675346255302429,0.3119089007377624,-0.0214046016335487,0.5470938086509705,0.282657116651535,-0.0241933427751064,0.5306859016418457,0.2603736817836761,-0.0251958202570676,0.5844860076904297,0.380144864320755,-0.0193743873387575,0.546921968460083,0.32065349817276,-0.0288072302937507,0.5236928462982178,0.2840806841850281,-0.0322489067912101,0.50645911693573,0.2560963034629822,-0.0337081402540206,0.5680192112922668,0.4030930697917938,-0.0241070985794067,0.5349939465522766,0.3469499349594116,-0.0317214913666248,0.513969361782074,0.310061514377594,-0.0353311225771904,0.4990865588188171,0.2812195420265198,-0.0370723865926265,0.5542490482330322,0.430779367685318,-0.0277381762862205,0.5293888449668884,0.3855248987674713,-0.0346264876425266,0.5153209567070007,0.3574091792106628,-0.036353338509798,0.5046982169151306,0.3337966203689575,-0.0363140292465686,0.7897073030471802,0.8566460013389587,-0.3620677590370178,0.1600650697946548,0.8724568486213684,-0.5007978677749634,0.6252476572990417,0.4992117583751678,-0.8678995370864868,0.3423575758934021,0.5021094083786011,-1.0432459115982056,Thank you
0.3273208737373352,0.493845134973526,2.1601563560125214e-07,0.3133287727832794,0.438791275024414,0.001970830373466,0.3180995881557464,0.3876248598098755,-0.0019011563854292,0.3333913683891296,0.3461886048316955,-0.0064353919588029,0.3412600457668304,0.3107147216796875,-0.0119812451303005,0.3499265611171722,0.363159567117691,-0.014598618261516,0.3850191831588745,0.308695912361145,-0.0241560339927673,0.4043130874633789,0.2796765565872192,-0.0284456945955753,0.418993592262268,0.2556856572628021,-0.0303281713277101,0.3707498908042907,0.3801710307598114,-0.0217416174709796,0.4087758064270019,0.3191089034080505,-0.0283659938722848,0.4296230375766754,0.2830279469490051,-0.0314333103597164,0.4446057081222534,0.2549671530723572,-0.033605221658945,0.3882278800010681,0.4041981101036072,-0.0280718803405761,0.4219699501991272,0.345745712518692,-0.033323336392641,0.4408470690250397,0.3109643459320068,-0.0359985344111919,0.4542672038078308,0.282964289188385,-0.0381432473659515,0.4024131894111633,0.4325863718986511,-0.0338954739272594,0.4280872642993927,0.384191632270813,-0.0379883348941803,0.441588282585144,0.3575827777385711,-0.0378211066126823,0.4527576863765716,0.3347860872745514,-0.0372056700289249,0.6310139894485474,0.4835639595985412,1.8859452666220025e-07,0.6422279477119446,0.4268925189971924,0.0036180224269628,0.6330865621566772,0.3787043392658233,0.0028642965480685,0.6147994995117188,0.3442816436290741,0.0018969766097143,0.6064113974571228,0.3151144981384277,-0.0001392114791087,0.6039707064628601,0.3624243438243866,-0.014188028872013,0.5681324005126953,0.3119227588176727,-0.0225134175270795,0.5479791164398193,0.282575786113739,-0.025306612253189,0.5317802429199219,0.260204017162323,-0.0262820813804864,0.58465576171875,0.380846619606018,-0.0201392453163862,0.5474452972412109,0.3202411532402038,-0.0297485496848821,0.5247726440429688,0.283102810382843,-0.0331943668425083,0.5079026818275452,0.2548144459724426,-0.0346291586756706,0.5680387616157532,0.4037092328071594,-0.0246481634676456,0.5349659323692322,0.3468579053878784,-0.0323724634945392,0.5141832232475281,0.3094655871391296,-0.0360580720007419,0.499533861875534,0.2803387641906738,-0.0378339476883411,0.5541455745697021,0.4309068620204925,-0.0280646570026874,0.5292795896530151,0.3851564824581146,-0.0349328629672527,0.5152889490127563,0.3570055067539215,-0.0366763807833194,0.5047898292541504,0.3335061967372894,-0.0366671532392501,0.7896815538406372,0.8566858172416687,-0.3619761168956756,0.1602280735969543,0.8725224733352661,-0.5003893375396729,0.6251689195632935,0.4990573823451996,-0.8673260807991028,0.3423658013343811,0.5020199418067932,-1.043997287750244,Thank you
0.3275690674781799,0.493432879447937,2.184746961120254e-07,0.3133944571018219,0.4383275508880615,0.0018121602479368,0.3182308077812195,0.3873713314533233,-0.0021313119214028,0.3336741924285888,0.3460780382156372,-0.0066851559095084,0.3414140343666076,0.3104516863822937,-0.0122698610648512,0.3504166007041931,0.3631796240806579,-0.014897633343935,0.3852656483650207,0.3087528347969055,-0.0245731174945831,0.4044567346572876,0.2796549201011657,-0.0289105419069528,0.4190952479839325,0.2555882334709167,-0.0307977013289928,0.371336430311203,0.3802831172943115,-0.0219307336956262,0.4093149304389953,0.3190669417381286,-0.0286337174475193,0.4300756156444549,0.2828401029109955,-0.0316956266760826,0.4449856281280517,0.2547502815723419,-0.0338237173855304,0.3887262046337127,0.404412180185318,-0.0281539410352706,0.4224347472190857,0.3454802334308624,-0.0334731601178646,0.4411501288414001,0.3106570243835449,-0.0361692570149898,0.4544776678085327,0.2827815413475036,-0.0382960103452205,0.4026127755641937,0.4328716397285461,-0.03386752307415,0.4280449450016022,0.3844641149044037,-0.0380114875733852,0.4415875077247619,0.358080118894577,-0.0378882475197315,0.4529243409633636,0.3356283903121948,-0.0372869372367858,0.630996823310852,0.4843360483646393,1.856597009464167e-07,0.6425281763076782,0.4274078011512756,0.0036709140986204,0.6332150101661682,0.378730297088623,0.0029752827249467,0.6149375438690186,0.3441577553749084,0.0020387892145663,0.6064464449882507,0.3149169683456421,-1.0339632353861816e-05,0.6037062406539917,0.3624065518379211,-0.0142676653340458,0.5675642490386963,0.3120841383934021,-0.0226761307567358,0.5472813248634338,0.2825267612934112,-0.0255297124385833,0.5310690999031067,0.2599140107631683,-0.0265552159398794,0.5844882130622864,0.3808877766132355,-0.0202861335128545,0.5471696257591248,0.3205990791320801,-0.0298865009099245,0.5244259238243103,0.283645749092102,-0.0332772396504879,0.507541298866272,0.2553131580352783,-0.0346700139343738,0.5680801868438721,0.4038460850715637,-0.0248671732842922,0.5350260138511658,0.3470081984996795,-0.0325468331575393,0.5139999389648438,0.3096433579921722,-0.0361336395144462,0.4991136193275451,0.2802968025207519,-0.0378713384270668,0.554496705532074,0.4312426447868347,-0.0283617582172155,0.5297356843948364,0.3855343461036682,-0.035248938947916,0.515709638595581,0.3572447299957275,-0.0369502268731594,0.5051242709159851,0.333543449640274,-0.03691041842103,0.7896804809570312,0.8567006587982178,-0.3624684512615204,0.1605902761220932,0.8726009130477905,-0.5005892515182495,0.6251473426818848,0.4989621043205261,-0.8686220049858093,0.3423564732074737,0.5020085573196411,-1.0468754768371582,Thank you
0.3274135589599609,0.493939995765686,2.1606071243240882e-07,0.3133505880832672,0.4386668801307678,0.0018651486607268,0.3182687163352966,0.3871796727180481,-0.0020205238834023,0.3336681723594665,0.3456922173500061,-0.0065672630444169,0.3413432836532593,0.3101224303245544,-0.0121429236605763,0.3504359722137451,0.3629679381847381,-0.0146743636578321,0.3853850066661834,0.3085895180702209,-0.0243526492267847,0.4047373235225677,0.2795273959636688,-0.0287466440349817,0.4194734096527099,0.2556447386741638,-0.0307154487818479,0.3710868954658508,0.3798465728759765,-0.0218450631946325,0.4092061221599579,0.3189965486526489,-0.0285811554640531,0.4302460551261902,0.2830536365509033,-0.0317765288054943,0.4453842937946319,0.255274087190628,-0.0340093672275543,0.3883803188800812,0.4039218127727508,-0.0282259508967399,0.4221694767475128,0.3452204167842865,-0.0335851609706878,0.4411908388137817,0.3104407489299774,-0.0365026220679283,0.4548825323581695,0.2826871275901794,-0.0388279482722282,0.4023641049861908,0.4325352907180786,-0.0341034270823001,0.4277284145355224,0.3845043182373047,-0.0384495630860328,0.441399484872818,0.3580404818058014,-0.038600854575634,0.4530122280120849,0.335603803396225,-0.038197960704565,0.6307733654975891,0.4837232232093811,1.874931854217721e-07,0.6425657868385315,0.4268410205841064,0.0037533410359174,0.633224606513977,0.3785267472267151,0.003066167468205,0.6148480772972107,0.3440694808959961,0.0021048900671303,0.6062957644462585,0.3148225545883178,2.702040831081831e-07,0.6034952402114868,0.3620616495609283,-0.014270607382059,0.5673109889030457,0.3117575645446777,-0.0225878152996301,0.5472593903541565,0.2824079394340515,-0.0252920947968959,0.531379222869873,0.2598910331726074,-0.0262200608849525,0.5843762159347534,0.3805426955223083,-0.0203242115676403,0.5467972755432129,0.3202109336853027,-0.0299042277038097,0.5240148901939392,0.2830242812633514,-0.0332533940672874,0.5072811841964722,0.2544437944889068,-0.0346308201551437,0.5681893229484558,0.4036730527877807,-0.0249424707144498,0.5348865389823914,0.3468881249427795,-0.0327036008238792,0.5137625932693481,0.3095110952854156,-0.0364057272672653,0.4989096522331238,0.2800838351249695,-0.0382172726094722,0.5548436641693115,0.4312377274036407,-0.0284424573183059,0.5297171473503113,0.3860523700714111,-0.0355534590780735,0.5153995156288147,0.3576595187187195,-0.0374946892261505,0.5045174956321716,0.3336385488510132,-0.0376220420002937,0.7896602749824524,0.8567219972610474,-0.3593650162220001,0.1609772443771362,0.8726240396499634,-0.498323380947113,0.6250118017196655,0.4987518489360809,-0.8547931909561157,0.34233158826828,0.5020004510879517,-1.0448393821716309,Thank you
0.3271241784095764,0.4945850968360901,2.2081069062096506e-07,0.3130156099796295,0.4392881691455841,0.0010340966982766,0.3178395926952362,0.3877224028110504,-0.0031520735938102,0.3332346379756927,0.3461602032184601,-0.0078812986612319,0.3410729467868805,0.3103214204311371,-0.0135667882859706,0.3502770662307739,0.3630939126014709,-0.0148722222074866,0.3848947584629059,0.3087930381298065,-0.024683104828,0.4042339920997619,0.2799090445041656,-0.0292785558849573,0.4191023409366607,0.2561389803886413,-0.0314041674137115,0.3710528314113617,0.3800109922885895,-0.0217334367334842,0.4088408052921295,0.3192999362945556,-0.0284768529236316,0.4298910498619079,0.2834291458129883,-0.0318633615970611,0.4451565742492676,0.2556199431419372,-0.0342872589826583,0.388348639011383,0.4040192663669586,-0.0279243756085634,0.4216168522834778,0.3458495140075683,-0.0333453640341758,0.4406660795211792,0.3110922873020172,-0.036480788141489,0.4544679224491119,0.2833172976970672,-0.0390015318989753,0.4023844599723816,0.4324085116386413,-0.0337115563452243,0.427592396736145,0.3848830461502075,-0.038152240216732,0.4414253532886505,0.3586713075637817,-0.0384822599589824,0.4532115757465362,0.3364399373531341,-0.0382480211555957,0.63072669506073,0.4838984608650207,1.835526290960843e-07,0.6424053907394409,0.4267089664936065,0.0036706032697111,0.6332511305809021,0.3782465755939483,0.0031630066223442,0.6148200631141663,0.3440006673336029,0.0023235671687871,0.6061621904373169,0.3148247599601745,0.0003802569408435,0.6030171513557434,0.3614563047885895,-0.0130717335268855,0.5671623349189758,0.3117668926715851,-0.0212253760546445,0.5469958782196045,0.2825787961483001,-0.024033373221755,0.5309807658195496,0.2603873610496521,-0.0250398311764001,0.5838972926139832,0.3797366917133331,-0.0190920457243919,0.5464146733283997,0.3204079270362854,-0.0284815467894077,0.5234172940254211,0.2836657166481018,-0.0318213626742363,0.5064106583595276,0.2553771734237671,-0.0331515967845916,0.5676725506782532,0.40284264087677,-0.0237795785069465,0.5347034931182861,0.3465498387813568,-0.0313975252211093,0.5137054920196533,0.3095970451831817,-0.0348640084266662,0.498867928981781,0.2805421054363251,-0.0364732258021831,0.5543330907821655,0.430680900812149,-0.0274062976241111,0.5298818945884705,0.3857850730419159,-0.0343158096075058,0.5159143805503845,0.3575277924537658,-0.035927191376686,0.505332887172699,0.3338243663311004,-0.0357649438083171,0.7896782159805298,0.856735110282898,-0.3593465685844421,0.1612818390130996,0.8726354837417603,-0.4980693757534027,0.6249948740005493,0.4987435042858124,-0.8550513982772827,0.3423082828521728,0.5020343065261841,-1.045643329620361,Thank you
0.3271045088768005,0.4942208528518677,2.1934771154974442e-07,0.3129889070987701,0.4390528202056885,0.0018425685120746,0.317875862121582,0.3874305486679077,-0.0019619856029748,0.3335623741149902,0.3459608852863312,-0.0064305462874472,0.3412908315658569,0.3104000389575958,-0.0119565827772021,0.3500651717185974,0.3626993596553802,-0.0145178688690066,0.3849765360355377,0.3084093034267425,-0.0241027232259511,0.4044928848743438,0.2795207798480987,-0.0285045150667428,0.4194182455539703,0.255646139383316,-0.0305159501731395,0.3708138763904571,0.3797859251499176,-0.0216542687267065,0.4089542031288147,0.3192351460456848,-0.0282145664095878,0.4300085604190826,0.2834096550941467,-0.0314105972647666,0.4451479613780975,0.2556258141994476,-0.0337297320365905,0.388087511062622,0.4040175080299377,-0.02802724391222,0.4217732548713684,0.3458198010921478,-0.0332852341234684,0.4407282471656799,0.3110133707523346,-0.0363113619387149,0.4542880058288574,0.2831067442893982,-0.0387898907065391,0.4020810723304748,0.4326158165931701,-0.0339125394821167,0.4276714622974396,0.3850873708724975,-0.0382041856646537,0.4414496719837188,0.3588674068450928,-0.0384640358388423,0.4530965387821197,0.3365163207054138,-0.038219578564167,0.6309410333633423,0.483934611082077,1.878208735206499e-07,0.6425798535346985,0.426920086145401,0.0034353267401456,0.6333763599395752,0.378448486328125,0.0027299188077449,0.6147592067718506,0.3440291583538055,0.0017225170740857,0.6059713959693909,0.3147574067115783,-0.0004058728227391,0.6030020713806152,0.361462652683258,-0.0134332776069641,0.5667332410812378,0.3113170862197876,-0.021708870306611,0.5464750528335571,0.2820437848567962,-0.0245553404092788,0.5303896069526672,0.2597477734088897,-0.0255524516105651,0.5839097499847412,0.3798742592334747,-0.0194400046020746,0.5461613535881042,0.3201759159564972,-0.0289343800395727,0.5231623649597168,0.2832627892494201,-0.0322829931974411,0.5062869191169739,0.2548428177833557,-0.0335812680423259,0.5677589178085327,0.4031316637992859,-0.0241353642195463,0.5345751643180847,0.3464946746826172,-0.0318331308662891,0.5135619640350342,0.3092439770698547,-0.0352362096309661,0.4988180994987488,0.2798653244972229,-0.0367616042494773,0.5545186996459961,0.4311928451061249,-0.0277918353676795,0.529664158821106,0.3855174779891968,-0.0347067862749099,0.5157585740089417,0.3569277822971344,-0.0361822247505188,0.5053122639656067,0.3329262733459472,-0.0358959287405014,0.7896050214767456,0.856776773929596,-0.3590615093708038,0.1615951061248779,0.8726070523262024,-0.4979904592037201,0.6249589920043945,0.4987153708934784,-0.8552973866462708,0.342311143875122,0.5020389556884766,-1.0460857152938845,Thank you
0.3273094594478607,0.4939363002777099,2.203388618227109e-07,0.3131378293037414,0.4388457238674164,0.0016961441142484,0.3179612457752228,0.3873346149921417,-0.0022014842834323,0.3335886299610138,0.3459056317806244,-0.006745777092874,0.3411585986614227,0.3103395998477936,-0.0123457871377468,0.3501254916191101,0.3627007007598877,-0.0146606136113405,0.3849729001522064,0.3084829449653625,-0.024310927838087,0.4044696986675262,0.2795917987823486,-0.0287642739713192,0.4194015264511108,0.2557380199432373,-0.0308109167963266,0.3708475828170776,0.3797467350959778,-0.0217482056468725,0.4089567065238952,0.3192628920078277,-0.0283635221421718,0.429985761642456,0.2834545969963074,-0.0315744280815124,0.4451677501201629,0.2557053565979004,-0.0339035540819168,0.3881483674049377,0.4039439857006073,-0.0280878413468599,0.4217882454395294,0.3457722961902618,-0.0333721190690994,0.4407254755496979,0.3109878599643707,-0.0363862477242946,0.4543389081954956,0.2831215262413025,-0.0388651527464389,0.4022257328033447,0.4325169622898102,-0.0339567363262176,0.4277450442314148,0.3851183354854584,-0.0382725074887275,0.44149249792099,0.3588669598102569,-0.038546372205019,0.453155517578125,0.3364368379116058,-0.0383188724517822,0.6311973333358765,0.4842488169670105,1.853766349313446e-07,0.6425787210464478,0.4270201921463012,0.0036819442175328,0.6333860754966736,0.3783789873123169,0.0031151454895734,0.6147990226745605,0.3439724445343017,0.0021696067415177,0.6058965921401978,0.3146908283233642,7.438986358465627e-05,0.6031302213668823,0.3613851070404053,-0.0129342982545495,0.567192554473877,0.3115841448307037,-0.0211406704038381,0.5470737814903259,0.2824680209159851,-0.0239884555339813,0.531108021736145,0.2603325247764587,-0.0249972101300954,0.5841447710990906,0.3797096908092499,-0.0191063769161701,0.5466102361679077,0.320030927658081,-0.0285295620560646,0.5235910415649414,0.2832029163837433,-0.0318979360163211,0.5066558122634888,0.2549895048141479,-0.0332172140479087,0.5680724382400513,0.4030590951442718,-0.0239725671708583,0.5348285436630249,0.3465338945388794,-0.0316332951188087,0.5137094259262085,0.309561938047409,-0.0349824167788028,0.4989184737205505,0.2804641425609588,-0.0364723913371562,0.5548217296600342,0.4313850402832031,-0.0277881678193807,0.5298301577568054,0.3859532177448272,-0.0346704684197902,0.5158243179321289,0.3573256433010101,-0.0361068211495876,0.5054244995117188,0.3331523835659027,-0.0358019061386585,0.7895451784133911,0.8568198084831238,-0.3582861721515655,0.1618693321943283,0.8725789189338684,-0.497547447681427,0.6249251365661621,0.4986927807331085,-0.8554942011833191,0.3423181176185608,0.5020425915718079,-1.045928955078125,Thank you
0.3273611664772033,0.4939725399017334,2.1832227048435018e-07,0.3133338391780853,0.4391787052154541,0.0020261865574866,0.3180480003356933,0.3878118097782135,-0.0016682267887517,0.3334895968437195,0.3463540077209472,-0.0061189508996903,0.3411363065242767,0.3107208609580993,-0.0116188284009695,0.350479781627655,0.3628502190113067,-0.0137120643630623,0.3849982619285583,0.3086348176002502,-0.0232318099588155,0.4043984413146972,0.2799617350101471,-0.0276509970426559,0.4193156659603119,0.256188154220581,-0.0296396370977163,0.3710845708847046,0.3796581625938415,-0.0209189802408218,0.4091348648071289,0.3193087875843048,-0.0274679828435182,0.4299842417240143,0.2836511135101318,-0.0306523311883211,0.4450375437736511,0.2559391856193542,-0.0328896716237068,0.3883903622627258,0.4036264419555664,-0.0274095218628644,0.4221808016300201,0.3457722067832947,-0.032614205032587,0.4410023689270019,0.3112265169620514,-0.0354725643992424,0.4545269012451172,0.2834233045578003,-0.0377574041485786,0.4024140536785126,0.4320308864116668,-0.0334206074476242,0.4281457960605621,0.3844204843044281,-0.0375055111944675,0.4420336484909057,0.3583593666553497,-0.037538893520832,0.4538465738296509,0.3360750079154968,-0.0371011942625045,0.6307397484779358,0.4838297367095947,1.863663214862754e-07,0.6424053311347961,0.4268710017204284,0.0036806121934205,0.6332917213439941,0.3786250948905945,0.0029930316377431,0.6146829128265381,0.3439881205558777,0.0019742008298635,0.6059444546699524,0.3147108554840088,-0.0001741286105243,0.6031972765922546,0.3612706959247589,-0.0133430873975157,0.5666145086288452,0.3117035329341888,-0.0215332359075546,0.546390175819397,0.2826794385910034,-0.0243042558431625,0.5303846597671509,0.2605432868003845,-0.0252418369054794,0.5840573310852051,0.3799951672554016,-0.0193986520171165,0.5460225343704224,0.3203108310699463,-0.0288569405674934,0.5231577157974243,0.2833470702171325,-0.0320351757109165,0.5064972043037415,0.2548209130764007,-0.0331792198121547,0.5678516030311584,0.4034728705883026,-0.0241058617830276,0.5345786213874817,0.346882164478302,-0.0317443944513797,0.5134608149528503,0.3096383810043335,-0.0349228084087371,0.4987137615680694,0.2803583443164825,-0.0362748242914676,0.554617166519165,0.4317236840724945,-0.0277569666504859,0.530065655708313,0.3860626816749573,-0.0345079936087131,0.5162703990936279,0.3575367033481598,-0.0357326604425907,0.5058822631835938,0.3337228298187256,-0.0352629236876964,0.7894992828369141,0.8568368554115295,-0.3492361605167389,0.1620667278766632,0.8725742697715759,-0.4912788867950439,0.6249040961265564,0.4987093806266784,-0.8466269373893738,0.3424071073532104,0.5020641088485718,-1.038507342338562,Thank you
0.3277139365673065,0.4938349723815918,2.1940513761364855e-07,0.3136016726493835,0.4390717148780823,0.0018612140556797,0.3180440366268158,0.387793481349945,-0.0019459358882158,0.3334453999996185,0.3462596833705902,-0.006470585707575,0.3410806059837341,0.3104544281959533,-0.0119816893711686,0.3502251207828522,0.3628416657447815,-0.0138292945921421,0.3848192095756531,0.3086486160755157,-0.0233117099851369,0.4042364656925201,0.2802053689956665,-0.0276779755949974,0.4192927181720733,0.2566909193992615,-0.0296216737478971,0.3708313405513763,0.3793144822120666,-0.0209069047123193,0.4087436199188232,0.3188256621360779,-0.0272270292043685,0.4297047853469848,0.2832953929901123,-0.0301932767033576,0.4450744688510895,0.2558740377426147,-0.0323231779038906,0.3882093131542206,0.4032639265060425,-0.0272907074540853,0.4218577742576599,0.3452228009700775,-0.0322077758610248,0.4407318234443664,0.3109166026115417,-0.0348273739218711,0.4545166492462158,0.2834595441818237,-0.0370075516402721,0.4024155437946319,0.4318030476570129,-0.0332294292747974,0.4279468059539795,0.3840819299221039,-0.0370687283575534,0.4416216313838959,0.3578357994556427,-0.0369429513812065,0.4532949924468994,0.3354457318782806,-0.0364208295941352,0.6306249499320984,0.4838278591632843,1.8814004931755335e-07,0.6423984169960022,0.4267767369747162,0.0037325681187212,0.6333668231964111,0.378533661365509,0.0030385695863515,0.614772617816925,0.343988835811615,0.0020170458592474,0.6058427095413208,0.3147356510162353,-0.0001355817221337,0.6030020713806152,0.3614183962345123,-0.0135135911405086,0.5663471817970276,0.3116860091686249,-0.0217378232628107,0.5460599660873413,0.2826222479343414,-0.0244673546403646,0.5300567746162415,0.2604315280914306,-0.0253510400652885,0.58375084400177,0.3802974224090576,-0.019566336646676,0.5457583665847778,0.3205643594264984,-0.0291514787822961,0.5228878259658813,0.2834281921386719,-0.0323487520217895,0.5062438249588013,0.2546586394309997,-0.0334560200572013,0.5675398707389832,0.4038095474243164,-0.0242474433034658,0.5341788530349731,0.347142219543457,-0.0319552272558212,0.5131424069404602,0.309981107711792,-0.0351224094629287,0.4984388649463653,0.2806930541992187,-0.0364262759685516,0.5544193983078003,0.4320151805877685,-0.0278546214103698,0.5296987295150757,0.3863536715507507,-0.0346785672008991,0.5157507061958313,0.3577234745025635,-0.0359676741063594,0.5052219033241272,0.3337037861347198,-0.0355101078748703,0.7894948124885559,0.8568344116210938,-0.3444218039512634,0.1621674001216888,0.872484564781189,-0.4861114621162414,0.624830961227417,0.4986983239650726,-0.8430380821228027,0.3424941301345825,0.5020846128463745,-1.0300449132919312,Thank you
0.328077495098114,0.4933412969112396,2.199369646405103e-07,0.3136575222015381,0.438539981842041,0.0018261766526848,0.3180713951587677,0.3874843418598175,-0.0019589432049542,0.3334444165229797,0.3462324440479278,-0.0064312536269426,0.3408753573894501,0.3108420073986053,-0.0119217354804277,0.3504078686237335,0.3629672229290008,-0.0141556784510612,0.3846844434738159,0.3089058399200439,-0.0238244365900754,0.4041765332221985,0.2805894911289215,-0.0282871946692466,0.4192160665988922,0.257316529750824,-0.0302225016057491,0.371103435754776,0.3797147274017334,-0.0211828984320163,0.408932626247406,0.3192698955535888,-0.0279286503791809,0.4298107624053955,0.2836467027664184,-0.0310185495764017,0.4449527859687805,0.256214439868927,-0.0331026352941989,0.3885226249694824,0.4035442471504211,-0.0274921879172325,0.421964019536972,0.3456642627716064,-0.032783392816782,0.4408113956451416,0.3114471435546875,-0.0354512892663478,0.4544707536697387,0.2841128408908844,-0.0375069752335548,0.4025856852531433,0.4318698346614837,-0.0333367548882961,0.4284535944461822,0.3842965960502624,-0.0372806750237941,0.4422320127487182,0.3583621084690094,-0.0370826013386249,0.4538460671901703,0.3363479077816009,-0.0364460125565528,0.630859375,0.4842851758003235,1.8758466069357385e-07,0.642570436000824,0.4271848797798157,0.003664584364742,0.633332371711731,0.3787678182125091,0.0028504247311502,0.614585280418396,0.3441895246505737,0.0017406343249604,0.6056584715843201,0.3148522675037384,-0.0005039746756665,0.6032487750053406,0.3622056543827057,-0.0142781622707843,0.5666888356208801,0.3120012283325195,-0.0227954778820276,0.5462647080421448,0.2827063798904419,-0.0256492104381322,0.5300168991088867,0.2602458298206329,-0.0266222655773162,0.5838638544082642,0.3811095058917999,-0.0203561000525951,0.5460077524185181,0.3210888504981994,-0.0303169526159763,0.5229540467262268,0.2837768495082855,-0.0337830670177936,0.5059567093849182,0.254901111125946,-0.0351131483912467,0.56757652759552,0.4045403003692627,-0.0250022299587726,0.5342085957527161,0.3477920293807983,-0.0330090187489986,0.5131600499153137,0.3104738891124725,-0.0364828370511531,0.4982961118221283,0.2812132239341736,-0.0380003452301025,0.5544136166572571,0.4325174391269684,-0.0285555832087993,0.5293793082237244,0.3864887356758117,-0.0357174798846244,0.5151099562644958,0.3578130602836609,-0.0373750068247318,0.5042012929916382,0.3339783251285553,-0.0371823348104953,0.7894799709320068,0.8568261861801147,-0.3416894078254699,0.1621959656476974,0.8723031282424927,-0.477825254201889,0.6248021721839905,0.4986906051635742,-0.8394659161567688,0.3425329327583313,0.5021202564239502,-1.016668677330017,Thank you
0.3280896544456482,0.4930651485919952,2.224123107907872e-07,0.3137450218200683,0.4381569623947143,0.0018381878035143,0.318239152431488,0.3872198760509491,-0.0019479474285617,0.333692193031311,0.3461920917034149,-0.0064550735987722,0.3411239087581634,0.3109622895717621,-0.0120217557996511,0.3504733741283417,0.3630102574825287,-0.0140791200101375,0.3847187161445617,0.3090139925479889,-0.0238287318497896,0.4042322039604187,0.2805037498474121,-0.0284338500350713,0.4193094670772552,0.2570140957832336,-0.0305077154189348,0.3710339665412903,0.3796983659267425,-0.0211623683571815,0.4089479744434356,0.3194310963153839,-0.0279261264950037,0.4299733936786651,0.2836947441101074,-0.0311922114342451,0.4452958106994629,0.2560946941375732,-0.0334555432200431,0.3883795738220215,0.4034984707832336,-0.0275350268930196,0.4220879673957824,0.345578134059906,-0.0328852497041225,0.4409146308898926,0.3112099170684814,-0.0357971712946891,0.4545629620552063,0.2837347686290741,-0.0380816608667373,0.4024041593074798,0.4317549765110016,-0.0334397889673709,0.4282961189746856,0.3847482800483703,-0.0376343950629234,0.4420883655548095,0.3587390482425689,-0.0377652868628501,0.4537420570850372,0.3364735543727875,-0.0373831056058406,0.6308341026306152,0.4839971661567688,1.927371329202288e-07,0.6420722007751465,0.4268232882022857,0.0030609020031988,0.6327266693115234,0.3781472742557525,0.0019811587408185,0.6141746044158936,0.3438527882099151,0.0006531559047289,0.6053279042243958,0.3145274221897125,-0.0017961208941414,0.6027364730834961,0.3620510399341583,-0.0146361403167247,0.5663770437240601,0.311558723449707,-0.0234310738742351,0.5459794402122498,0.2820689082145691,-0.0265488550066947,0.529768705368042,0.2595811188220978,-0.0276968237012624,0.5838699340820312,0.3810608386993408,-0.0206112395972013,0.5458942651748657,0.3211633563041687,-0.0304570011794567,0.5227344632148743,0.2838967442512512,-0.0340731032192707,0.5056788921356201,0.2551683187484741,-0.0356205329298973,0.5678313374519348,0.4045807421207428,-0.0252692028880119,0.5343754887580872,0.3478156328201294,-0.0332869999110698,0.5133485794067383,0.3103021681308746,-0.0370504297316074,0.4986138045787811,0.2807955145835876,-0.0388625599443912,0.5546360611915588,0.4325049221515655,-0.0289026442915201,0.5297567844390869,0.3869319260120392,-0.0362468846142292,0.5156137347221375,0.3582555651664734,-0.0381816737353801,0.5049667358398438,0.3342114388942718,-0.038245178759098,0.7894471883773804,0.8568347692489624,-0.341161847114563,0.162222072482109,0.8721846342086792,-0.475719541311264,0.6247392892837524,0.4986634254455566,-0.8395932912826538,0.3426465392112732,0.5021126866340637,-1.0135107040405271,Thank you
0.3281274139881134,0.4931414425373077,2.229286337751546e-07,0.3137640058994293,0.4382490515708923,0.0017713737906888,0.3182648420333862,0.3873330056667328,-0.002086785621941,0.3336654305458069,0.3462532758712768,-0.006648801267147,0.3411089777946472,0.3110188245773315,-0.012268048711121,0.3505348563194275,0.3630747497081756,-0.0141870230436325,0.3848854303359985,0.3090353012084961,-0.0239579752087593,0.4043122231960296,0.2804012894630432,-0.028578020632267,0.4192665517330169,0.2567720413208008,-0.0306680966168642,0.3710758090019226,0.3797525763511657,-0.0212398059666156,0.4090259969234466,0.3194794654846191,-0.0280198045074939,0.4299985766410827,0.2837181091308594,-0.0313089191913604,0.4452362954616546,0.2560245394706726,-0.0335858948528766,0.3884208798408508,0.40354785323143,-0.02757597155869,0.4221823811531067,0.3455067574977875,-0.0329356454312801,0.4409516155719757,0.3111119270324707,-0.0358666032552719,0.4545228481292724,0.283581018447876,-0.038167055696249,0.4024515151977539,0.4317933022975921,-0.0334443934261798,0.4282700717449188,0.3847838938236236,-0.0376752987504005,0.4420538544654846,0.3587449491024017,-0.0378435626626014,0.4537272751331329,0.3364345133304596,-0.0374788418412208,0.6309589743614197,0.4840842485427856,1.9188703959116538e-07,0.6420995593070984,0.4269513487815857,0.003272202797234,0.6328235864639282,0.3782656192779541,0.0023314806167036,0.6143012642860413,0.3439294397830963,0.0011276056757196,0.605469286441803,0.3145905435085296,-0.0011927158338949,0.602785587310791,0.3621506690979004,-0.0143766831606626,0.5664653778076172,0.3116889595985412,-0.0230363756418228,0.5461024045944214,0.2822218537330627,-0.0260293278843164,0.5299597382545471,0.259822815656662,-0.0270856227725744,0.5839719772338867,0.3810682892799377,-0.0203802026808261,0.5461475849151611,0.3211057782173157,-0.0301309861242771,0.523151695728302,0.2839232087135315,-0.0336543284356594,0.5062841773033142,0.2553987503051758,-0.0351129695773124,0.5679430365562439,0.4045640826225281,-0.0250493362545967,0.5344944596290588,0.3478467762470245,-0.0329860597848892,0.5135231018066406,0.3103941977024078,-0.0367004610598087,0.4989110827445984,0.2810032069683075,-0.0384665094316005,0.5547005534172058,0.4325729012489319,-0.028670972213149,0.5297734141349792,0.3870910406112671,-0.0359558388590812,0.5156066417694092,0.3584466278553009,-0.0378858484327793,0.5050063729286194,0.3343798816204071,-0.0379361659288406,0.7894061803817749,0.856842041015625,-0.3409963250160217,0.1622437685728073,0.872114896774292,-0.4747994840145111,0.6247038245201111,0.4986436665058136,-0.8397286534309387,0.3427045345306396,0.5021093487739563,-1.01251482963562,Thank you
0.3281233012676239,0.4940009713172912,2.2041221825475082e-07,0.3136394619941711,0.439505398273468,0.0019979798234999,0.3180074989795685,0.3880406320095062,-0.0017428811406716,0.3334332406520843,0.3464126884937286,-0.0061945747584104,0.3409503698348999,0.3108612895011902,-0.011696514673531,0.3503543138504028,0.3635120093822479,-0.0141344117000699,0.3849519789218902,0.3090792298316955,-0.02369668148458,0.4043905138969421,0.2806098461151123,-0.0281135123223066,0.4193139374256134,0.2571927309036255,-0.0300631746649742,0.3710258603096008,0.3799684345722198,-0.0212217438966035,0.4092593491077423,0.3192545771598816,-0.0277486182749271,0.430106371641159,0.2835328280925751,-0.0308664236217737,0.4450197517871856,0.2559666037559509,-0.0330302380025386,0.3884645998477936,0.4036028385162353,-0.0275391414761543,0.4225778579711914,0.3452472686767578,-0.0326497368514537,0.4413366317749023,0.3107821941375732,-0.035516794770956,0.4546542763710022,0.2832980155944824,-0.0378262251615524,0.4025674760341644,0.4317795038223266,-0.0333599410951137,0.4285116493701935,0.3844389319419861,-0.0374425873160362,0.4421792328357696,0.358443021774292,-0.0375478118658065,0.4535799622535705,0.3362978100776672,-0.0371489860117435,0.630815327167511,0.4840693175792694,1.9285836572180415e-07,0.6421630382537842,0.4269970059394836,0.0033733255695551,0.6328748464584351,0.3784862458705902,0.0024316902272403,0.6143457293510437,0.3439368605613708,0.0012112717377021,0.6054441332817078,0.3146093487739563,-0.0011519119143486,0.6029718518257141,0.3621414303779602,-0.0143938129767775,0.5664702653884888,0.3116124868392944,-0.0229753516614437,0.5461858510971069,0.2822123169898987,-0.0259069241583347,0.5301256775856018,0.2598079442977905,-0.0269186347723007,0.5840626955032349,0.3810209631919861,-0.0204352363944053,0.5459386706352234,0.3208088874816894,-0.0301297008991241,0.5228552222251892,0.2835953831672668,-0.0336187779903411,0.5059418082237244,0.2550530135631561,-0.0350500307977199,0.5679641962051392,0.4045253098011017,-0.0251191314309835,0.5342500805854797,0.3477522134780884,-0.0330007411539554,0.513178825378418,0.3103172779083252,-0.0367176309227943,0.498504638671875,0.2809062898159027,-0.0384911559522151,0.5546583533287048,0.4325654804706573,-0.0287337340414524,0.5294382572174072,0.3869787752628326,-0.0359068177640438,0.5152673721313477,0.358451247215271,-0.0377495922148227,0.5046558380126953,0.3344177603721618,-0.0377566888928413,0.789192795753479,0.856924295425415,-0.340648353099823,0.1622792184352874,0.8720741271972656,-0.4738931059837341,0.6246976256370544,0.4986597299575805,-0.8398394584655762,0.3427219986915588,0.5021317601203918,-1.011807560920715,Thank you
0.3280649185180664,0.4937467575073242,2.192408743439956e-07,0.3136886954307556,0.4390883445739746,0.002354885218665,0.3181169629096985,0.3877283036708832,-0.0011891557369381,0.3335963487625122,0.3462013900279999,-0.0055007124319672,0.3412794768810272,0.3108497858047485,-0.0108931409195065,0.3503369987010956,0.3631170988082886,-0.0138467270880937,0.3850091695785522,0.3088366985321045,-0.0232621803879737,0.4045591950416565,0.2805560827255249,-0.0276185795664787,0.4196066856384277,0.2572757601737976,-0.0295335948467254,0.3710697293281555,0.3796264231204986,-0.0210237354040145,0.4094509184360504,0.319010853767395,-0.0272121150046587,0.4303407669067383,0.2832788825035095,-0.0301788412034511,0.4453485608100891,0.2558485865592956,-0.0323146358132362,0.3885199129581451,0.4034741520881653,-0.0273930802941322,0.422503262758255,0.3451960682868957,-0.032189704477787,0.4413892328739166,0.3109039068222046,-0.0349071472883224,0.4549238383769989,0.2837347090244293,-0.0372009500861167,0.402515560388565,0.4318087995052337,-0.0332546606659889,0.4282983541488647,0.3845624327659607,-0.037145547568798,0.4419796466827392,0.3585273325443268,-0.0371597073972225,0.4535089135169983,0.3363338708877563,-0.0367441177368164,0.6311678886413574,0.4842012822628021,1.891713310442356e-07,0.6422954797744751,0.4266215562820434,0.003737213788554,0.6328624486923218,0.3782965838909149,0.0030345171689987,0.6142601370811462,0.343853622674942,0.0020286908838897,0.605462908744812,0.3144817948341369,-0.0001118985455832,0.6029051542282104,0.3622312247753143,-0.0141907874494791,0.5661876201629639,0.3114352524280548,-0.0227003172039985,0.5458396673202515,0.2819053828716278,-0.025502448901534,0.529710590839386,0.2593941390514374,-0.0263825543224811,0.5839447975158691,0.3811311423778534,-0.0202620439231395,0.5457183122634888,0.3208017647266388,-0.0299057513475418,0.5225088596343994,0.2835792899131775,-0.0332237146794796,0.505520224571228,0.2550710439682007,-0.034505970776081,0.5677956342697144,0.4045318365097046,-0.0249399729073047,0.5341523885726929,0.3475860953330993,-0.032717116177082,0.513051450252533,0.3101589679718017,-0.0363034456968307,0.4983693957328796,0.2808663845062256,-0.0379602648317813,0.5544543266296387,0.4324992895126343,-0.0285217855125665,0.5290076732635498,0.3865964412689209,-0.0356597751379013,0.5147042274475098,0.3580466210842132,-0.0374819003045558,0.5039275884628296,0.3342058658599853,-0.0374327227473259,0.7889972925186157,0.8571273684501648,-0.3404654860496521,0.1623044162988662,0.8721768856048584,-0.4742613434791565,0.624710738658905,0.4986892938613891,-0.8399456739425659,0.342745691537857,0.502144992351532,-1.0128042697906494,Thank you
0.3278584480285644,0.4940365254878998,2.165780728091704e-07,0.31331866979599,0.4393433928489685,0.0018907359335571,0.3176230490207672,0.3881345987319946,-0.0018869579071179,0.3331225514411926,0.3466333150863647,-0.0063545498996973,0.3413124978542328,0.3110114336013794,-0.0118305524811148,0.3506709039211273,0.3631913661956787,-0.0139013761654496,0.3851731717586517,0.3092480003833771,-0.0234111528843641,0.4046021401882171,0.2808936834335327,-0.0279047656804323,0.4195055961608886,0.257495641708374,-0.0299378149211406,0.3715108633041382,0.3799306750297546,-0.0209287200123071,0.4094719886779785,0.3196762502193451,-0.027237307280302,0.4302577674388885,0.2840925455093384,-0.0303500816226005,0.4451738893985748,0.2567127346992492,-0.0325877033174037,0.3888721466064453,0.4038876891136169,-0.0272171795368194,0.4223213791847229,0.3459793031215668,-0.0321477577090263,0.4412572979927063,0.3116618394851684,-0.0349299795925617,0.4548212885856628,0.2843798398971557,-0.0372512340545654,0.4027944505214691,0.4323047399520874,-0.033046681433916,0.4284240901470184,0.3853635489940643,-0.0370069220662117,0.442200243473053,0.3591887652873993,-0.0370675735175609,0.4537733793258667,0.3368923962116241,-0.0366754122078418,0.6308147311210632,0.4839573204517364,1.9001276996277738e-07,0.6421360969543457,0.4265574812889099,0.0036034255754202,0.6327906250953674,0.3781620264053345,0.0027790374588221,0.6141533851623535,0.3436431884765625,0.0017123102443292,0.6053703427314758,0.3142827153205871,-0.0004844651557505,0.6027534604072571,0.3623307943344116,-0.01446542609483,0.5661874413490295,0.3115781545639038,-0.0229543708264827,0.5458052754402161,0.2821786999702453,-0.0257392693310976,0.5296542644500732,0.2599758505821228,-0.0266273561865091,0.5837169885635376,0.3812811970710754,-0.020463777706027,0.5454492568969727,0.3208461105823517,-0.0301200374960899,0.5223389267921448,0.2838966250419616,-0.0334202051162719,0.5053987503051758,0.2556986808776855,-0.034675121307373,0.5675455927848816,0.4046682119369507,-0.0250395517796278,0.5336560010910034,0.3477410972118377,-0.0327700749039649,0.512582540512085,0.3104602694511413,-0.0362205691635608,0.4978923797607422,0.2812706232070923,-0.0378008373081684,0.5542502403259277,0.4325826466083526,-0.0285208392888307,0.5287630558013916,0.3870490491390228,-0.0354302264750003,0.5145648717880249,0.3586940765380859,-0.0369861535727977,0.5039528012275696,0.3349795341491699,-0.0367801673710346,0.7889192700386047,0.8572510480880737,-0.340545654296875,0.1624497026205063,0.8723530173301697,-0.4740742743015289,0.6247988939285278,0.4988182187080383,-0.8400785326957703,0.3427996933460235,0.5021868944168091,-1.0133626461029053,Thank you
0.3276389539241791,0.494808167219162,2.1589964660506666e-07,0.3129766285419464,0.4398573040962219,0.0022871592082083,0.317613273859024,0.3884927034378052,-0.0011802485678344,0.3333767652511596,0.3467524647712707,-0.0054132156074047,0.3414444327354431,0.311064600944519,-0.0106530813500285,0.3507845401763916,0.3634126186370849,-0.0130111398175358,0.3853013515472412,0.3091113269329071,-0.0220801401883363,0.4047444462776184,0.2809692323207855,-0.0262958351522684,0.4197895228862762,0.2577303051948547,-0.0281650517135858,0.3716417253017425,0.3799443542957306,-0.0201098397374153,0.4097245335578918,0.3194659352302551,-0.0259754080325365,0.4305627644062042,0.2840132713317871,-0.0288804899901151,0.4455580413341522,0.2567474246025085,-0.0310095623135566,0.3889773786067962,0.4038563668727875,-0.0264692083001136,0.4228350520133972,0.3457172214984894,-0.0310782957822084,0.4417126774787903,0.3112753927707672,-0.0338455699384212,0.4551346004009247,0.2838253378868103,-0.0361952520906925,0.4028433561325073,0.4321980476379394,-0.0323328077793121,0.4288390278816223,0.3847909569740295,-0.036042932420969,0.442626953125,0.3586279451847076,-0.0360325835645198,0.4541322886943817,0.3362767696380615,-0.0356213264167308,0.6305382251739502,0.4838827848434448,1.879435842511157e-07,0.6419910192489624,0.4263901114463806,0.0038907725829631,0.6326019763946533,0.3778337836265564,0.0033033187501132,0.6139219403266907,0.3431805968284607,0.0024755652993917,0.6050669550895691,0.3139002323150635,0.0005155744147486,0.6026469469070435,0.3619666397571563,-0.0142701044678688,0.5661448836326599,0.3115190863609314,-0.0225603394210338,0.5459036231040955,0.2821729183197021,-0.0251655355095863,0.5298689603805542,0.2600224614143371,-0.0259528513997793,0.5835025906562805,0.3808298707008362,-0.0202850624918937,0.5454191565513611,0.3204187750816345,-0.0298884604126214,0.5223779678344727,0.2836548089981079,-0.0330660007894039,0.5054898262023926,0.2556770741939544,-0.0342121869325637,0.5672106146812439,0.40414959192276,-0.0248341392725706,0.5335774421691895,0.3471167385578155,-0.0325139351189136,0.5123885869979858,0.3100390434265136,-0.0359247215092182,0.4975663125514984,0.2811045050621032,-0.0374633744359016,0.5539012551307678,0.4320089519023895,-0.0282535348087549,0.5286121964454651,0.3865280151367187,-0.0351252742111682,0.5144360065460205,0.3582969009876251,-0.0367115959525108,0.5038242936134338,0.3346791267395019,-0.0365225858986377,0.7888845801353455,0.8572624921798706,-0.3342499136924743,0.162494271993637,0.8725046515464783,-0.4694578647613525,0.624828577041626,0.4988950788974762,-0.8361603617668152,0.3428278565406799,0.5022685527801514,-1.0077780485153198,Thank you
0.3002079725265503,0.6294033527374268,4.003932474461181e-07,0.2791123688220978,0.5710921883583069,-0.0108205331489443,0.2789051830768585,0.5161188244819641,-0.0229429360479116,0.291109174489975,0.4769156873226166,-0.0320891290903091,0.2979742586612701,0.4428761303424835,-0.0422427020967006,0.3007940948009491,0.5201447010040283,-0.0436181910336017,0.331903874874115,0.4689302444458008,-0.0626656860113143,0.356198251247406,0.4388132691383362,-0.0728922337293624,0.3776108920574188,0.4147427976131439,-0.0790187418460846,0.3286192119121551,0.5480716824531555,-0.0472151413559913,0.3634593784809112,0.4913897812366485,-0.0638195052742958,0.3870004415512085,0.4552045464515686,-0.0720672979950904,0.4060609936714172,0.4245297312736511,-0.0781291797757148,0.3525956869125366,0.5771477222442627,-0.0496233105659484,0.3836510181427002,0.5233717560768127,-0.0644935145974159,0.4048157930374145,0.4860472083091736,-0.0704889819025993,0.4221592545509338,0.4535279870033264,-0.0746290385723114,0.372157335281372,0.6045511960983276,-0.0516861490905284,0.3941369354724884,0.5648171305656433,-0.0654170140624046,0.4078122973442077,0.5378016829490662,-0.0691340863704681,0.4214407801628113,0.5123140811920166,-0.0710696801543235,0.6524894833564758,0.6376760601997375,2.638987552927574e-07,0.6663137078285217,0.5736802220344543,-0.0107378093525767,0.6577599048614502,0.5109621286392212,-0.0228181108832359,0.6357902884483337,0.4685507118701935,-0.0314822122454643,0.6216460466384888,0.4346131682395935,-0.0415851734578609,0.6380462646484375,0.5192089080810547,-0.051552128046751,0.5897791981697083,0.4689407348632812,-0.0713481456041336,0.5612898468971252,0.4389162957668304,-0.0791691243648529,0.5388451814651489,0.4147689342498779,-0.0828211829066276,0.6105158925056458,0.5508773326873779,-0.0536503307521343,0.5578042268753052,0.4902926087379455,-0.0741783678531646,0.5273095369338989,0.4520038962364197,-0.0810724422335624,0.5064048767089844,0.4219025373458862,-0.0848378017544746,0.5861361026763916,0.5794716477394104,-0.0537667125463485,0.5399059057235718,0.5197427272796631,-0.0691492408514022,0.5133470296859741,0.4812763929367065,-0.0743577033281326,0.4961002767086029,0.4516437649726867,-0.0770052745938301,0.5672035217285156,0.6054485440254211,-0.053465936332941,0.5325474143028259,0.5569823980331421,-0.0654005333781242,0.5150493383407593,0.528297483921051,-0.0690253525972366,0.5024221539497375,0.5050929188728333,-0.0702743008732795,0.8071034550666809,0.8746681809425354,-0.4398243427276611,0.1740419715642929,0.916185200214386,-0.4998899102210998,0.6678186655044556,0.6700082421302795,-1.0851194858551023,0.2997468411922455,0.6329995393753052,-1.2473143339157104,Thank you
0.3021294176578522,0.6301407814025879,3.8477944031001243e-07,0.2800061404705047,0.5733900666236877,-0.0108528835698962,0.2792977392673492,0.5177351236343384,-0.02235390804708,0.2909967601299286,0.4784284234046936,-0.0310090966522693,0.2980414927005768,0.4427827000617981,-0.0405199155211448,0.3009958863258362,0.5205657482147217,-0.0411610268056392,0.3318519592285156,0.4696851968765259,-0.0595039092004299,0.356055349111557,0.4397785663604736,-0.0693353712558746,0.3774452209472656,0.4158690571784973,-0.0754307955503463,0.329868882894516,0.5464181303977966,-0.0446465760469436,0.3642545640468597,0.4906814098358154,-0.0605616569519043,0.3874932825565338,0.4556537866592407,-0.0687072277069091,0.4065585136413574,0.4249666035175323,-0.074871115386486,0.3540901243686676,0.5737773776054382,-0.0471597984433174,0.3845524787902832,0.5213485360145569,-0.0618777945637702,0.4051201641559601,0.486184298992157,-0.067611813545227,0.4224001169204712,0.4540700912475586,-0.0716662257909774,0.3732121586799621,0.5999668836593628,-0.0494119338691234,0.3943374454975128,0.5624561309814453,-0.0634114444255828,0.4077170491218567,0.5375937819480896,-0.0673328563570976,0.4214647114276886,0.5129331946372986,-0.0694566965103149,0.6515745520591736,0.6376022100448608,2.607092710604775e-07,0.6662251949310303,0.5748106837272644,-0.0108098769560456,0.6586539149284363,0.512028694152832,-0.0224283151328563,0.6385101675987244,0.468834787607193,-0.0306065008044242,0.6237424612045288,0.4359959363937378,-0.0402621440589427,0.6387824416160583,0.5199729204177856,-0.0510728657245636,0.5903144478797913,0.4695942103862762,-0.0699541568756103,0.5612085461616516,0.440289556980133,-0.0771815180778503,0.5379341244697571,0.4170049726963043,-0.0805275291204452,0.6113850474357605,0.5513908267021179,-0.0529450848698616,0.5584262609481812,0.4902380108833313,-0.0724914595484733,0.5274435877799988,0.452638030052185,-0.0790526717901229,0.505425214767456,0.4235978424549103,-0.0826320648193359,0.5869783759117126,0.580045223236084,-0.0528067722916603,0.5414031744003296,0.5203796029090881,-0.0672527849674224,0.5144267678260803,0.4824470281600952,-0.0724817812442779,0.4959422647953033,0.4537152051925659,-0.0752585902810096,0.5678660273551941,0.6063603758811951,-0.0522926710546016,0.5339683294296265,0.5576638579368591,-0.0634265169501304,0.5162484049797058,0.5292106866836548,-0.0668537840247154,0.5030611753463745,0.507003664970398,-0.0680978447198867,0.8071004152297974,0.8749738335609436,-0.447880208492279,0.1740419268608093,0.9162241816520692,-0.516334593296051,0.6677655577659607,0.6699430346488953,-1.1076884269714355,0.2997545003890991,0.6328089237213135,-1.2784104347229004,Thank you
0.3023485541343689,0.6293909549713135,3.905473136001092e-07,0.2801243960857391,0.5725424289703369,-0.0108395125716924,0.2793794870376587,0.5177066922187805,-0.0224696565419435,0.2909865975379944,0.4785895347595215,-0.0312098860740661,0.2981070578098297,0.44356569647789,-0.0408638454973697,0.3013499975204468,0.5200625061988831,-0.0414684824645519,0.3321348428726196,0.4693813323974609,-0.0597553551197052,0.3562945425510406,0.439706951379776,-0.0695984661579132,0.3775585293769836,0.4158756732940674,-0.0757025182247161,0.3302487134933471,0.5459051132202148,-0.0448989309370517,0.3643910586833954,0.4907081723213196,-0.0608140714466571,0.3874170482158661,0.4559274017810821,-0.0688888430595398,0.4061196744441986,0.4255313873291015,-0.0750038400292396,0.3544258177280426,0.5733690857887268,-0.0473169274628162,0.384656548500061,0.5213317275047302,-0.0620532073080539,0.4053233861923218,0.4860405921936035,-0.0678440853953361,0.42254838347435,0.4539514482021332,-0.0719554796814918,0.3735590577125549,0.5995620489120483,-0.049435194581747,0.3946771025657654,0.562370240688324,-0.0634509399533271,0.4080047607421875,0.5376607179641724,-0.0673096776008606,0.4216186106204986,0.5130774974822998,-0.0694004520773887,0.6511123180389404,0.6370691657066345,2.587306084933516e-07,0.6656461954116821,0.5743122100830078,-0.0107953753322362,0.6584759950637817,0.5113397836685181,-0.0225172229111194,0.6379030346870422,0.4687812626361847,-0.0309385564178228,0.6232165694236755,0.4359966516494751,-0.0408419519662857,0.6379997730255127,0.5191766023635864,-0.0503789521753788,0.5905115008354187,0.4691846668720245,-0.0696553662419319,0.5618065595626831,0.4401657581329345,-0.0773526281118393,0.5388784408569336,0.416857898235321,-0.08103559166193,0.6109461784362793,0.550620436668396,-0.0525406301021575,0.5584303736686707,0.4905740916728973,-0.0725430995225906,0.5275630950927734,0.452837198972702,-0.0796353965997695,0.5057790875434875,0.4230793714523315,-0.0836334824562072,0.586742639541626,0.5794644951820374,-0.0527982898056507,0.5411511063575745,0.5200936198234558,-0.0680563524365425,0.5143024325370789,0.4821332693099975,-0.0736268758773803,0.4960707426071167,0.4530873596668243,-0.0765234231948852,0.567624032497406,0.606193482875824,-0.0526556111872196,0.5335935950279236,0.5569435954093933,-0.064732514321804,0.51570063829422,0.5283704400062561,-0.0685587525367736,0.5023316144943237,0.5057975053787231,-0.0699622631072998,0.8070883750915527,0.8752505779266357,-0.4541106820106506,0.174082949757576,0.9163028001785278,-0.5233960151672363,0.6677225828170776,0.6698777675628662,-1.1154935359954834,0.2997637391090393,0.6326674222946167,-1.286773681640625,Thank you
0.3008618354797363,0.6274845600128174,4.0185017269323e-07,0.2791857719421386,0.5707046389579773,-0.0115455361083149,0.2787874042987823,0.5154553651809692,-0.0233831871300935,0.2906712293624878,0.4761521816253662,-0.0320823527872562,0.297918438911438,0.4409713745117187,-0.041686538606882,0.3008941411972046,0.5179075002670288,-0.0426970198750495,0.331379234790802,0.4679652154445648,-0.0616004467010498,0.3555128276348114,0.4381033778190613,-0.0718415677547454,0.3769158124923706,0.4142928123474121,-0.0782212018966674,0.3296530246734619,0.5440075397491455,-0.0460524372756481,0.3640533685684204,0.489916056394577,-0.0628221780061721,0.3872891366481781,0.4551722705364227,-0.0715411528944969,0.4059649705886841,0.4245378375053406,-0.078055202960968,0.3536868691444397,0.5718492865562439,-0.0484199859201908,0.384208470582962,0.5212345719337463,-0.0640270039439201,0.4051406979560852,0.4862754642963409,-0.0702946335077285,0.4224403500556946,0.4537038207054138,-0.0746407732367515,0.3725184798240661,0.5985308885574341,-0.0505088716745376,0.3940272629261017,0.5622876286506653,-0.0652864202857017,0.4077374637126922,0.5377943515777588,-0.0694705843925476,0.4217127859592438,0.5129694938659668,-0.0717296227812767,0.6531214118003845,0.6386298537254333,2.468204627348314e-07,0.6677467823028564,0.5759004354476929,-0.0107117537409067,0.6601797342300415,0.5126238465309143,-0.0219781715422868,0.6392035484313965,0.4697752594947815,-0.0299410484731197,0.6254571080207825,0.4362828731536865,-0.0392219983041286,0.6391034126281738,0.5195637941360474,-0.0482725873589515,0.5917238593101501,0.4697906374931335,-0.066591128706932,0.5628852844238281,0.4413995742797851,-0.0737896263599395,0.539635956287384,0.4189006090164184,-0.0772725567221641,0.6113527417182922,0.5506021976470947,-0.050076737999916,0.5605995655059814,0.491187572479248,-0.0692889839410781,0.5299879908561707,0.4541996121406555,-0.0759436786174774,0.5078768730163574,0.4253829717636108,-0.0796281769871711,0.5868163108825684,0.5792837142944336,-0.0500762648880481,0.5424718260765076,0.5208502411842346,-0.0643702894449234,0.5165404677391052,0.4835400283336639,-0.0693285465240478,0.4987706243991852,0.4552527368068695,-0.0719022005796432,0.5678918361663818,0.6054933667182922,-0.0497683882713317,0.5348592400550842,0.5568053126335144,-0.0608269162476062,0.5174161791801453,0.5285444855690002,-0.0641594752669334,0.5042586326599121,0.5063921213150024,-0.0653034895658493,0.8070344924926758,0.8753100037574768,-0.4382205903530121,0.1742233783006668,0.916287362575531,-0.5201300978660583,0.6681085228919983,0.6698337197303772,-1.1005761623382568,0.2998461425304413,0.6318784952163696,-1.27338707447052,Thank you
0.3001121282577514,0.6287310719490051,4.066556869020133e-07,0.2786060869693756,0.5711432695388794,-0.0119432276114821,0.2791568040847778,0.5151214599609375,-0.0242978930473327,0.2915111780166626,0.4752131700515747,-0.0334091410040855,0.2986140251159668,0.4392552077770233,-0.0435192734003067,0.2994416952133178,0.5184579491615295,-0.0448136404156684,0.3306189179420471,0.4673991799354553,-0.0647408068180084,0.3556985557079315,0.4375527501106262,-0.0756415352225303,0.3778680562973022,0.414018839597702,-0.0822837725281715,0.3280524015426636,0.5451236367225647,-0.04799460247159,0.3633886277675628,0.4891244769096374,-0.065420813858509,0.3875981867313385,0.4537732601165771,-0.074359655380249,0.4070424139499664,0.4232979714870453,-0.0809491649270057,0.3525772988796234,0.5735225081443787,-0.0500956550240516,0.383829265832901,0.5211701393127441,-0.0657794773578643,0.4051078557968139,0.4850005805492401,-0.0720474943518638,0.4225944876670837,0.4524471163749695,-0.076388418674469,0.3721900880336761,0.6008257865905762,-0.0519545525312423,0.3942517936229706,0.5627568364143372,-0.0665642544627189,0.4080255925655365,0.5368172526359558,-0.070765346288681,0.4218119084835052,0.5114995837211609,-0.0730377063155174,0.6517939567565918,0.6380886435508728,2.617929055759305e-07,0.6672472357749939,0.5746080875396729,-0.0111589329317212,0.6606842875480652,0.511283278465271,-0.0223333295434713,0.6395636796951294,0.4689019322395324,-0.0302395932376384,0.6262720227241516,0.4360444545745849,-0.0392910949885845,0.6373435258865356,0.519374668598175,-0.046743918210268,0.5899324417114258,0.4677049517631531,-0.0642039030790329,0.5617792010307312,0.438680350780487,-0.0708415731787681,0.5394518971443176,0.4164367914199829,-0.0737368464469909,0.6094163656234741,0.5504981875419617,-0.0479412674903869,0.558824360370636,0.490150511264801,-0.0657433494925499,0.5286729335784912,0.4537395536899566,-0.0716773346066474,0.5073490142822266,0.426595389842987,-0.0748038813471794,0.5854335427284241,0.5786870121955872,-0.0474247559905052,0.541808009147644,0.5194136500358582,-0.0602443143725395,0.5164067149162292,0.4824618697166443,-0.064500093460083,0.4993059635162353,0.4556353986263275,-0.0667182728648185,0.567252516746521,0.6040809154510498,-0.0467455461621284,0.5345863103866577,0.554847240447998,-0.0564588531851768,0.5176491737365723,0.5262866020202637,-0.058996956795454,0.5048621892929077,0.5047125220298767,-0.0595933496952056,0.807141125202179,0.8752984404563904,-0.4532245099544525,0.1755693256855011,0.9162327647209167,-0.5298253297805786,0.668411135673523,0.6692182421684265,-1.116837501525879,0.2998343110084533,0.6308082938194275,-1.279305934906006,Thank you
0.3007184863090515,0.6285172700881958,4.1684381812956417e-07,0.2801210284233093,0.5706678032875061,-0.011664998717606,0.2800447344779968,0.5154024958610535,-0.0243916194885969,0.2913845479488373,0.4761951863765716,-0.0339272804558277,0.298854798078537,0.4410272538661957,-0.0443944707512855,0.2984246611595154,0.5205393433570862,-0.0457170084118843,0.3307509422302246,0.4683093726634979,-0.0657300874590873,0.3559133410453796,0.4374879598617553,-0.0764192640781402,0.3779733180999756,0.4132095575332641,-0.0828333124518394,0.3271444141864776,0.5479539632797241,-0.0489165820181369,0.3632367253303528,0.4905480444431305,-0.0666353479027748,0.3876895010471344,0.4543604254722595,-0.0754452720284462,0.4071145355701446,0.4232365489006042,-0.0819257125258445,0.3522024154663086,0.5758720636367798,-0.0508952178061008,0.3837643563747406,0.5218392014503479,-0.0665675923228263,0.4054924249649048,0.4848203361034393,-0.0724857449531555,0.4231795072555542,0.4515515863895416,-0.0766049847006797,0.3723649382591247,0.6013751029968262,-0.0525788478553295,0.3947164714336395,0.5625401735305786,-0.0667094513773918,0.4085952043533325,0.5360581278800964,-0.0704621821641922,0.4222962856292724,0.5101868510246277,-0.0725165084004402,0.6524642705917358,0.6379497051239014,2.604988367238548e-07,0.6669790148735046,0.5748493075370789,-0.0109741333872079,0.6604907512664795,0.510842502117157,-0.0224228091537952,0.6393805146217346,0.4680119752883911,-0.0304723642766475,0.6254890561103821,0.4347429275512695,-0.039698090404272,0.6393473744392395,0.5180613398551941,-0.0486108772456646,0.5905730128288269,0.4664217531681061,-0.066757433116436,0.5617803931236267,0.4374127388000488,-0.0734273269772529,0.5391524434089661,0.414896011352539,-0.0762354806065559,0.6118097305297852,0.5499078631401062,-0.050066627562046,0.5598435997962952,0.4891676902770996,-0.0692352578043937,0.5293769836425781,0.452655166387558,-0.0753776058554649,0.5080088973045349,0.4248573780059814,-0.0783398821949958,0.5875813364982605,0.5782633423805237,-0.0496969036757946,0.5424323081970215,0.5189248919487,-0.0635858997702598,0.5164022445678711,0.4816561937332153,-0.0678836181759834,0.4990890622138977,0.4534862041473388,-0.0697960779070854,0.5687159299850464,0.6038037538528442,-0.0490727685391902,0.5347223877906799,0.5543028712272644,-0.0592679530382156,0.5177297592163086,0.5257285237312317,-0.0617658980190753,0.5054439306259155,0.5033289194107056,-0.0621709041297435,0.8071392178535461,0.8752949237823486,-0.4511780738830566,0.1762113124132156,0.9162253737449646,-0.5254361033439636,0.6684868931770325,0.6674448251724243,-1.115398406982422,0.2997617125511169,0.6307858824729919,-1.2775388956069946,Thank you
0.3021098375320434,0.6253174543380737,4.24638244567177e-07,0.2813909649848938,0.5678407549858093,-0.0115463938564062,0.2800188958644867,0.5124955773353577,-0.0242763645946979,0.2916237413883209,0.4727548360824585,-0.033793780952692,0.2988005578517914,0.4386006295681,-0.044165764003992,0.3000000715255737,0.5180604457855225,-0.0445543751120567,0.3325017988681793,0.466921716928482,-0.0642386749386787,0.3574737310409546,0.436477780342102,-0.0749073848128318,0.3794534802436828,0.4127310812473297,-0.0812457948923111,0.3284974992275238,0.5454756617546082,-0.0476980321109294,0.364772230386734,0.4878402948379516,-0.064764454960823,0.3887398242950439,0.4516377747058868,-0.0733071565628051,0.4078355729579925,0.4211382269859314,-0.0795740708708763,0.353299617767334,0.5734596848487854,-0.0496695563197135,0.385413646697998,0.5186409950256348,-0.0647712126374244,0.4071165919303894,0.4819920063018799,-0.0706241726875305,0.4247565269470215,0.4498392343521118,-0.0746544450521469,0.3732626140117645,0.599364697933197,-0.0513451620936393,0.3957924246788025,0.5597110390663147,-0.065120905637741,0.4098428785800934,0.5332720279693604,-0.0687568485736846,0.4238148629665375,0.5079973936080933,-0.0706494897603988,0.651695966720581,0.6364629864692688,2.5692330041238165e-07,0.6665997505187988,0.573359489440918,-0.0116181792691349,0.6601063013076782,0.5096027255058289,-0.0234146788716316,0.6389570832252502,0.4673057198524475,-0.0318579003214836,0.6255316734313965,0.4343346953392029,-0.0415619574487209,0.6387372612953186,0.5174642205238342,-0.0483437329530715,0.5914346575737,0.4668812751770019,-0.0669066533446312,0.5629251003265381,0.4377919733524322,-0.0744307339191436,0.5404669642448425,0.4146171510219574,-0.0780040100216865,0.6108593940734863,0.5488148331642151,-0.049861155450344,0.5595373511314392,0.489065557718277,-0.0683585405349731,0.5294381380081177,0.4519124031066894,-0.0748860090970993,0.5087595582008362,0.4229877889156341,-0.078600488603115,0.5867084264755249,0.5771142840385437,-0.049685500562191,0.5420539975166321,0.5177863240242004,-0.0634897425770759,0.5161281228065491,0.4799984693527221,-0.0682185888290405,0.4991478621959686,0.4511938393115997,-0.0708183646202087,0.5680688619613647,0.6025115847587585,-0.0493492074310779,0.534701406955719,0.5541305541992188,-0.0603956915438175,0.5173095464706421,0.52577805519104,-0.0635546743869781,0.504255473613739,0.5031138062477112,-0.0645529329776763,0.8069934844970703,0.8752166628837585,-0.4499208331108093,0.1763020902872085,0.9159430861473083,-0.5227724313735962,0.6686421036720276,0.6666699647903442,-1.1149126291275024,0.2996116280555725,0.6308059096336365,-1.2754892110824585,Thank you
0.3034654855728149,0.6247705221176147,4.2722680859696993e-07,0.2812543213367462,0.5677827000617981,-0.0131417913362383,0.279675543308258,0.5124993920326233,-0.0264266859740018,0.2916140854358673,0.472501665353775,-0.0361269414424896,0.3001515865325928,0.4379819631576538,-0.0465504266321659,0.299788236618042,0.5172344446182251,-0.0461899302899837,0.332181841135025,0.4663773775100708,-0.066579058766365,0.3573024570941925,0.4357113242149353,-0.0776998102664947,0.379438579082489,0.411679208278656,-0.0844325572252273,0.3288775682449341,0.5430620908737183,-0.0485245361924171,0.3649677634239197,0.4869536161422729,-0.0663385316729545,0.38936448097229,0.4515273571014404,-0.075196661055088,0.4088673293590545,0.4215199053287506,-0.0817594155669212,0.3540389239788055,0.569500207901001,-0.0498831532895565,0.385389506816864,0.5173642635345459,-0.0657809302210807,0.4071788489818573,0.4818660020828247,-0.0720668360590934,0.4249948263168335,0.4502919018268585,-0.0764334946870803,0.3741755485534668,0.5940349102020264,-0.0510951466858387,0.3966697752475738,0.5564833879470825,-0.0657308027148246,0.4106332957744598,0.5317544341087341,-0.0700856894254684,0.4244198799133301,0.5075297355651855,-0.0725232288241386,0.6518411636352539,0.6350159645080566,2.61851909044708e-07,0.6672226786613464,0.5722028017044067,-0.0110874790698289,0.6604585647583008,0.5086091160774231,-0.0224743336439132,0.63929283618927,0.4657025933265686,-0.0304651372134685,0.6252838969230652,0.432432472705841,-0.0397152379155159,0.6387668251991272,0.5165636539459229,-0.0487599559128284,0.5910157561302185,0.4649002850055694,-0.0669650807976722,0.5622668862342834,0.4356649518013,-0.0737494304776191,0.5396219491958618,0.4128144383430481,-0.0766875594854354,0.6108843684196472,0.5480015873908997,-0.0502854920923709,0.5596664547920227,0.4867722392082214,-0.0690148398280143,0.5295783877372742,0.4494659304618835,-0.0749363005161285,0.508713960647583,0.4208966493606567,-0.077947087585926,0.5864552855491638,0.5765467882156372,-0.0500237084925174,0.5426267385482788,0.5162686705589294,-0.0637007430195808,0.5171397924423218,0.47856405377388,-0.0679181963205337,0.5001640915870667,0.4502615332603454,-0.0699620693922042,0.5676631927490234,0.6025041341781616,-0.0495322979986667,0.5349478721618652,0.5526427626609802,-0.059991005808115,0.5176090002059937,0.523984968662262,-0.0626620575785636,0.5044845938682556,0.5016843676567078,-0.063252568244934,0.8069928288459778,0.8752210140228271,-0.432220309972763,0.1762768030166626,0.9154769778251648,-0.5083563923835754,0.6687917113304138,0.665862500667572,-1.1039106845855713,0.2996134161949157,0.630584180355072,-1.2653324604034424,Thank you
0.3013702630996704,0.62480229139328,4.306260734665557e-07,0.2802059650421142,0.5680992603302002,-0.0127598773688077,0.2798787951469421,0.5137613415718079,-0.0262603871524333,0.2915564775466919,0.473386138677597,-0.0361215956509113,0.2993799448013305,0.4373803436756134,-0.0469044893980026,0.2991654276847839,0.5190343260765076,-0.0484643317759037,0.3325069844722748,0.4668726325035095,-0.0688231140375137,0.3574261963367462,0.4355965256690979,-0.07931549847126,0.3792997300624847,0.411057561635971,-0.0855098068714141,0.3277861773967743,0.545384407043457,-0.0508077293634414,0.3648611605167389,0.4878398180007934,-0.0689063370227813,0.3894413113594055,0.4516234993934631,-0.0773713290691375,0.4089606702327728,0.4213825762271881,-0.0836427584290504,0.3527602851390838,0.5720492601394653,-0.0519381165504455,0.3845500648021698,0.5187475681304932,-0.0679702833294868,0.4065353870391845,0.4823406040668487,-0.0742659270763397,0.4244121313095093,0.4504318237304687,-0.0786851793527603,0.3727737069129944,0.5962110757827759,-0.0527823641896247,0.3954007029533386,0.556588888168335,-0.0675382390618324,0.4096830189228058,0.5312970876693726,-0.0721199735999107,0.4236817359924316,0.5069382190704346,-0.0747963935136795,0.6514115333557129,0.6345204710960388,2.642271397235163e-07,0.666081428527832,0.5715188384056091,-0.0111372387036681,0.6597171425819397,0.507509171962738,-0.0227355305105447,0.6385328769683838,0.464915931224823,-0.0308485236018896,0.6253821849822998,0.4321372210979461,-0.0402574874460697,0.6383219957351685,0.5157586336135864,-0.0499253012239933,0.5909336805343628,0.4651341140270233,-0.0688788816332817,0.5627679824829102,0.4359465837478637,-0.0762527957558631,0.5406159162521362,0.4128891229629516,-0.0795383602380752,0.6107330918312073,0.5475780963897705,-0.0515266992151737,0.5593382716178894,0.4868051707744598,-0.0712319463491439,0.5290526747703552,0.4490448832511902,-0.077863685786724,0.5079377889633179,0.4195156097412109,-0.0813421905040741,0.5864405035972595,0.5757997035980225,-0.0512601658701896,0.5421516299247742,0.5165497064590454,-0.065777838230133,0.5163283348083496,0.4786970615386963,-0.0705842748284339,0.499223381280899,0.4496551752090454,-0.0729149803519249,0.5674899220466614,0.6016757488250732,-0.0507310256361961,0.5341888666152954,0.5523740649223328,-0.0616458542644977,0.5171705484390259,0.524074912071228,-0.0646044909954071,0.504652738571167,0.5015959739685059,-0.0653897300362587,0.806989848613739,0.8751689195632935,-0.4194077551364898,0.1762765347957611,0.914862334728241,-0.4922691881656647,0.6689490675926208,0.665116548538208,-1.099910855293274,0.2996304631233215,0.6304064393043518,-1.253684639930725,Thank you
0.3030531108379364,0.6267275214195251,4.205878383345407e-07,0.2809019684791565,0.5702514052391052,-0.0126306973397731,0.2792792022228241,0.5151889324188232,-0.025884611532092,0.291204422712326,0.4743186235427856,-0.0356858745217323,0.2993543148040771,0.4384078085422516,-0.0463071651756763,0.2986988127231598,0.5204706192016602,-0.0471050255000591,0.3325295150279999,0.4667628109455108,-0.0674168467521667,0.3574306964874267,0.4354307949542999,-0.0779364109039306,0.3793684542179107,0.4111582338809967,-0.084022969007492,0.3274827897548675,0.5469679832458496,-0.0495887845754623,0.364202469587326,0.4885358810424804,-0.0674654990434646,0.3883752524852752,0.452095478773117,-0.075782872736454,0.4078806638717651,0.421943724155426,-0.0817645490169525,0.3528332710266113,0.5737053751945496,-0.0509518422186374,0.3845569491386413,0.5193064212799072,-0.0664958879351615,0.4060032069683075,0.4824037849903106,-0.0722761452198028,0.4237358868122101,0.4502794742584228,-0.0762374028563499,0.3734113872051239,0.5979921817779541,-0.0521315783262252,0.3959257900714874,0.5584137439727783,-0.0662473365664482,0.409995973110199,0.532126247882843,-0.0702140629291534,0.4240276217460632,0.5070242285728455,-0.0723407939076423,0.6515485644340515,0.6350882053375244,2.6306756240046525e-07,0.6667572855949402,0.5726256370544434,-0.0112047223374247,0.6604756712913513,0.5085169672966003,-0.0229297522455453,0.640148401260376,0.4648599326610565,-0.0311945956200361,0.6260870099067688,0.4319385886192322,-0.0408666245639324,0.6397836804389954,0.517056941986084,-0.050553373992443,0.5921216607093811,0.465196818113327,-0.0691189244389534,0.5637105107307434,0.4359655380249023,-0.0761032178997993,0.541307806968689,0.4126881062984466,-0.0792844668030738,0.611725389957428,0.5488673448562622,-0.0521908104419708,0.5603184700012207,0.4870812594890594,-0.0715828612446785,0.5296507477760315,0.4491907954216003,-0.078243538737297,0.5079371333122253,0.4196013808250427,-0.0819236189126968,0.5871378779411316,0.5773284435272217,-0.0518856346607208,0.5431728363037109,0.5170208811759949,-0.0661096274852752,0.5170323252677917,0.4787468016147613,-0.071348138153553,0.4992981553077698,0.4496074318885803,-0.0742149427533149,0.5682546496391296,0.6028419137001038,-0.0512893944978714,0.5357399582862854,0.5532567501068115,-0.0622348561882972,0.5184615254402161,0.5242753624916077,-0.0657436400651931,0.5054321885108948,0.5015285611152649,-0.0670992285013198,0.8071479797363281,0.8747946619987488,-0.4576028883457184,0.1765201985836029,0.913948118686676,-0.4948998391628265,0.6689481139183044,0.6647964119911194,-1.1574732065200806,0.2997705042362213,0.6297847628593445,-1.2743874788284302,Thank you
0.3009788393974304,0.6259559392929077,4.405183631206455e-07,0.2797048389911651,0.568718671798706,-0.0122306505218148,0.2785150706768036,0.5140745639801025,-0.0260701365768909,0.2905937135219574,0.4738009870052337,-0.0362996347248554,0.2982085049152374,0.4385778903961181,-0.0472781173884868,0.2967295348644256,0.5210500955581665,-0.0490880236029624,0.3313042521476745,0.4665094017982483,-0.0698489919304847,0.3567251861095428,0.4349186420440674,-0.0803177505731582,0.3792702257633209,0.4106941223144531,-0.0861629545688629,0.3249618411064148,0.5488780736923218,-0.0517795719206333,0.3632175922393799,0.4880612194538116,-0.0701916888356208,0.3880375325679779,0.4507659375667572,-0.0782714039087295,0.4080270230770111,0.4206752181053161,-0.0839414298534393,0.3503238558769226,0.5758312940597534,-0.0531270876526832,0.3832682967185974,0.5195819139480591,-0.0688488855957984,0.405401349067688,0.4817431271076202,-0.0743311196565628,0.4234525561332702,0.4494351148605346,-0.0780111849308013,0.3711801171302795,0.5994791388511658,-0.0542059652507305,0.3948814272880554,0.558108925819397,-0.0681835114955902,0.409495860338211,0.5315604209899902,-0.0718188509345054,0.4236771464347839,0.5065553784370422,-0.0737292468547821,0.6514102816581726,0.6330603361129761,2.657898505731282e-07,0.6663572192192078,0.5704169273376465,-0.0115694375708699,0.6596792340278625,0.5068349242210388,-0.0237283091992139,0.6388155817985535,0.4642746150493622,-0.0323416441679,0.6254849433898926,0.4316506385803222,-0.0423408821225166,0.6399385333061218,0.5166095495223999,-0.0512159019708633,0.5925540924072266,0.4652703106403351,-0.070324994623661,0.5642468929290771,0.4355915188789367,-0.077805645763874,0.5417781472206116,0.4117612242698669,-0.0813024193048477,0.6119831800460815,0.5483771562576294,-0.052828311920166,0.5606424808502197,0.4863986074924469,-0.0722058787941932,0.5301753878593445,0.4483123123645782,-0.0788281932473182,0.5088268518447876,0.4186595976352691,-0.0825976207852363,0.5874620079994202,0.576660692691803,-0.0525134354829788,0.5434566736221313,0.5160622596740723,-0.0666979700326919,0.5173023343086243,0.4777436256408691,-0.0714869424700737,0.499608427286148,0.448486864566803,-0.0741470977663993,0.5684351921081543,0.6020109057426453,-0.0519701354205608,0.5358558893203735,0.5525567531585693,-0.0629667267203331,0.5184657573699951,0.5237343907356262,-0.0661500915884971,0.5050891041755676,0.5008366107940674,-0.0673049464821815,0.8071466684341431,0.874261200428009,-0.4567456245422363,0.1765425205230713,0.9125234484672546,-0.4884847700595855,0.6687243580818176,0.6641616225242615,-1.1411882638931274,0.3005107343196869,0.6262916922569275,-1.2656278610229492,Thank you
0.301680713891983,0.6245056390762329,4.20753337948554e-07,0.2798821032047272,0.568131685256958,-0.0111709162592887,0.2784865200519562,0.5135043263435364,-0.0238170940428972,0.2901936769485473,0.4734456241130829,-0.0331656299531459,0.2978343069553375,0.4385690093040466,-0.0432254858314991,0.2972595691680908,0.5191967487335205,-0.0453502684831619,0.3310040235519409,0.4660332202911377,-0.0646547004580497,0.356112390756607,0.4349567592144012,-0.07437664270401,0.3780401349067688,0.4110827445983886,-0.0798637419939041,0.3256550431251526,0.5462188124656677,-0.0481738373637199,0.3626500070095062,0.4874438345432281,-0.0649581253528595,0.3870251476764679,0.4509023427963257,-0.0724610164761543,0.4065290689468384,0.4209268689155578,-0.0779192894697189,0.3508836925029754,0.5729440450668335,-0.0497594363987445,0.3828963041305542,0.5188708305358887,-0.0643235594034195,0.4045056998729706,0.4819227755069732,-0.0694558545947074,0.4221695065498352,0.449867695569992,-0.0730236768722534,0.3716052174568176,0.5969573855400085,-0.0510590746998786,0.3948005139827728,0.557197093963623,-0.0642175525426864,0.40898197889328,0.5312284231185913,-0.0675702840089798,0.4228904545307159,0.5062833428382874,-0.0693258121609687,0.651659369468689,0.6324672698974609,2.614874290429725e-07,0.666686475276947,0.5704079866409302,-0.0109053496271371,0.6601124405860901,0.5071375966072083,-0.0223866906017065,0.6392310261726379,0.4641743302345276,-0.0305347293615341,0.6261487007141113,0.4307563304901123,-0.0400537848472595,0.6401406526565552,0.5160765051841736,-0.049146044999361,0.5929868817329407,0.4648183584213257,-0.0675235241651535,0.5643982887268066,0.4350447058677673,-0.074574589729309,0.5415907502174377,0.4112752079963684,-0.0778510421514511,0.6126477718353271,0.5473737120628357,-0.0510225892066955,0.5617302060127258,0.4858721196651459,-0.0696985498070716,0.5312155485153198,0.4482308626174927,-0.0757359936833381,0.5097570419311523,0.4190225005149841,-0.0790953263640403,0.588433027267456,0.5759571194648743,-0.0510696768760681,0.5445860624313354,0.5159876942634583,-0.0647623166441917,0.5183775424957275,0.4783359169960022,-0.0690065249800682,0.5007506608963013,0.4496176838874817,-0.0712607949972152,0.5691590309143066,0.6021799445152283,-0.0509007573127746,0.5365447402000427,0.5525897145271301,-0.0616300106048584,0.518872857093811,0.5235077738761902,-0.064568892121315,0.5054019689559937,0.5002774596214294,-0.0655026510357856,0.8070331811904907,0.8736580014228821,-0.4374517500400543,0.1768608391284942,0.9120044708251952,-0.4806675016880035,0.6685707569122314,0.6630399823188782,-1.1178197860717771,0.3007910549640655,0.6232219338417053,-1.2425224781036377,Thank you
0.3010904192924499,0.6231693029403687,4.0961430158859e-07,0.2796536087989807,0.567624032497406,-0.0107621923089027,0.2782723903656006,0.5132381319999695,-0.0228391680866479,0.2902299463748932,0.4732884168624878,-0.0318366512656211,0.2975205183029175,0.4380053877830505,-0.0416453368961811,0.2994698882102966,0.5154709219932556,-0.0429622009396553,0.3315788209438324,0.4641615450382232,-0.061827789992094,0.3559814691543579,0.4339974522590637,-0.0718263536691665,0.3774733543395996,0.4103068709373474,-0.0777447298169136,0.3275323212146759,0.5417710542678833,-0.0462834276258945,0.3631746172904968,0.4855795800685882,-0.0625705197453498,0.3870112001895904,0.4502417743206024,-0.0704863518476486,0.4062578678131103,0.4202724099159241,-0.0763346627354621,0.3520217835903168,0.5691866874694824,-0.048509944230318,0.3833187520503998,0.5172458291053772,-0.0631889477372169,0.4045726060867309,0.4813924133777618,-0.0688973739743232,0.4219882488250732,0.4493965804576874,-0.0728615224361419,0.3722383975982666,0.5949264764785767,-0.0504211485385894,0.3948383927345276,0.5572710037231445,-0.064147725701332,0.4085718989372253,0.5318684577941895,-0.0679094865918159,0.42210453748703,0.5069144368171692,-0.0698641985654831,0.6507816910743713,0.6313727498054504,2.7169923555447895e-07,0.6660833358764648,0.5695732235908508,-0.0116530805826187,0.6597438454627991,0.5067044496536255,-0.0235604625195264,0.6389032006263733,0.4642439186573028,-0.0320987813174724,0.6258575320243835,0.4309321343898773,-0.0419641584157943,0.6388720870018005,0.5144471526145935,-0.0490959100425243,0.5924935340881348,0.4642660021781921,-0.0679723173379898,0.5642295479774475,0.4347784221172333,-0.075582168996334,0.541636049747467,0.4113770127296448,-0.0791641399264335,0.6111982464790344,0.5460739731788635,-0.0507854521274566,0.5609029531478882,0.4852417707443237,-0.0699999034404754,0.5305538177490234,0.447526216506958,-0.0765056163072586,0.5093440413475037,0.4183618426322937,-0.0800760313868522,0.5870022177696228,0.5748782753944397,-0.0507701151072979,0.5437167286872864,0.5155171751976013,-0.0651115328073501,0.5176389217376709,0.4779863059520721,-0.0695954114198684,0.5001744627952576,0.4494949579238891,-0.0718175917863845,0.5679798722267151,0.6013467907905579,-0.0505935102701187,0.5358216762542725,0.5516535639762878,-0.0617757774889469,0.5185390114784241,0.5224922299385071,-0.0647820085287094,0.5053899884223938,0.4992688596248626,-0.0656306743621826,0.8068909645080566,0.8735327124595642,-0.4363662600517273,0.1769648492336273,0.9111912846565248,-0.4822119176387787,0.6684393882751465,0.6615350842475891,-1.1172709465026855,0.3010531663894653,0.6223528981208801,-1.2429571151733398,Thank you
0.3012311160564422,0.6239965558052063,3.980389351454505e-07,0.2797097861766815,0.5681349039077759,-0.010761578567326,0.2784643769264221,0.513421356678009,-0.0226961690932512,0.2906576693058014,0.473577618598938,-0.0316366106271743,0.2981835007667541,0.4379076361656189,-0.0414182059466838,0.2997390925884247,0.5159610509872437,-0.0427479185163974,0.3320097029209137,0.4638786315917969,-0.061266079545021,0.3562758564949035,0.4338391721248626,-0.0708915144205093,0.3775868117809295,0.4102529883384704,-0.0765513479709625,0.3276979029178619,0.5423389673233032,-0.0460719726979732,0.3633117079734802,0.4853432476520538,-0.0620962306857109,0.3871294260025024,0.4500567317008972,-0.0698455721139907,0.4064280986785888,0.4202495813369751,-0.0755614936351776,0.3520325720310211,0.5699539184570312,-0.0483037531375885,0.3836027979850769,0.5170342922210693,-0.062719352543354,0.4048094153404236,0.4810872077941894,-0.0682999864220619,0.4222931861877441,0.4491564631462097,-0.0721765160560607,0.3720378279685974,0.5958634614944458,-0.0502307787537574,0.3947460353374481,0.5573990941047668,-0.0636595487594604,0.4086552262306213,0.5316620469093323,-0.0672662332653999,0.4223606288433075,0.5067054629325867,-0.0691203698515892,0.6509765386581421,0.6313673257827759,2.66494623701874e-07,0.6661945581436157,0.569431722164154,-0.011148284189403,0.6597895622253418,0.5063592791557312,-0.0225830655544996,0.6390417814254761,0.4638396203517914,-0.0307592004537582,0.6261317133903503,0.4305046200752258,-0.0403248406946659,0.6386102437973022,0.5138800144195557,-0.0483909472823143,0.5925182700157166,0.4640654623508453,-0.0670553147792816,0.564193844795227,0.4346415996551513,-0.0746355280280113,0.541527509689331,0.4111173152923584,-0.0783199593424797,0.61121666431427,0.5454038977622986,-0.0503292232751846,0.5611493587493896,0.4853256344795227,-0.0695456862449646,0.5306555032730103,0.4476860761642456,-0.0761982351541519,0.5091687440872192,0.4182006418704986,-0.0799208581447601,0.587194561958313,0.5743919014930725,-0.0505549758672714,0.543982207775116,0.5157690644264221,-0.0649862289428711,0.5177647471427917,0.47803595662117,-0.0697400346398353,0.5001021027565002,0.4490253329277038,-0.0721706300973892,0.5682379007339478,0.6012833714485168,-0.0505754649639129,0.5361026525497437,0.5521660447120667,-0.0619371086359024,0.5186171531677246,0.5230646133422852,-0.0651918575167656,0.5054135322570801,0.4997115135192871,-0.0662333071231842,0.8067728281021118,0.8734118938446045,-0.4357405304908752,0.1770027875900268,0.9105895161628724,-0.4831750988960266,0.6682965755462646,0.6603662967681885,-1.1168550252914429,0.3012524247169494,0.6217899918556213,-1.2429641485214231,Thank you
0.3002157211303711,0.6253141760826111,3.929388014967117e-07,0.2774513065814972,0.5704079270362854,-0.0107517335563898,0.2764484584331512,0.5144011974334717,-0.0219797361642122,0.2894088923931122,0.4737487435340881,-0.0302338898181915,0.2964007556438446,0.4369539618492126,-0.0393639802932739,0.2983403205871582,0.5154244303703308,-0.0408485420048236,0.3298097550868988,0.4637379944324493,-0.0593102276325225,0.3541879951953888,0.4332396686077118,-0.0692775920033454,0.3755759000778198,0.4093551933765411,-0.0753629431128501,0.3271231055259704,0.5399472117424011,-0.0442708432674407,0.3620626926422119,0.4836975932121277,-0.0602046996355056,0.3859470188617706,0.4486508071422577,-0.0685582607984542,0.4055998027324676,0.4184789061546325,-0.0747938826680183,0.3515433073043823,0.5669661164283752,-0.0467250235378742,0.3824501931667328,0.51395583152771,-0.0614917501807212,0.4035135209560394,0.4794299304485321,-0.0674942508339881,0.421292781829834,0.4479629397392273,-0.0716701969504356,0.3709606230258941,0.5931918621063232,-0.0489121749997139,0.3926498889923095,0.556237518787384,-0.0631603077054023,0.4065544605255127,0.5314765572547913,-0.0674310848116874,0.4208780229091644,0.5068236589431763,-0.0697000324726104,0.6493005156517029,0.6306658387184143,2.669597449767025e-07,0.6649706959724426,0.5688446760177612,-0.0115923201665282,0.6590592861175537,0.5053449273109436,-0.0229976270347833,0.6383269429206848,0.4627124071121216,-0.0310165993869304,0.6252530217170715,0.4294570088386535,-0.0403292886912822,0.637298583984375,0.5123385787010193,-0.0478350184857845,0.5917205810546875,0.4630225002765655,-0.0662711635231971,0.5636326670646667,0.4337583780288696,-0.0738895088434219,0.5410964488983154,0.4102262556552887,-0.0776626542210578,0.6096825003623962,0.5433229207992554,-0.0493331663310527,0.5604374408721924,0.4838028252124786,-0.0681981146335601,0.5306210517883301,0.4467427134513855,-0.0749024525284767,0.5095274448394775,0.4173024296760559,-0.0787486508488655,0.5854724645614624,0.5718678832054138,-0.0491685047745704,0.5429182052612305,0.513582170009613,-0.0633449181914329,0.5167988538742065,0.4763630628585815,-0.0681502893567085,0.499062180519104,0.4474819898605346,-0.070689707994461,0.5663065314292908,0.5984128713607788,-0.0488515384495258,0.5349098443984985,0.5496168732643127,-0.0600668936967849,0.5176830887794495,0.5207569003105164,-0.0634370967745781,0.5044107437133789,0.4973219037055969,-0.064603254199028,0.8058735728263855,0.8734119534492493,-0.4360028803348541,0.1770128905773162,0.9097029566764832,-0.491252988576889,0.6682859659194946,0.6603201627731323,-1.1157525777816772,0.3014838099479675,0.6216694116592407,-1.2437113523483276,Thank you
0.3004065454006195,0.6252283453941345,4.058065030676517e-07,0.2778336107730865,0.568744957447052,-0.0106834424659609,0.2774830460548401,0.51275634765625,-0.0220778174698352,0.2903774380683899,0.4725451469421386,-0.0302958190441131,0.2965887486934662,0.4374249279499054,-0.0392998307943344,0.2967215180397033,0.5166597366333008,-0.043395709246397,0.3296180367469787,0.4638329148292541,-0.0617109350860118,0.3543416261672973,0.4327398538589477,-0.0711020529270172,0.3758058547973633,0.4082526564598083,-0.0765261575579643,0.3256563246250152,0.5421127080917358,-0.0463563278317451,0.3615694046020508,0.4846097826957702,-0.0621242746710777,0.3857306838035583,0.448515236377716,-0.0695500299334526,0.4050435423851013,0.4181152284145355,-0.0750500932335853,0.3509581685066223,0.568202555179596,-0.0480726920068264,0.3820860981941223,0.515129566192627,-0.0619592778384685,0.4032056033611297,0.4792444109916687,-0.0669707432389259,0.4204817414283752,0.4474490880966186,-0.0704942047595977,0.3715533018112182,0.5921840667724609,-0.0495373718440532,0.3938482999801636,0.5537489652633667,-0.0622678399085998,0.4075512290000915,0.5286414623260498,-0.0653493776917457,0.4211062788963318,0.5044224262237549,-0.0668559372425079,0.6502792239189148,0.630403459072113,2.713880746796349e-07,0.6652791500091553,0.5685211420059204,-0.0114785907790064,0.659120500087738,0.5056074261665344,-0.0232459921389818,0.6385022401809692,0.4630041122436523,-0.0316278561949729,0.6249995827674866,0.4294112622737884,-0.0413610264658927,0.6375036835670471,0.5118800401687622,-0.0489066056907177,0.5909133553504944,0.4616996347904205,-0.0676803290843963,0.5626412034034729,0.4322946071624756,-0.0752826556563377,0.5400527119636536,0.408850610256195,-0.0788856595754623,0.6101720333099365,0.5436295866966248,-0.0505746081471443,0.5602225065231323,0.4835962355136871,-0.0699843689799308,0.5302273035049438,0.4459843337535858,-0.0766566693782806,0.5091626644134521,0.4163466691970825,-0.0802814811468124,0.5860727429389954,0.5726121664047241,-0.0505353286862373,0.5428473353385925,0.5139788389205933,-0.0651189312338829,0.5170302987098694,0.4764601290225982,-0.0698480382561683,0.4997852444648742,0.4475420713424682,-0.0721174776554107,0.5670355558395386,0.5992591977119446,-0.050291396677494,0.5344204306602478,0.5501633882522583,-0.0617317073047161,0.5172201991081238,0.5214144587516785,-0.0649619922041893,0.5044184327125549,0.4982085824012756,-0.0658521279692649,0.8053698539733887,0.8734733462333679,-0.4457031786441803,0.1770262569189071,0.9088298678398132,-0.5036575198173523,0.668249249458313,0.6598488092422485,-1.1182881593704224,0.3017746806144714,0.6216493844985962,-1.2553205490112305,Thank you
0.2984941601753235,0.626307487487793,4.083347278083238e-07,0.2768419086933136,0.5684040188789368,-0.0097366021946072,0.276865541934967,0.5125362873077393,-0.0209481641650199,0.2900331318378448,0.4726743102073669,-0.0292664915323257,0.2962329387664795,0.4377775192260742,-0.0384758040308952,0.2954266965389251,0.5174282193183899,-0.0426158756017684,0.3283417820930481,0.4637439250946045,-0.0609432309865951,0.3531996309757232,0.4323229491710663,-0.0703625604510307,0.3748471736907959,0.4076625108718872,-0.0757797434926033,0.3233392834663391,0.5443833470344543,-0.0463636331260204,0.359977662563324,0.4856072664260864,-0.0623126626014709,0.3842535018920898,0.4487065374851227,-0.0698588043451309,0.4039094746112823,0.4179474115371704,-0.0753671005368232,0.3480715453624725,0.5722167491912842,-0.0488253384828567,0.3803414702415466,0.5176994800567627,-0.0629031360149383,0.401666909456253,0.4798523783683777,-0.0684392526745796,0.4189496636390686,0.4466366469860077,-0.0722817406058311,0.3685910701751709,0.5979268550872803,-0.0509100146591663,0.3915066719055176,0.5579180717468262,-0.0639098957180976,0.405309796333313,0.5307372808456421,-0.0673709437251091,0.418647825717926,0.5046115517616272,-0.0691702365875244,0.649433970451355,0.6306142210960388,2.591161774034845e-07,0.6652034521102905,0.5688006281852722,-0.0113629968836903,0.6591691970825195,0.505255401134491,-0.0229247473180294,0.6379364132881165,0.4625495970249176,-0.0309373289346694,0.6251410245895386,0.4288080036640167,-0.0402611941099166,0.6377030611038208,0.5108749270439148,-0.0490591749548912,0.5908591151237488,0.4612074196338653,-0.0674175769090652,0.5625319480895996,0.4321481585502624,-0.0747021362185478,0.5398030877113342,0.409062922000885,-0.0781145840883255,0.6100263595581055,0.5422289967536926,-0.0503830350935459,0.5594604015350342,0.4827369749546051,-0.0695090144872665,0.5293379426002502,0.4456064403057098,-0.0759439319372177,0.5080757737159729,0.416541576385498,-0.0794116258621215,0.5855886936187744,0.5706608891487122,-0.0498735420405864,0.5420724153518677,0.5129696130752563,-0.0639970228075981,0.5164166688919067,0.4758359789848327,-0.0685210078954696,0.4991482198238373,0.4476143419742584,-0.0706864595413208,0.5663686990737915,0.597000002861023,-0.0491317324340343,0.5336722135543823,0.5483849048614502,-0.0598841831088066,0.5167100429534912,0.5204381942749023,-0.0627340152859687,0.5038926005363464,0.4981381893157959,-0.0634208098053932,0.8053011894226074,0.8734836578369141,-0.4466145038604736,0.1765403896570205,0.9078071117401124,-0.5148424506187439,0.6682584881782532,0.6597305536270142,-1.1175364255905151,0.301999419927597,0.6217755079269409,-1.2663623094558716,Thank you
0.2990351021289825,0.6237702965736389,4.194469909180043e-07,0.277263879776001,0.5652243494987488,-0.0104372901841998,0.2766909599304199,0.5104771852493286,-0.022749638184905,0.2895432412624359,0.4712081551551819,-0.031870286911726,0.2955533862113952,0.4366162419319153,-0.0418529026210308,0.294541597366333,0.5166337490081787,-0.0464070178568363,0.3276715576648712,0.463612288236618,-0.0658764839172363,0.3525178730487823,0.4324110746383667,-0.0755245834589004,0.3742923140525818,0.4079745411872864,-0.0810801833868026,0.3227933943271637,0.5439932346343994,-0.0499860718846321,0.3596186637878418,0.4853782951831817,-0.0674938783049583,0.3837807774543762,0.4485466480255127,-0.0753496512770652,0.4031738638877868,0.4182309806346893,-0.0810326561331749,0.3479488492012024,0.5715768337249756,-0.0521220974624156,0.3798170387744903,0.517150342464447,-0.0673888325691223,0.4009113907814026,0.4796249270439148,-0.073022074997425,0.4183607697486877,0.4465085864067077,-0.0769727379083633,0.3688187599182129,0.5970247983932495,-0.0538562014698982,0.3914698362350464,0.5581861734390259,-0.067833624780178,0.4049892723560333,0.5311805009841919,-0.0717689469456672,0.4185628890991211,0.5048045516014099,-0.0739556029438972,0.6504499912261963,0.630859375,2.682977253698482e-07,0.6655936241149902,0.5685104131698608,-0.0114862332120537,0.6594453454017639,0.5058581829071045,-0.0237089805305004,0.6380690336227417,0.463361918926239,-0.0324110724031925,0.624793529510498,0.4290013015270233,-0.0425231419503688,0.6371831297874451,0.512273907661438,-0.0501962006092071,0.5900415778160095,0.4613685011863708,-0.0693271607160568,0.5616637468338013,0.4315114915370941,-0.0771004781126976,0.5389949679374695,0.4078267812728882,-0.0807412266731262,0.6099758744239807,0.5443398356437683,-0.0517987199127674,0.5594198107719421,0.4835505187511444,-0.0713810920715332,0.5290048718452454,0.4455162584781647,-0.0778803303837776,0.5078180432319641,0.4157921373844147,-0.0814089700579643,0.5861871242523193,0.5733960270881653,-0.0515960752964019,0.5419504046440125,0.5138549208641052,-0.0660689994692802,0.5160909295082092,0.4759318828582763,-0.0704397782683372,0.4991907775402069,0.4469978213310241,-0.0725289583206176,0.5676540732383728,0.6001060009002686,-0.0511676110327243,0.5338820815086365,0.5505573153495789,-0.0624144896864891,0.5166931748390198,0.5215208530426025,-0.0652873963117599,0.5042884349822998,0.4980948567390442,-0.0659340992569923,0.8053073883056641,0.873442530632019,-0.4571258127689361,0.1755284965038299,0.9078015685081482,-0.525833785533905,0.6682502031326294,0.6592504382133484,-1.1298853158950806,0.301923930644989,0.622380256652832,-1.2829639911651611,Thank you
0.2988873124122619,0.6224597692489624,4.31026791147815e-07,0.2772377431392669,0.564336359500885,-0.0111432913690805,0.2766642868518829,0.5100706815719604,-0.0239914413541555,0.289413183927536,0.4706853032112121,-0.0334542840719223,0.2950253188610077,0.4361966252326965,-0.0438232719898223,0.2939559817314148,0.5163145065307617,-0.048091497272253,0.3271887302398681,0.4633814096450805,-0.0683718770742416,0.3523864150047302,0.4322674870491028,-0.0785381346940994,0.3744896054267883,0.4078153967857361,-0.0843970701098442,0.3220116794109344,0.5438275337219238,-0.0514945611357688,0.3590936064720154,0.4853086471557617,-0.0698441863059997,0.3837005198001861,0.4483287632465362,-0.0780336186289787,0.403526097536087,0.4179583191871643,-0.083882488310337,0.34703129529953,0.5717089176177979,-0.0534876696765422,0.3788717091083526,0.5176936984062195,-0.0694901347160339,0.4006528556346893,0.4799668788909912,-0.0755582004785537,0.4187405705451965,0.4469393193721771,-0.0797187387943267,0.3679834902286529,0.5973092913627625,-0.0550960600376129,0.3906832337379455,0.5579472780227661,-0.06979501247406,0.4045380353927612,0.5307979583740234,-0.0742346495389938,0.4185050725936889,0.5045923590660095,-0.0767446607351303,0.6502975225448608,0.6310217380523682,2.676482324659446e-07,0.6657211780548096,0.5686510801315308,-0.0119506577029824,0.6599457263946533,0.5051556825637817,-0.024028206244111,0.6384226083755493,0.4627402126789093,-0.0325000546872615,0.6249548196792603,0.4288460910320282,-0.0422375723719596,0.6375721096992493,0.5118970274925232,-0.0499181821942329,0.5903061628341675,0.4612854421138763,-0.0687091574072837,0.562043309211731,0.4318528175354004,-0.0760651379823684,0.5396479964256287,0.4085049629211426,-0.0793947950005531,0.6102050542831421,0.5436165928840637,-0.0511335879564285,0.5590205192565918,0.4834176301956177,-0.0707109719514846,0.5285865664482117,0.445886880159378,-0.0772146508097648,0.5072586536407471,0.41643226146698,-0.0806066319346427,0.5861801505088806,0.5721313953399658,-0.0505906268954277,0.541933000087738,0.5137962698936462,-0.0649831891059875,0.5162400603294373,0.4762814044952392,-0.0694461464881897,0.4992663264274597,0.4475308656692505,-0.0714757218956947,0.567419171333313,0.5983352065086365,-0.0498794354498386,0.5336111783981323,0.5490951538085938,-0.0607186220586299,0.5163766145706177,0.520776093006134,-0.0635183155536651,0.5036469101905823,0.4982115924358368,-0.0641190633177757,0.8053034543991089,0.8734302520751953,-0.4620233476161957,0.1747341454029083,0.9077939987182616,-0.5299175977706909,0.6682348251342773,0.6588917374610901,-1.1363825798034668,0.3018836081027984,0.622816801071167,-1.2892439365386963,Thank you
0.2998575568199157,0.6208121180534363,4.200818182198418e-07,0.2771281898021698,0.5638676285743713,-0.0112161850556731,0.2761739790439605,0.5096468329429626,-0.023617373779416,0.2888039946556091,0.4702669680118561,-0.0327573232352733,0.2944456338882446,0.436054527759552,-0.0429063998162746,0.2964056432247162,0.5140290260314941,-0.0464470833539962,0.327839195728302,0.4623351097106933,-0.0665245428681373,0.3526256084442138,0.4318249523639679,-0.0769899487495422,0.3743733167648315,0.4075715541839599,-0.0831990838050842,0.3239597976207733,0.5409277677536011,-0.0499902442097663,0.3595113754272461,0.4845851957798004,-0.0678881481289863,0.3837619423866272,0.4484550356864929,-0.0763628929853439,0.4032488763332367,0.4182690978050232,-0.0825887992978096,0.3479866683483124,0.5690965056419373,-0.052320659160614,0.3790938258171081,0.5171120166778564,-0.0682716965675354,0.4006216526031494,0.4802364706993103,-0.0748282819986343,0.4185554683208465,0.4474802017211914,-0.0793933719396591,0.3679382801055908,0.5957848429679871,-0.0543028116226196,0.3905307650566101,0.5579049587249756,-0.0691658034920692,0.4043276607990265,0.5310696959495544,-0.0739408507943153,0.4181618690490722,0.5048645734786987,-0.0767328813672065,0.6504635214805603,0.6312814354896545,2.728703805132682e-07,0.6652912497520447,0.5688560009002686,-0.0120905023068189,0.6591143608093262,0.5056820511817932,-0.0246431175619363,0.6378730535507202,0.4629488885402679,-0.0336055010557174,0.6250287890434265,0.428460419178009,-0.0439325496554374,0.6379319429397583,0.512231171131134,-0.051180176436901,0.5906320214271545,0.4614735543727875,-0.0707678943872451,0.5619155168533325,0.4315377473831177,-0.0786686316132545,0.5390334129333496,0.4078922271728515,-0.082336701452732,0.6105329990386963,0.5443011522293091,-0.0526428893208503,0.5593597292900085,0.4836784303188324,-0.0727840811014175,0.5285578966140747,0.4453963041305542,-0.0795156210660934,0.5071592330932617,0.4151852428913116,-0.0830850601196289,0.5865788459777832,0.5731631517410278,-0.0523257032036781,0.5421478748321533,0.5140501260757446,-0.0672651007771492,0.5161046981811523,0.4761798977851867,-0.0717850103974342,0.4990957975387573,0.4470553994178772,-0.0738593712449073,0.5679184794425964,0.599778950214386,-0.0518354065716266,0.5342561602592468,0.5507457256317139,-0.0632902905344963,0.5168018937110901,0.522120475769043,-0.0662631317973136,0.503962516784668,0.4990579485893249,-0.0669411644339561,0.8054351806640625,0.873263418674469,-0.4561571180820465,0.1741080433130264,0.9074276685714722,-0.528806746006012,0.6682455539703369,0.6588745713233948,-1.127529859542847,0.3019943535327911,0.6228584051132202,-1.279978632926941,Thank you
0.5111669301986694,0.8469948172569275,1.585897280165227e-07,0.5540835857391357,0.8225065469741821,0.0169171970337629,0.5940024852752686,0.8162053823471069,0.0221668537706136,0.6183470487594604,0.8230984807014465,0.0212381612509489,0.636649489402771,0.8365054726600647,0.0194988716393709,0.6140800714492798,0.8004589080810547,0.0254044085741043,0.6609604358673096,0.8158182501792908,0.0217463914304971,0.6937696933746338,0.8218258619308472,0.0161461811512708,0.7187471985816956,0.8233655691146851,0.0114131141453981,0.6201048493385315,0.8103951811790466,0.0099601075053215,0.6699606776237488,0.8210480213165283,0.007068105507642,0.7021742463111877,0.8252899050712585,0.001019611256197,0.730626106262207,0.8238845467567444,-0.003534996882081,0.6236583590507507,0.8284826278686523,-0.0056900000199675,0.6740894913673401,0.8299264311790466,-0.0062646605074405,0.7046288847923279,0.8294020891189575,-0.0067405221052467,0.7328733205795288,0.8234415650367737,-0.0077531971037387,0.6244204044342041,0.8545171022415161,-0.0211728401482105,0.6648189425468445,0.845358669757843,-0.0199872087687253,0.6893996000289917,0.8398017883300781,-0.0163471363484859,0.7119091749191284,0.8344265222549438,-0.0139224026352167,0.675727367401123,0.3017685413360595,2.6301626121494337e-07,0.6514512896537781,0.2738874554634094,0.0014643858885392,0.6479957103729248,0.2281655967235565,-0.0002165461046388,0.6519076228141785,0.1946992874145507,-0.0047412947751581,0.6539974808692932,0.1647290289402008,-0.0097667211666703,0.6486425995826721,0.1645461320877075,0.0047741057351231,0.6487284302711487,0.1061094626784324,-0.0059325220063328,0.6482415199279785,0.0629739463329315,-0.0158366113901138,0.649778425693512,0.0257588922977447,-0.0226617977023124,0.6547961831092834,0.1588528752326965,-0.0048857033252716,0.6532147526741028,0.0909347906708717,-0.0148930959403514,0.6528584957122803,0.0395711809396743,-0.024373285472393,0.6534514427185059,-0.0072267204523086,-0.0308620948344469,0.6639029383659363,0.1603737473487854,-0.0156781673431396,0.662303626537323,0.094759926199913,-0.0249026045203208,0.6608095169067383,0.0503188967704772,-0.0312950797379016,0.6593594551086426,0.0121742784976959,-0.0352079272270202,0.6753578782081604,0.1674129366874694,-0.0271258819848299,0.6730166077613831,0.1178726032376289,-0.0326487533748149,0.6708118915557861,0.0851639807224273,-0.034085214138031,0.6687180995941162,0.0571922957897186,-0.035053364932537,0.7154899835586548,0.7711337208747864,-0.1944903433322906,0.199156254529953,0.8375676274299622,-0.3380409777164459,0.6974411606788635,0.3496334850788116,-0.7377949953079224,0.5006746053695679,0.8735009431838989,-0.5912742614746094,Noon
0.5104418992996216,0.8420446515083313,9.624171326549913e-08,0.5539313554763794,0.8195199966430664,0.0217888597398996,0.5926361083984375,0.8145176768302917,0.0292503498494625,0.6159371733665466,0.8230133652687073,0.0294797662645578,0.6335459351539612,0.836946964263916,0.0289145782589912,0.6116938591003418,0.7973227500915527,0.0330944545567035,0.6551461219787598,0.8136315941810608,0.0327234119176864,0.6840500235557556,0.8216696977615356,0.0293694976717233,0.7058556079864502,0.825575590133667,0.0259712468832731,0.6185952425003052,0.8083994388580322,0.0161424726247787,0.6632555723190308,0.8188848495483398,0.0165102314203977,0.6901296973228455,0.8254098296165466,0.0128907766193151,0.7127835154533386,0.8278266191482544,0.0096945716068148,0.6228954195976257,0.8260166049003601,-0.000953069422394,0.6694072484970093,0.8271318674087524,0.0010829480597749,0.6948633790016174,0.8280124068260193,0.00288114300929,0.7181922793388367,0.823756217956543,0.0029360828921198,0.6254374384880066,0.8513433933258057,-0.0175706055015325,0.6640058755874634,0.8418090343475342,-0.0150365438312292,0.6862030029296875,0.8365985155105591,-0.0104002524167299,0.706326961517334,0.8315072059631348,-0.007443755865097,0.6783686876296997,0.3085371851921081,1.3987558133976568e-07,0.6567369699478149,0.2817169725894928,0.0017593656666576,0.6566967964172363,0.2405639886856079,-0.0003420323191676,0.6671921610832214,0.2078527808189392,-0.005678626243025,0.6731866002082825,0.177037239074707,-0.0108919041231274,0.6507804989814758,0.1717147827148437,0.0102694733068346,0.6487551331520081,0.115865871310234,0.0015329325105994,0.6474239230155945,0.0756329521536827,-0.00777522707358,0.6482208967208862,0.0414316654205322,-0.0147331254556775,0.6553882360458374,0.1657394915819168,0.0007343781180679,0.6505491137504578,0.1065028980374336,-0.0072446092963218,0.6497519612312317,0.0639955997467041,-0.0155257154256105,0.6506044268608093,0.0256899893283844,-0.0216719694435596,0.6641700863838196,0.1653739959001541,-0.0103822201490402,0.6605865359306335,0.1057588532567024,-0.0173685401678085,0.6590856313705444,0.0658347681164741,-0.0214340183883905,0.6585352420806885,0.0317996591329574,-0.0243968218564987,0.6772446632385254,0.1687197685241699,-0.0224949531257152,0.6732051968574524,0.1218310743570327,-0.0261556170880794,0.6705055832862854,0.0911633595824241,-0.026125781238079,0.6684292554855347,0.0646178051829338,-0.0263764224946498,0.7175846099853516,0.769648551940918,-0.2111525535583496,0.1975217759609222,0.8370354175567627,-0.3488495051860809,0.6971335411071777,0.3406553268432617,-0.74899822473526,0.5006616115570068,0.8720408082008362,-0.6129777431488037,Noon
0.5088715553283691,0.8342116475105286,9.325562899675789e-08,0.5507459044456482,0.8119679689407349,0.0237234774976968,0.587294340133667,0.8089812397956848,0.0319336391985416,0.6090871095657349,0.8185224533081055,0.0321896113455295,0.6256669759750366,0.8335086703300476,0.0311430599540472,0.6040794253349304,0.7904205322265625,0.0352121889591217,0.6471036076545715,0.8063384294509888,0.0347325950860977,0.6764474511146545,0.815698504447937,0.0314663611352443,0.6984153389930725,0.8214369416236877,0.0283073838800191,0.6126088500022888,0.801559567451477,0.0171480663120746,0.6584497690200806,0.8115239143371582,0.0173609182238578,0.6853418946266174,0.8192390203475952,0.0136482594534754,0.7070647478103638,0.8232786059379578,0.0106576969847083,0.6183711290359497,0.8198102116584778,-0.0009714272455312,0.6667233109474182,0.8193813562393188,0.00042344655958,0.6936086416244507,0.8208888173103333,0.0016133612953126,0.7177579998970032,0.8180075883865356,0.0016072161961346,0.6222118735313416,0.8468649387359619,-0.0183921083807945,0.6623533368110657,0.8355045318603516,-0.0162981357425451,0.6851919293403625,0.8305459022521973,-0.0117359869182109,0.7057372331619263,0.8261646032333374,-0.0086578289046883,0.6738381385803223,0.3111771941184997,1.358734493805969e-07,0.6489979028701782,0.2821600437164306,0.0065369145013391,0.6456000804901123,0.238561064004898,0.0077585121616721,0.6495060920715332,0.2064029574394226,0.0051927757449448,0.6495139598846436,0.178280234336853,0.0022044479846954,0.6500017642974854,0.174298882484436,0.013839921914041,0.647388756275177,0.1219142898917198,0.0074065984226763,0.6447780728340149,0.0840389505028724,-2.1367612134781663e-05,0.6442256569862366,0.0517940670251846,-0.0058291191235184,0.6563193798065186,0.1700480580329895,0.0023356392048299,0.651729166507721,0.1118399798870086,-0.0043947855010628,0.6490644812583923,0.0694658383727073,-0.0117223169654607,0.647804319858551,0.0322755575180053,-0.0170970968902111,0.6646049618721008,0.1724209487438202,-0.010327149182558,0.6609878540039062,0.113556757569313,-0.0168588738888502,0.657735288143158,0.0741121098399162,-0.0208368934690952,0.6551136374473572,0.040891483426094,-0.0237464718520641,0.6753392219543457,0.179257646203041,-0.0234622284770011,0.6720768213272095,0.1331416368484497,-0.0277025420218706,0.6687783002853394,0.1017036437988281,-0.0284381583333015,0.6656565070152283,0.0743021219968795,-0.0292395278811454,0.7179046869277954,0.7635972499847412,-0.2563058733940124,0.1902986615896225,0.8369216918945312,-0.4042662680149078,0.6911080479621887,0.3293009996414184,-0.8266207575798035,0.4995403289794922,0.86339271068573,-0.7213886380195618,Noon
0.5096678137779236,0.8340029120445251,1.2133511972933777e-07,0.555336058139801,0.81437087059021,0.0217804480344057,0.5922908782958984,0.808936595916748,0.028315745294094,0.6143166422843933,0.8158533573150635,0.0274185985326766,0.6316999197006226,0.8289467096328735,0.0255424119532108,0.6063936352729797,0.7903385758399963,0.0311899371445179,0.6504222750663757,0.8078425526618958,0.0300017725676298,0.6797965168952942,0.8152477145195007,0.0263468567281961,0.7025456428527832,0.8182024359703064,0.0227177534252405,0.6119410991668701,0.8002400994300842,0.0135831302031874,0.6578299403190613,0.8125574588775635,0.0129205659031867,0.6853383779525757,0.8195879459381104,0.0089574037119746,0.7091826796531677,0.8222050666809082,0.0057155899703502,0.6150989532470703,0.817948043346405,-0.0040458808653056,0.6629075407981873,0.8195816278457642,-0.0026726149953901,0.6889591217041016,0.8208903074264526,-0.000866531569045,0.7129725217819214,0.8169902563095093,-0.0005921534611843,0.616320788860321,0.8444578647613525,-0.0211937874555587,0.655372142791748,0.835391104221344,-0.01844566129148,0.6783591508865356,0.8304608464241028,-0.0133893322199583,0.6988023519515991,0.8253030180931091,-0.010151095688343,0.66959547996521,0.3120998442173004,1.3666493714481478e-07,0.644336998462677,0.2810813188552856,0.0053803068585693,0.6418008208274841,0.2371193617582321,0.0061538694426417,0.6462165713310242,0.2054941654205322,0.00331572862342,0.6493762135505676,0.1765520274639129,0.0001637615059735,0.6486143469810486,0.1779080927371978,0.0131964506581425,0.646668553352356,0.1263322383165359,0.0066275242716073,0.6436527967453003,0.0887683257460594,-0.0009602533536963,0.6423705816268921,0.0564585477113723,-0.0068659679964184,0.6547636985778809,0.1738277673721313,0.0022433698177337,0.6504172086715698,0.1156632974743843,-0.0045073172077536,0.6471061706542969,0.0734176933765411,-0.0122783323749899,0.6451058983802795,0.0357381105422973,-0.0179632809013128,0.6624802947044373,0.1760139465332031,-0.0099140331149101,0.6586349606513977,0.1173389330506324,-0.0166725367307662,0.655448317527771,0.0777238234877586,-0.0212594494223594,0.6528629064559937,0.0447535216808319,-0.0243841558694839,0.6716567873954773,0.1823051273822784,-0.0225796867161989,0.6674389839172363,0.1354678571224212,-0.0269194468855857,0.6641936898231506,0.1034886166453361,-0.0277431327849626,0.6613322496414185,0.0758714005351066,-0.0284971948713064,0.713487982749939,0.7616278529167175,-0.2506002187728882,0.1880391538143158,0.8371688723564148,-0.4417079091072082,0.6876267194747925,0.3295516967773437,-0.8030417561531067,0.4979910850524902,0.8542788028717041,-0.7727312445640564,Noon
0.509213387966156,0.8321257829666138,1.2218674783071037e-07,0.5526867508888245,0.8127808570861816,0.0217621698975563,0.5894858837127686,0.8081099390983582,0.0285817440599203,0.6121315956115723,0.8161843419075012,0.0277510900050401,0.6299223303794861,0.8292693495750427,0.0258151311427354,0.6029993891716003,0.7903127074241638,0.0326966121792793,0.6456512808799744,0.808221697807312,0.03201425075531,0.6748030781745911,0.8170115947723389,0.0285287052392959,0.6969999074935913,0.8214742541313171,0.0250992998480796,0.6099425554275513,0.7999656796455383,0.0152681898325681,0.6541266441345215,0.8114113807678223,0.0150839993730187,0.6803207397460938,0.8196740746498108,0.0113897081464529,0.7021287083625793,0.8246751427650452,0.0085714757442474,0.6144144535064697,0.817746639251709,-0.0022498441394418,0.6612532734870911,0.8180841207504272,-0.0007071209838613,0.6869798898696899,0.8203917145729065,0.0015235940227285,0.7108820676803589,0.8179116249084473,0.0023458872456103,0.6164093613624573,0.8448379039764404,-0.0193310044705867,0.6563898921012878,0.8348039388656616,-0.016717541962862,0.6795674562454224,0.8299947381019592,-0.0114628886803984,0.7002235651016235,0.8249072432518005,-0.0078268898651003,0.6689881086349487,0.3148608803749084,1.4076013599151338e-07,0.644995927810669,0.2848761677742004,0.0017433719476684,0.6409274339675903,0.2410115897655487,0.0011779929045587,0.6443437933921814,0.209406092762947,-0.0025984726380556,0.6449074745178223,0.1802168637514114,-0.0065627614967525,0.6480457782745361,0.1810230910778045,0.0107411732897162,0.6460535526275635,0.1302488595247268,0.0021677531767636,0.6435481309890747,0.0915799587965011,-0.0072021563537418,0.642441987991333,0.0577728152275085,-0.0142624294385313,0.6541016101837158,0.1766693741083145,0.0009626328828744,0.6499335765838623,0.1203216016292572,-0.0069918287917971,0.6471762657165527,0.077208362519741,-0.0159015581011772,0.6453385949134827,0.0372966229915618,-0.0223600640892982,0.6616877913475037,0.1775752007961273,-0.0104473326355218,0.6583205461502075,0.1209974363446235,-0.0180246960371732,0.6552106738090515,0.0816881582140922,-0.0231010373681783,0.6523242592811584,0.0472415685653686,-0.0264491848647594,0.6713988780975342,0.1823264062404632,-0.0228260923177003,0.6667122840881348,0.1357139647006988,-0.0282115489244461,0.663465142250061,0.1046768203377723,-0.0295047480612993,0.6600604057312012,0.0773967951536178,-0.030353145673871,0.7096503376960754,0.7616406083106995,-0.2484982311725616,0.1871622502803802,0.8373926281929016,-0.4437437057495117,0.6860882043838501,0.3297022879123688,-0.805044949054718,0.4972415566444397,0.8498707413673401,-0.7799810171127319,Noon
0.5085291862487793,0.8273966312408447,1.5100907546639064e-07,0.5499215126037598,0.8054883480072021,0.0161415822803974,0.5882664918899536,0.801895260810852,0.0219480693340301,0.6119328141212463,0.8091641068458557,0.0216797553002834,0.6305066347122192,0.8205890655517578,0.021068837493658,0.6038843393325806,0.7869762182235718,0.0278484541922807,0.6480911374092102,0.7983477711677551,0.0252956748008728,0.6797165870666504,0.8033396005630493,0.0207552276551723,0.7034197449684143,0.8050587773323059,0.0170014090836048,0.6112374663352966,0.7972182035446167,0.0134887723252177,0.6563009023666382,0.8032369613647461,0.0118420319631695,0.6863399147987366,0.8074325323104858,0.0071785668842494,0.7125996947288513,0.8077742457389832,0.0038596848025918,0.6161625385284424,0.8144742250442505,-0.0013472754508256,0.6621891856193542,0.8130254149436951,-0.0010249626357108,0.6884198188781738,0.813854992389679,0.0004117845091968,0.7125571370124817,0.8100572824478149,0.001044277800247,0.6184189915657043,0.8388111591339111,-0.016239384189248,0.6564756631851196,0.8288036584854126,-0.0144117353484034,0.6789617538452148,0.8239883780479431,-0.0096905566751956,0.6990967988967896,0.8191879987716675,-0.006211579311639,0.6650933623313904,0.3117918074131012,1.6773070399267453e-07,0.6413899660110474,0.2826175093650818,0.0019339829450473,0.6379640698432922,0.2394649684429168,0.0014862635871395,0.6421234607696533,0.2087280452251434,-0.0020160765852779,0.6448786854743958,0.1807082295417785,-0.0054328273981809,0.6434760093688965,0.1786936521530151,0.0106422053650021,0.6417509317398071,0.1274308264255523,0.0026737183798104,0.6402677893638611,0.0896742865443229,-0.0058242520317435,0.6410460472106934,0.0573457330465316,-0.012120789848268,0.6496444344520569,0.1742666810750961,0.0013828681549057,0.6460573077201843,0.1178564578294754,-0.0060657621361315,0.6447728872299194,0.0756904110312461,-0.0142314061522483,0.6452165246009827,0.0381326973438262,-0.0200096126645803,0.6580644845962524,0.1754581779241562,-0.0094464030116796,0.6550406813621521,0.1185927540063858,-0.0166290663182735,0.6530696153640747,0.0796281620860099,-0.0216907653957605,0.6519326567649841,0.0463404655456543,-0.0249479915946722,0.6688777804374695,0.1811464875936508,-0.0211454592645168,0.66562819480896,0.1351673603057861,-0.0260920748114585,0.6629123687744141,0.1039844155311584,-0.0275825895369052,0.6603285670280457,0.0767042264342308,-0.0285370890051126,0.7072491645812988,0.7587153911590576,-0.2455379962921142,0.1871194839477539,0.8375451564788818,-0.4304489195346832,0.6838874816894531,0.3164083659648895,-0.7929980754852295,0.4963990747928619,0.8459850549697876,-0.756837785243988,Noon
0.5071316361427307,0.8249925971031189,1.514958825055146e-07,0.5477051734924316,0.8021929860115051,0.0147843407467007,0.5854867696762085,0.7970620393753052,0.0194516014307737,0.6086423397064209,0.8040949702262878,0.0184934828430414,0.6260082721710205,0.8165652751922607,0.0170141085982322,0.6029014587402344,0.7820881605148315,0.0222520865499973,0.6491861939430237,0.7943101525306702,0.0175319351255893,0.6818673014640808,0.7989898324012756,0.0121671305969357,0.7069492340087891,0.8003636002540588,0.0079391207545995,0.6091839671134949,0.7932712435722351,0.0079485289752483,0.6569337844848633,0.8001247644424438,0.0036705853417515,0.6886593103408813,0.8031538724899292,-0.0022498513571918,0.7176228761672974,0.8015643954277039,-0.0063183801248669,0.6131175756454468,0.8117209672927856,-0.0066809747368097,0.6610965132713318,0.8103728890419006,-0.0091157620772719,0.688891589641571,0.8098757266998291,-0.0096536064520478,0.7147088646888733,0.8046828508377075,-0.010056328959763,0.615000307559967,0.8375008702278137,-0.0212296936661005,0.6537949442863464,0.8267995715141296,-0.0218112785369157,0.6769607663154602,0.8207629919052124,-0.0189033616334199,0.6981344819068909,0.8149365186691284,-0.0165360271930694,0.6639994382858276,0.310409665107727,1.6457342155717924e-07,0.6391527056694031,0.2818386256694793,0.0043632574379444,0.6355277299880981,0.2380036860704422,0.0054959468543529,0.6384206414222717,0.2071155607700348,0.0029557954985648,0.6399027109146118,0.1791247576475143,0.0002949368208646,0.642136812210083,0.1799463331699371,0.0145595874637365,0.6404463052749634,0.1286356449127197,0.0079953167587518,0.6385769248008728,0.0902754217386245,0.0003450668882578,0.6389113068580627,0.0573992431163787,-0.005483497865498,0.6477845311164856,0.1745394319295883,0.0045194164849817,0.6438065767288208,0.1175580471754074,-0.0016900014597922,0.6418923139572144,0.0748286917805671,-0.0093249985948205,0.6419649124145508,0.0370538681745529,-0.0148332389071583,0.6555217504501343,0.1750431656837463,-0.0070281196385622,0.6521629691123962,0.1172067523002624,-0.0133851952850818,0.6499285101890564,0.0774217322468757,-0.0185358077287673,0.6484173536300659,0.0438932925462722,-0.0219818726181983,0.6654258370399475,0.1796633750200271,-0.0192277655005455,0.6627026796340942,0.1332032978534698,-0.0235501900315284,0.6602792143821716,0.1016237512230873,-0.0249782558530569,0.6576811075210571,0.0741237178444862,-0.0260702185332775,0.7050474286079407,0.7535834908485413,-0.2428489923477172,0.1871459335088729,0.8375465273857117,-0.4325077533721924,0.6801654696464539,0.3059617578983307,-0.7847057580947876,0.4963880181312561,0.8422256708145142,-0.7429571747779846,Noon
0.5057460069656372,0.8221207857131958,1.5851308887704368e-07,0.5440910458564758,0.7964937090873718,0.0145165985450148,0.5824213624000549,0.7902810573577881,0.0195422787219285,0.604728639125824,0.7937658429145813,0.0189280752092599,0.6209443807601929,0.80433589220047,0.0178499426692724,0.6031900644302368,0.780524730682373,0.0236339196562767,0.6484363079071045,0.7910008430480957,0.0185074750334024,0.6818866729736328,0.7947308421134949,0.0124342124909162,0.7075588703155518,0.79537034034729,0.0076974886469542,0.6100299954414368,0.7918335199356079,0.0091753350570797,0.6568760871887207,0.7979580163955688,0.0049330042675137,0.6894267797470093,0.8003880381584167,-0.0012672394514083,0.7195518016815186,0.7975535988807678,-0.005659737624228,0.6145488023757935,0.8099272847175598,-0.0058254548348486,0.6607785224914551,0.8081833124160767,-0.0079312855377793,0.6888923645019531,0.8062971234321594,-0.00843105930835,0.7153568267822266,0.7993701696395874,-0.0090235425159335,0.6167171597480774,0.834307074546814,-0.0209600217640399,0.6538025736808777,0.8237597346305847,-0.0211852360516786,0.676671028137207,0.8179214000701904,-0.0181410908699035,0.697478175163269,0.8122364282608032,-0.015893492847681,0.6625826954841614,0.3111380338668823,1.8182417704792897e-07,0.6388757824897766,0.2826937735080719,0.0005648070946335,0.6348503828048706,0.2395279258489608,-0.0006650924333371,0.6374191045761108,0.208101749420166,-0.0048170974478125,0.6376379728317261,0.1788526326417923,-0.0089237093925476,0.6403538584709167,0.1798054277896881,0.0091569414362311,0.6402227282524109,0.1275883764028549,0.0005886884755454,0.6389156579971313,0.0884075611829757,-0.0083769531920552,0.6393762230873108,0.0545713007450103,-0.0149962566792964,0.6462288498878479,0.1750176697969436,0.0003897878923453,0.6434973478317261,0.1190151125192642,-0.007615621201694,0.6421220302581787,0.0763443410396575,-0.0161437187343835,0.642102062702179,0.036973088979721,-0.02216262742877,0.6543705463409424,0.1753774434328079,-0.009982050396502,0.6523928642272949,0.1194513291120529,-0.0172949749976396,0.6504518985748291,0.0804445371031761,-0.0222143474966287,0.6486627459526062,0.046164333820343,-0.0253715310245752,0.6650206446647644,0.1798709630966186,-0.0213764999061822,0.6623433828353882,0.1342938542366027,-0.0261566918343305,0.6599858999252319,0.1038398817181587,-0.0272437632083892,0.6574100852012634,0.0771952867507934,-0.0279016140848398,0.7045056819915771,0.7505000829696655,-0.2178030908107757,0.1881799697875976,0.8377357721328735,-0.4272211194038391,0.6777656078338623,0.2955022752285003,-0.7384632229804993,0.5020471215248108,0.8375529050827026,-0.7353270053863525,Noon
0.5089564323425293,0.8214386105537415,1.63049847401453e-07,0.5458711981773376,0.7936986684799194,0.0164644699543714,0.5799353122711182,0.785243809223175,0.0208021588623523,0.6009497046470642,0.7854516506195068,0.019234549254179,0.6172759532928467,0.7943970561027527,0.017028871923685,0.602675199508667,0.7742366194725037,0.0222922600805759,0.6494981646537781,0.7868401408195496,0.0174805987626314,0.6827229261398315,0.7910987138748169,0.0124715808779001,0.7080301642417908,0.791583776473999,0.0085343457758426,0.6097220182418823,0.7854881286621094,0.006891356781125,0.657721996307373,0.7930988669395447,0.0029531337786465,0.6899864077568054,0.7958763837814331,-0.0020182221196591,0.7191647291183472,0.7936150431632996,-0.0057848547585308,0.6149300932884216,0.8033651113510132,-0.0087577002122998,0.6626302003860474,0.802807092666626,-0.0102185532450675,0.6912370920181274,0.8013361692428589,-0.0099881598725914,0.717643678188324,0.7954326272010803,-0.0104950312525033,0.6183388233184814,0.8284333348274231,-0.0242422167211771,0.6563147306442261,0.8186633586883545,-0.023707928135991,0.6790092587471008,0.8133999109268188,-0.0201737023890018,0.699624240398407,0.8083217740058899,-0.0178068559616804,0.6624653935432434,0.3079462349414825,1.954081909616434e-07,0.6389167904853821,0.2801854610443115,0.0012276051566004,0.6356585621833801,0.2381385862827301,0.0003155868034809,0.6382278203964233,0.2070804089307785,-0.0035884722601622,0.637826681137085,0.1783416718244552,-0.007480333559215,0.6403768062591553,0.1786312311887741,0.0095749283209443,0.6401534080505371,0.1255072355270385,0.0012066010385751,0.6389739513397217,0.0857266038656234,-0.0073588141240179,0.639921247959137,0.051896259188652,-0.0135824428871274,0.6453886032104492,0.1736487746238708,0.0008365132962353,0.642554521560669,0.1162172183394432,-0.0070792362093925,0.641428530216217,0.0733222588896751,-0.0153538165614008,0.6418939828872681,0.0341959595680236,-0.0210540313273668,0.653202474117279,0.1737545728683471,-0.009437222033739,0.6514793038368225,0.1165144965052604,-0.01664450019598,0.6498128175735474,0.0764887630939483,-0.0219135377556085,0.6484074592590332,0.0414225310087204,-0.0253057293593883,0.6639555096626282,0.1781982183456421,-0.0206108856946229,0.6621721982955933,0.1334451138973236,-0.0250372719019651,0.660289466381073,0.1034319475293159,-0.0262755714356899,0.6582683324813843,0.0770183727145195,-0.0271041002124547,0.7027847766876221,0.7482219338417053,-0.2211975753307342,0.188594564795494,0.838546097278595,-0.4453982412815094,0.6758180856704712,0.288982093334198,-0.7458717823028564,0.5058377385139465,0.835157573223114,-0.7539857625961304,Noon
0.5077661275863647,0.8210212588310242,1.6767593535860217e-07,0.5455026626586914,0.7945067882537842,0.0159605722874403,0.5806570649147034,0.7864679098129272,0.0199563428759574,0.6020773649215698,0.7883701324462891,0.0180151779204607,0.6191116571426392,0.799412190914154,0.0151248890906572,0.6020714044570923,0.7757620215415955,0.0212671272456645,0.6485602855682373,0.7861234545707703,0.0155613236129283,0.6819282174110413,0.7892444729804993,0.0096090175211429,0.7075999975204468,0.7896223664283752,0.0049377810209989,0.6082906126976013,0.7844589352607727,0.0055321091786026,0.6585797667503357,0.7910822033882141,7.93711151345633e-05,0.6922420859336853,0.7925683259963989,-0.0067097623832523,0.722568690776825,0.7894216179847717,-0.0115417251363396,0.6126196980476379,0.8011751770973206,-0.0104042747989296,0.6620206236839294,0.8012437224388123,-0.0134695069864392,0.692441463470459,0.7996043562889099,-0.0154453115537762,0.7204108238220215,0.7929888963699341,-0.0171833559870719,0.6149678826332092,0.8261454105377197,-0.0260954033583402,0.6543961763381958,0.8163674473762512,-0.0272379647940397,0.6777889132499695,0.8095070123672485,-0.0253111477941274,0.6991208791732788,0.8023692965507507,-0.0239394940435886,0.6628280878067017,0.3089911639690399,1.935236468852964e-07,0.638756275177002,0.2811218500137329,0.0003386645985301,0.6346558332443237,0.2379702627658844,-0.0006885431939736,0.6365488171577454,0.2067571282386779,-0.0046226615086197,0.6358115673065186,0.1780382096767425,-0.0085154138505458,0.6408817768096924,0.1781301349401474,0.0092774517834186,0.6403007507324219,0.1256690919399261,0.0008771881693974,0.6389870643615723,0.0866096094250679,-0.0077997255139052,0.6397304534912109,0.053178459405899,-0.0140842990949749,0.6463688015937805,0.1733430922031402,0.0008839255897328,0.6433860063552856,0.1166047528386116,-0.0070524392649531,0.6420964598655701,0.0741352885961532,-0.0154074858874082,0.6424558758735657,0.0351209342479705,-0.0211365725845098,0.6543320417404175,0.1739049404859542,-0.009151323698461,0.6522734761238098,0.1175957173109054,-0.0163593366742134,0.6505939960479736,0.0783760622143745,-0.0215030536055564,0.6493768095970154,0.0438941270112991,-0.0247197896242141,0.6645742654800415,0.178915798664093,-0.0202045366168022,0.6623108983039856,0.1336686164140701,-0.0246667005121707,0.6605116724967957,0.1035351678729057,-0.0257636979222297,0.6587616801261902,0.0773978754878044,-0.0264281742274761,0.702277660369873,0.7453750371932983,-0.2222263514995575,0.1884098649024963,0.8391579985618591,-0.4472033381462097,0.6745151281356812,0.2858909070491791,-0.7609076499938965,0.5057473182678223,0.8334493041038513,-0.7549513578414917,Noon
0.5046767592430115,0.8182619214057922,1.615251505882043e-07,0.5446740388870239,0.7947027683258057,0.0179458130151033,0.5811058878898621,0.7875784635543823,0.022849928587675,0.6037579774856567,0.7907857894897461,0.0213996488600969,0.6215461492538452,0.8022318482398987,0.0187945086508989,0.6011241674423218,0.7753132581710815,0.0230142138898372,0.6481672525405884,0.7871378660202026,0.0180628858506679,0.6814833283424377,0.7909704446792603,0.0125085664913058,0.7070735692977905,0.7917631268501282,0.0080280173569917,0.6069263219833374,0.7838714122772217,0.0062711732462048,0.6582185626029968,0.7923333644866943,0.001407028757967,0.6921560168266296,0.794478178024292,-0.005285192746669,0.722364068031311,0.7918810248374939,-0.0099897095933556,0.6103124618530273,0.8008279204368591,-0.0104507822543382,0.661174476146698,0.8015565276145935,-0.0129739036783576,0.6919718980789185,0.8004820346832275,-0.0144746545702219,0.7204608917236328,0.7941867113113403,-0.0158849339932203,0.6113972067832947,0.8265289068222046,-0.0267614908516407,0.652373194694519,0.8169980645179749,-0.0274921972304582,0.676580548286438,0.8104928731918335,-0.0250812545418739,0.698672890663147,0.8036280274391174,-0.0233236961066722,0.6634767055511475,0.308627724647522,1.7706675237150193e-07,0.6388952732086182,0.2805894017219543,0.0019387425854802,0.6358477473258972,0.2364415526390075,0.0016596532659605,0.6381788849830627,0.2048177868127823,-0.0017645201878622,0.6379022002220154,0.1752889752388,-0.0052070990204811,0.6418878436088562,0.176477164030075,0.0111517254263162,0.6408182382583618,0.1246152520179748,0.0034684890415519,0.6391302943229675,0.0857430472970008,-0.0047526266425848,0.639717161655426,0.0524436235427856,-0.0108277723193168,0.6468438506126404,0.1718484312295913,0.0020654946565628,0.6435180306434631,0.1157633513212204,-0.0052833221852779,0.6422121524810791,0.0736548900604248,-0.0132785709574818,0.6427613496780396,0.0347529798746109,-0.0187829490751028,0.654572069644928,0.1725208908319473,-0.0085685988888144,0.6521921753883362,0.1163352131843566,-0.0155543778091669,0.6504743099212646,0.0769155174493789,-0.0204717945307493,0.6493303179740906,0.0421142578125,-0.0235499367117881,0.6650147438049316,0.1774971932172775,-0.0200936421751976,0.6625121235847473,0.1323721408843994,-0.0243212021887302,0.6605288982391357,0.1021608486771583,-0.0251927189528942,0.6585555672645569,0.075791411101818,-0.0257451068609952,0.7023361921310425,0.7440914511680603,-0.2184802293777465,0.1880438476800918,0.839623749256134,-0.4457444250583648,0.6736641526222229,0.2842358946800232,-0.75759357213974,0.5055817365646362,0.8315833210945129,-0.755350649356842,Noon
0.5072913765907288,0.8188408613204956,1.6951968007106188e-07,0.5468459129333496,0.7938657999038696,0.0174148902297019,0.5828505158424377,0.7872510552406311,0.0220680944621562,0.604820728302002,0.7887445688247681,0.0204359963536262,0.6228483319282532,0.7985538244247437,0.0178179889917373,0.6047735214233398,0.7763240337371826,0.0234964601695537,0.6525446176528931,0.7856852412223816,0.0184400733560323,0.6866844892501831,0.788040816783905,0.0128404339775443,0.7131771445274353,0.7872626185417175,0.0083318725228309,0.6107260584831238,0.7847713232040405,0.006969965994358,0.6615720391273499,0.7923941612243652,0.0024559472221881,0.6952120661735535,0.7939440608024597,-0.0040454850532114,0.7255877256393433,0.7901056408882141,-0.0089129656553268,0.6143539547920227,0.8007676601409912,-0.009720804169774,0.6644471287727356,0.8012927174568176,-0.0115830432623624,0.6947427988052368,0.7994141578674316,-0.0128686157986521,0.7224711179733276,0.7923833131790161,-0.0145271411165595,0.6161019206047058,0.8246504068374634,-0.0261554513126611,0.6559358239173889,0.8142624497413635,-0.0261745583266019,0.6795806288719177,0.8074641823768616,-0.0235361196100711,0.7006861567497253,0.8003784418106079,-0.0219042375683784,0.6628810167312622,0.308443546295166,1.7336054725092256e-07,0.6389662027359009,0.2800483107566833,0.0012077362043783,0.6361504197120667,0.2358119189739227,0.0001762013853294,0.6388053894042969,0.2041603773832321,-0.0038426825776696,0.638791561126709,0.1747342944145202,-0.007886791601777,0.6419796943664551,0.1771221309900283,0.0087692243978381,0.6409844756126404,0.1245214194059372,0.0003882665478158,0.6394090056419373,0.0857277140021324,-0.0080272695049643,0.6399872899055481,0.0524575263261795,-0.0141289606690406,0.6469920873641968,0.1728779822587967,-0.0001207346940645,0.6441947221755981,0.116443783044815,-0.0080363061279058,0.6428664326667786,0.0744199156761169,-0.0160789769142866,0.6432929635047913,0.0352990180253982,-0.0216108616441488,0.6549249887466431,0.1736163198947906,-0.0104801589623093,0.6531972885131836,0.1172035485506057,-0.0177164953202009,0.651423454284668,0.0782333090901374,-0.0224856566637754,0.6501659154891968,0.04340460896492,-0.0254872217774391,0.6656609177589417,0.1784283518791198,-0.0217722374945878,0.6636303067207336,0.1328538060188293,-0.026141345500946,0.6617014408111572,0.1026045978069305,-0.0269579570740461,0.6596360802650452,0.0761237367987632,-0.0274605304002761,0.7024408578872681,0.7443925738334656,-0.2113821506500244,0.1883346140384674,0.8395977020263672,-0.4478801190853119,0.6737145185470581,0.2861658930778503,-0.7309764623641968,0.5089479684829712,0.8278630971908569,-0.7551495432853699,Noon
0.5049656629562378,0.8130489587783813,1.8143649072044362e-07,0.54172682762146,0.787564218044281,0.0127316769212484,0.578499436378479,0.7800207138061523,0.0154514601454138,0.6003113389015198,0.7808831930160522,0.0128619698807597,0.617563784122467,0.7892268896102905,0.0097891520708799,0.6040969491004944,0.7736344933509827,0.0184052176773548,0.6507613062858582,0.782981276512146,0.0111165642738342,0.6852985620498657,0.7856038212776184,0.0038007679395377,0.7117759585380554,0.785160481929779,-0.0015748385339975,0.609489381313324,0.7828888893127441,0.0040669539012014,0.6598101258277893,0.7888612151145935,-0.0023020063526928,0.6941697597503662,0.790814220905304,-0.0093749808147549,0.7249918580055237,0.7877187728881836,-0.0143264550715684,0.6132069230079651,0.7994361519813538,-0.0107628321275115,0.6620539426803589,0.7994257807731628,-0.0140835996717214,0.6923443078994751,0.7975676655769348,-0.0154411941766738,0.7200270295143127,0.7907960414886475,-0.0166248269379138,0.6151475310325623,0.8234425187110901,-0.0258074216544628,0.6541314721107483,0.8150551319122314,-0.0266179833561182,0.6779900193214417,0.8088636994361877,-0.0242438204586505,0.6993650197982788,0.8023789525032043,-0.0224857740104198,0.6637780666351318,0.308302104473114,1.741663879784028e-07,0.6395378708839417,0.2803572416305542,0.001948028570041,0.6369279623031616,0.2363633662462234,0.00140803004615,0.6395094990730286,0.2050178050994873,-0.0021431106142699,0.6394012570381165,0.1755371689796447,-0.0057535925880074,0.6425321698188782,0.1780612468719482,0.009699922055006,0.6413497924804688,0.1254654824733734,0.0016678147949278,0.6399293541908264,0.0866231843829155,-0.0064942315220832,0.6408950686454773,0.0532103031873703,-0.0123757878318429,0.6479377150535583,0.1737799942493438,0.0006879909778945,0.6446484923362732,0.1170111298561096,-0.0069592995569109,0.6434681415557861,0.0745910033583641,-0.0148266898468136,0.644311785697937,0.0352462232112884,-0.020217565819621,0.6558316946029663,0.1743597984313964,-0.0097279734909534,0.6536982655525208,0.1176855266094207,-0.0168914981186389,0.6522976756095886,0.0784405991435051,-0.0215143896639347,0.6516290903091431,0.0438577532768249,-0.024296011775732,0.6660929322242737,0.1790361553430557,-0.0209813807159662,0.6640405058860779,0.1332157254219055,-0.0250812079757452,0.66249018907547,0.102820448577404,-0.0256183519959449,0.6608017086982727,0.0766414180397987,-0.0259065516293048,0.7023781538009644,0.7446118593215942,-0.2099802047014236,0.1883376687765121,0.8395583629608154,-0.4451950490474701,0.6738227605819702,0.2873124480247497,-0.7313719391822815,0.5087140798568726,0.8242744207382202,-0.7514976263046265,Noon
0.5053707361221313,0.8112058043479919,1.866780650061628e-07,0.5436468720436096,0.7861954569816589,0.012193189933896,0.5815780758857727,0.778881311416626,0.0146004650741815,0.6053397059440613,0.7814328074455261,0.0119983470067381,0.6234018802642822,0.7909080386161804,0.0088635254651308,0.6037061810493469,0.7702465057373047,0.0152254318818449,0.6514973044395447,0.7811952829360962,0.0070776403881609,0.68604576587677,0.78435218334198,-0.0002103661390719,0.7127488255500793,0.7840101718902588,-0.0054985829629004,0.6086152195930481,0.7803290486335754,0.0011174293467774,0.6598737239837646,0.7874941229820251,-0.0063997753895819,0.6950317621231079,0.7898503541946411,-0.0136669240891933,0.7267082333564758,0.7868832349777222,-0.0186226610094308,0.6114869117736816,0.797757625579834,-0.0133460117504,0.6620560884475708,0.7977249026298523,-0.0181925222277641,0.6938089728355408,0.7958715558052063,-0.0203822664916515,0.7222515344619751,0.7899214625358582,-0.0218489225953817,0.612551212310791,0.8229410648345947,-0.0278515163809061,0.6527029871940613,0.8138871192932129,-0.0300972983241081,0.6775456666946411,0.8071980476379395,-0.0286068357527256,0.6995014548301697,0.8008442521095276,-0.0272987056523561,0.6637431979179382,0.3055711686611175,1.8734647255769232e-07,0.6385233402252197,0.2773737907409668,0.0012977762380614,0.6350486278533936,0.2339120656251907,0.0006806396413594,0.6369926333427429,0.202541247010231,-0.0028373231180012,0.6366868019104004,0.1737692058086395,-0.0063557918183505,0.6416586637496948,0.1755348592996597,0.0096907205879688,0.6406632661819458,0.1230206042528152,0.0015944398473948,0.6393702626228333,0.0842409059405326,-0.006657890509814,0.6404788494110107,0.0511614829301834,-0.0126186003908514,0.6474154591560364,0.1713608503341674,0.0011204411275684,0.6444530487060547,0.1149285212159156,-0.0066055580973625,0.6432414054870605,0.0730186477303505,-0.0146030113101005,0.6439116597175598,0.0345105975866317,-0.020069733262062,0.6555417776107788,0.1722445040941238,-0.0089712385088205,0.6535871624946594,0.1159714832901954,-0.0162445567548275,0.6519396305084229,0.0767826288938522,-0.0211730320006608,0.6508976817131042,0.0423798114061355,-0.0241903197020292,0.6658712029457092,0.1776498407125473,-0.0199354290962219,0.6641683578491211,0.1329484581947326,-0.0243353582918643,0.662499189376831,0.1028657034039497,-0.0253166314214468,0.6606296896934509,0.0765540897846221,-0.0259161330759525,0.7019307613372803,0.7447766661643982,-0.2068694829940796,0.1882322579622268,0.8391593098640442,-0.4204505383968353,0.6738177537918091,0.2883794903755188,-0.715955913066864,0.5063761472702026,0.8225371837615967,-0.7235208749771118,Noon
0.5073236227035522,0.8094233870506287,1.934670024184016e-07,0.550037145614624,0.7852866053581238,0.0150120509788393,0.5886920094490051,0.7806499600410461,0.018176844343543,0.6126924157142639,0.7880924940109253,0.0157334972172975,0.6305568218231201,0.8006351590156555,0.0125896427780389,0.603013277053833,0.7662113904953003,0.0169528070837259,0.6524274349212646,0.7793685793876648,0.0097796116024255,0.6867308020591736,0.783747673034668,0.0034509219694882,0.713435709476471,0.7841604351997375,-0.0012413227232173,0.6083500385284424,0.7767863273620605,0.0017044703708961,0.6609436869621277,0.7858280539512634,-0.0047493521124124,0.6958905458450317,0.7887001037597656,-0.0114050572738051,0.7271243333816528,0.7854575514793396,-0.0161036439239978,0.6119362115859985,0.7950420379638672,-0.0135694537311792,0.6640081405639648,0.7955198287963867,-0.0171976219862699,0.6959089040756226,0.7938098311424255,-0.0191218014806509,0.7241672873497009,0.7875937819480896,-0.0207192935049533,0.6139068603515625,0.8212172389030457,-0.0286103580147027,0.6544802188873291,0.8108675479888916,-0.0297765750437974,0.6790798902511597,0.8039472699165344,-0.0278125405311584,0.7005139589309692,0.7974586486816406,-0.0263907611370086,0.6635045409202576,0.3038280010223388,1.871058969982187e-07,0.6391044855117798,0.275979071855545,0.00240238616243,0.6357588768005371,0.2309933602809906,0.0022779784630984,0.6376428008079529,0.1995594501495361,-0.0009449360659345,0.6377651691436768,0.1711798310279846,-0.0041924049146473,0.6417952179908752,0.1745441406965255,0.0100421151146292,0.6405606269836426,0.1213182806968689,0.002321294741705,0.639163613319397,0.0823388025164604,-0.0053196707740426,0.6402954459190369,0.049536257982254,-0.0107965674251317,0.6465528607368469,0.1696673482656479,0.0010450580157339,0.6434890031814575,0.1117261871695518,-0.0065037538297474,0.6424211263656616,0.0693216249346733,-0.0140565475448966,0.6433593034744263,0.0308430939912796,-0.0190890785306692,0.6545042395591736,0.1700869649648666,-0.0093407742679119,0.652775228023529,0.1121451705694198,-0.0163433160632848,0.6511983871459961,0.0719968229532241,-0.0213336925953626,0.6504528522491455,0.0370618849992752,-0.0244014970958232,0.6652383804321289,0.1747426986694336,-0.0204874947667121,0.6636863350868225,0.1288743913173675,-0.0245584491640329,0.6618384122848511,0.098288744688034,-0.0255756974220275,0.660116970539093,0.0717714577913284,-0.0262463726103305,0.7021387815475464,0.7444232702255249,-0.2072904407978058,0.188319593667984,0.8366433382034302,-0.4135425686836242,0.6735590100288391,0.2892883419990539,-0.7079302072525024,0.5052983164787292,0.8205981850624084,-0.7158414125442505,Noon
0.5078628659248352,0.8093683123588562,1.8522989364555545e-07,0.5503537654876709,0.7864986658096313,0.0159109458327293,0.5887323021888733,0.7813763618469238,0.0195199847221374,0.6126229166984558,0.78743577003479,0.0172585565596818,0.6313034296035767,0.7995660305023193,0.0142246037721633,0.6035270094871521,0.7664775848388672,0.0184509940445423,0.6537395119667053,0.7792589664459229,0.0117810452356934,0.6888009905815125,0.7827900052070618,0.0057217115536332,0.7161703705787659,0.7825571894645691,0.0011415589833632,0.609038233757019,0.7754490971565247,0.0027296976186335,0.6623491048812866,0.7850550413131714,-0.0032369017135351,0.6974301338195801,0.7872486114501953,-0.0097217597067356,0.7290711998939514,0.7834616303443909,-0.014364181086421,0.6128504276275635,0.7929883003234863,-0.0130065204575657,0.6654817461967468,0.7945870161056519,-0.0160927921533584,0.6975118517875671,0.7928347587585449,-0.0177610889077186,0.7259383201599121,0.7862071394920349,-0.0193374902009964,0.6150768995285034,0.8189650177955627,-0.0284892171621322,0.6559332013130188,0.8091150522232056,-0.0292356703430414,0.680691123008728,0.8018603324890137,-0.0270393546670675,0.7023061513900757,0.7944063544273376,-0.0255463030189275,0.6639191508293152,0.3042548894882202,1.7300503429851233e-07,0.6399533748626709,0.2758653461933136,0.0023016391787678,0.6365407109260559,0.2306663393974304,0.0020370159763842,0.6382186412811279,0.1993125677108764,-0.0014208662323653,0.6386805772781372,0.1707646697759628,-0.0049198330380022,0.642403781414032,0.1746493726968765,0.0099221635609865,0.6409925818443298,0.1216505318880081,0.0020125852897763,0.639538586139679,0.0828508585691452,-0.0057814726606011,0.6403923630714417,0.0499071329832077,-0.0114252800121903,0.6472046971321106,0.1702207028865814,0.0007030703127384,0.6439047455787659,0.1128813996911048,-0.0072538065724074,0.6429928541183472,0.0707208588719368,-0.0149858081713318,0.6439248919487,0.0318099856376647,-0.0200683064758777,0.6552427411079407,0.1706525832414627,-0.0099172368645668,0.6528499722480774,0.1134920865297317,-0.0173236615955829,0.6513168215751648,0.0740485340356826,-0.022152142599225,0.6505487561225891,0.0391016751527786,-0.0249958243221044,0.6661329865455627,0.1748585402965545,-0.0213388204574584,0.6637805104255676,0.1293113976716995,-0.0256358329206705,0.6619583964347839,0.0991881266236305,-0.0264209154993295,0.6603344678878784,0.0729825943708419,-0.0268529765307903,0.7023326754570007,0.7441389560699463,-0.2077990472316742,0.1884045153856277,0.8347739577293396,-0.4091693460941314,0.6734281778335571,0.2898996770381927,-0.7064782977104187,0.5043267011642456,0.8195029497146606,-0.7106648087501526,Noon
0.5052024722099304,0.8084262609481812,1.934805879955093e-07,0.5496411919593811,0.7859422564506531,0.0164243672043085,0.5884944796562195,0.7812334299087524,0.0202196612954139,0.6133277416229248,0.7878945469856262,0.0179702397435903,0.6325522661209106,0.80044025182724,0.014726840890944,0.6018966436386108,0.7650781869888306,0.0188119485974311,0.6524559855461121,0.7788795828819275,0.011798245832324,0.6879796981811523,0.7831821441650391,0.0052779274992644,0.7157831788063049,0.7836658954620361,0.0003823863808065,0.6067386865615845,0.7738345861434937,0.0027437640819698,0.6609493494033813,0.784858226776123,-0.0038784141652286,0.6968361139297485,0.7875155210494995,-0.0112177170813083,0.7295106649398804,0.7842414379119873,-0.016270387917757,0.6097077131271362,0.7919103503227234,-0.0132262399420142,0.6633789539337158,0.794265866279602,-0.017277056351304,0.6959693431854248,0.7934178709983826,-0.0194540172815322,0.7251085042953491,0.787250280380249,-0.0210240855813026,0.6108953356742859,0.8186190128326416,-0.0288144331425428,0.653248131275177,0.8096945881843567,-0.0302566681057214,0.6786224842071533,0.8032780885696411,-0.0282128434628248,0.7010830640792847,0.7964712381362915,-0.0266058631241321,0.6646679639816284,0.3053067922592163,1.7916458716626948e-07,0.6396268606185913,0.2765998542308807,0.002705184277147,0.6357703804969788,0.2311507016420364,0.0028529572300612,0.637040376663208,0.1995853334665298,-0.0002453032066114,0.6371320486068726,0.1706791669130325,-0.0033779023215174,0.6427205204963684,0.1747517734766006,0.011115082539618,0.6412786245346069,0.1218468993902206,0.0035463068634271,0.6399105191230774,0.0830238312482833,-0.0041452320292592,0.6409653425216675,0.0500509887933731,-0.0097353337332606,0.6477608680725098,0.1705570220947265,0.0017755901208147,0.6443264484405518,0.1128711327910423,-0.0058279056102037,0.6432647705078125,0.0704454034566879,-0.0135317677631974,0.6442303657531738,0.0316774547100067,-0.0186201985925436,0.6557214856147766,0.1713825315237045,-0.0090030161663889,0.6532240509986877,0.1136644333600997,-0.0161817744374275,0.65174400806427,0.0740240812301635,-0.020977834239602,0.6512212753295898,0.0393712967634201,-0.0237730294466018,0.66631680727005,0.176292285323143,-0.0205566696822643,0.6640242338180542,0.1299991607666015,-0.0247372835874557,0.6623110771179199,0.0994575917720794,-0.0255251694470644,0.6607908606529236,0.0730283558368682,-0.0259448979049921,0.7023831605911255,0.7439097166061401,-0.2002069652080536,0.1891678422689438,0.8327516913414001,-0.397565633058548,0.6732764840126038,0.2903741002082824,-0.6918190121650696,0.5042858123779297,0.8187921047210693,-0.6940546631813049,Noon
0.5072676539421082,0.812655508518219,2.055630261565966e-07,0.5490765571594238,0.7888625860214233,0.0152150392532348,0.5878623127937317,0.7834147214889526,0.0185633581131696,0.6123303771018982,0.7892890572547913,0.0160434283316135,0.6310715675354004,0.8015433549880981,0.0128283211961388,0.6027820110321045,0.7680048942565918,0.0188706070184707,0.6528968214988708,0.7819865942001343,0.0121019901707768,0.6883016228675842,0.7862920165061951,0.0057086856104433,0.7159954905509949,0.7868179082870483,0.0008283154456876,0.6080641746520996,0.7766677141189575,0.003182919928804,0.6622344255447388,0.7877470254898071,-0.0031023952178657,0.698183536529541,0.7899070382118225,-0.0101866256445646,0.7309034466743469,0.7860571146011353,-0.0152272889390587,0.6120548248291016,0.7942455410957336,-0.0126367937773466,0.6652776002883911,0.7973852753639221,-0.0159374326467514,0.697780966758728,0.7958462834358215,-0.0179720148444175,0.7269978523254395,0.7889713048934937,-0.0198072139173746,0.6146737933158875,0.8203769326210022,-0.0283217802643775,0.6554949879646301,0.8115249276161194,-0.0289557855576276,0.6802473664283752,0.8048626780509949,-0.026819922029972,0.7022578716278076,0.7982872128486633,-0.0254481025040149,0.6651893258094788,0.3064069747924804,1.779589950956506e-07,0.6393909454345703,0.2771519124507904,0.0036992367822676,0.6356992125511169,0.2317000180482864,0.0043573807924985,0.6369855403900146,0.2000081241130828,0.0016012438572943,0.6366612911224365,0.1707581579685211,-0.0012206027749925,0.6428287029266357,0.1741312742233276,0.0127340704202651,0.6415138840675354,0.1214656755328178,0.0057947202585637,0.6400274634361267,0.0828666239976883,-0.0016210791654884,0.6408408880233765,0.0497440099716186,-0.0071173757314682,0.6482001543045044,0.1701086610555648,0.0030190548859536,0.6449946761131287,0.1125951334834098,-0.0040205302648246,0.6435515284538269,0.0702499821782112,-0.0116234924644231,0.6441065073013306,0.0313682109117507,-0.0167787633836269,0.6561670303344727,0.171302929520607,-0.0080737760290503,0.6539145112037659,0.1139589324593544,-0.0147566236555576,0.652126669883728,0.0744297131896019,-0.0194059051573276,0.6511908769607544,0.03983736038208,-0.0222091078758239,0.6664415001869202,0.1767421215772628,-0.0198736507445573,0.6641377806663513,0.1305421590805053,-0.0235631018877029,0.6622651815414429,0.1000996455550193,-0.0240992978215217,0.660497784614563,0.0737714096903801,-0.0244266558438539,0.7023983597755432,0.743961751461029,-0.2000598609447479,0.1891136765480041,0.8328282833099365,-0.4055822789669037,0.6731790900230408,0.2907250523567199,-0.6984106302261353,0.5042529106140137,0.8182291388511658,-0.7070174217224121,Noon
0.5059146285057068,0.812950849533081,2.119127344712979e-07,0.5489339232444763,0.7898320555686951,0.01613000780344,0.587221086025238,0.7845861315727234,0.0194943845272064,0.6103976964950562,0.7918104529380798,0.0168585330247879,0.6285060048103333,0.8047487735748291,0.0131228687241673,0.602591335773468,0.7686041593551636,0.0176280252635478,0.6532780528068542,0.7814075946807861,0.009987442754209,0.6889742016792297,0.7858228087425232,0.0031183285173028,0.7171511650085449,0.7868454456329346,-0.0020411626901477,0.607273280620575,0.7772680521011353,0.0013589228037744,0.6622716188430786,0.7886006832122803,-0.0058995839208364,0.6990988850593567,0.7918229699134827,-0.0137587999925017,0.7327139973640442,0.7889205813407898,-0.0193080455064773,0.6101197004318237,0.7949607968330383,-0.0148576982319355,0.6642800569534302,0.797774612903595,-0.0196887198835611,0.6977182030677795,0.7967310547828674,-0.0229655355215072,0.7274435758590698,0.7902340292930603,-0.0254058986902236,0.6113269329071045,0.8214417099952698,-0.030653741210699,0.6530182361602783,0.8122764229774475,-0.033028271049261,0.6782946586608887,0.8052985668182373,-0.0320039950311183,0.7009005546569824,0.7981670498847961,-0.0312358681112527,0.665061891078949,0.3062140941619873,1.7305264066180825e-07,0.6403380632400513,0.2766941487789154,0.0040468424558639,0.6372182965278625,0.2314470112323761,0.0048822755925357,0.6394157409667969,0.2000034004449844,0.0022201302926987,0.6401787996292114,0.1709929406642913,-0.000483998155687,0.642979085445404,0.1747509539127349,0.013080159202218,0.6421657800674438,0.1218792125582695,0.006198373157531,0.6409593224525452,0.0831726491451263,-0.0011782728834077,0.6418404579162598,0.0502186268568038,-0.0065958127379417,0.6475695967674255,0.1704553216695785,0.0033370037563145,0.6448737382888794,0.1128930822014808,-0.0034479484893381,0.6437505483627319,0.0706201866269111,-0.010754931718111,0.6444287896156311,0.0320261865854263,-0.0156853422522544,0.6553210020065308,0.1712546050548553,-0.0077878120355308,0.6534796953201294,0.1136447265744209,-0.0141842709854245,0.6518202424049377,0.0741948932409286,-0.0186576768755912,0.650988757610321,0.0399072021245956,-0.0213968101888895,0.6659536957740784,0.1758667230606079,-0.0196260381489992,0.6637118458747864,0.1298508048057556,-0.0231401361525058,0.6617148518562317,0.0995163768529892,-0.0235486719757318,0.6598251461982727,0.0731699019670486,-0.0237863548099994,0.7020143866539001,0.7445222735404968,-0.167916864156723,0.1894087493419647,0.8329010009765625,-0.4066530168056488,0.673019289970398,0.2910423278808594,-0.6665984988212585,0.5043773651123047,0.8181480765342712,-0.7111026048660278,Noon
0.5054467916488647,0.8132240772247314,2.06406483016508e-07,0.5481786131858826,0.7901107668876648,0.0161735080182552,0.5875534415245056,0.7846789360046387,0.0200297869741916,0.6119766235351562,0.7915048003196716,0.0179054960608482,0.6313326358795166,0.8034721612930298,0.0147297400981187,0.6028209924697876,0.7679380178451538,0.0180773548781871,0.6543471813201904,0.7806100845336914,0.0106752319261431,0.6902286410331726,0.7848712801933289,0.0041077393107116,0.7186242341995239,0.7853695750236511,-0.0007855340372771,0.607520341873169,0.7765071988105774,0.0018800286343321,0.6627583503723145,0.787642776966095,-0.005134783219546,0.699575662612915,0.7906316518783569,-0.0126751726493239,0.7330566048622131,0.7875360250473022,-0.0179860554635524,0.6103193163871765,0.7943951487541199,-0.0143199861049652,0.6649571061134338,0.797396719455719,-0.0190593730658292,0.6983925104141235,0.796425998210907,-0.0222001019865274,0.7280056476593018,0.7899118661880493,-0.0244912561029195,0.6115664839744568,0.8214006423950195,-0.0301136374473571,0.6544259190559387,0.8117849230766296,-0.0326046720147132,0.6798393130302429,0.8044800758361816,-0.0316372439265251,0.7023674845695496,0.7968267798423767,-0.0308365877717733,0.6658536195755005,0.3064292967319488,1.802660420935354e-07,0.6396251320838928,0.2770915627479553,0.0038397759199142,0.6355707049369812,0.2317328751087188,0.0048434087075293,0.6369262933731079,0.2003536075353622,0.0023370762355625,0.6368188261985779,0.1713761538267135,-0.0002264802315039,0.6429996490478516,0.1733115315437317,0.0139988996088504,0.6420915722846985,0.1211232990026474,0.0075587932951748,0.6405963897705078,0.0828507617115974,0.000212449740502,0.6413587927818298,0.04990915954113,-0.0052924803458154,0.6482463479042053,0.1691622883081436,0.0043359561823308,0.6453788876533508,0.1121481880545616,-0.0019865382928401,0.6437090039253235,0.0700332969427108,-0.0094003453850746,0.644061803817749,0.0316190868616104,-0.0145545424893498,0.6561000347137451,0.1705647259950637,-0.0067977923899888,0.654272735118866,0.1134642288088798,-0.0128624914214015,0.6521391272544861,0.0742103308439254,-0.0174802057445049,0.6508601903915405,0.0402165949344635,-0.0204317383468151,0.666223406791687,0.1762494295835495,-0.0186856798827648,0.6642298102378845,0.1302592754364013,-0.0220556575804948,0.6621392369270325,0.0997467264533042,-0.0226267278194427,0.6600881218910217,0.0732995197176933,-0.0230674725025892,0.7018453478813171,0.7448074221611023,-0.1606869995594024,0.1895821839570999,0.8330033421516418,-0.4068521559238434,0.6729925870895386,0.2911722064018249,-0.6618767380714417,0.5045955181121826,0.8182622194290161,-0.711275041103363,Noon
0.5208706259727478,0.7452844977378845,1.6934548341396296e-07,0.5589240789413452,0.727702260017395,0.0127650927752256,0.595563530921936,0.7224376201629639,0.0159373376518487,0.6196434497833252,0.7279214262962341,0.0145954880863428,0.6376565098762512,0.7385461330413818,0.0125996572896838,0.6162099838256836,0.7172355651855469,0.0152618028223514,0.6599549651145935,0.7278304100036621,0.0102120582014322,0.6902258992195129,0.7294764518737793,0.0045036301016807,0.7150136828422546,0.7278804779052734,-0.0002698837197385,0.6183117032051086,0.724859893321991,0.0022053457796573,0.6641858220100403,0.7335911989212036,-0.0016815894050523,0.6956688165664673,0.7336395382881165,-0.007547965273261,0.7235019207000732,0.7302863001823425,-0.0124172177165746,0.6162790060043335,0.7381640076637268,-0.0107585415244102,0.6616353392601013,0.741832971572876,-0.0127005297690629,0.6901894211769104,0.7405293583869934,-0.013582375831902,0.7145453691482544,0.7361122965812683,-0.0154144167900085,0.6111060976982117,0.7580180168151855,-0.0235234480351209,0.6461278796195984,0.7545481324195862,-0.0244731809943914,0.6692066192626953,0.7502934336662292,-0.022702420130372,0.6897740364074707,0.7457603216171265,-0.0219489447772502,0.6373839974403381,0.2593711018562317,1.8958691327952693e-07,0.6014711260795593,0.2296130061149597,-0.0114860134199261,0.5844405889511108,0.1869630217552185,-0.0184424519538879,0.5871825218200684,0.1502297669649124,-0.0246048644185066,0.5878239870071411,0.1207991242408752,-0.0309990029782056,0.6128289699554443,0.1497025787830352,-0.0158440265804529,0.6125207543373108,0.1040214598178863,-0.0289010182023048,0.6159780621528625,0.077750913798809,-0.0384086668491363,0.6214612126350403,0.0535509139299392,-0.0449343807995319,0.6385716199874878,0.1512945592403412,-0.0193362552672624,0.6406285166740417,0.0985013172030448,-0.0304694212973117,0.6440967321395874,0.065584659576416,-0.0392285212874412,0.648219645023346,0.0350017547607421,-0.0455189310014247,0.6621840596199036,0.1630888432264328,-0.0243708435446023,0.6669245362281799,0.112080805003643,-0.0363757610321044,0.6704607605934143,0.0807447582483291,-0.0432200990617275,0.6731611490249634,0.0513179302215576,-0.0475599057972431,0.6844212412834167,0.1823006421327591,-0.0301634892821311,0.6895540952682495,0.1425243020057678,-0.0412400178611278,0.6925345659255981,0.1165161952376365,-0.0450369715690612,0.6944913268089294,0.0914115831255912,-0.0470508672297,0.7221638560295105,0.6870695352554321,-0.2771362364292145,0.2065349817276001,0.7938171625137329,-0.4748524725437164,0.6553281545639038,0.2694434523582458,-0.7447900772094727,0.471146285533905,0.7650356888771057,-0.870599091053009,Afternoon
0.5224683880805969,0.7493529319763184,1.767969166621697e-07,0.5600245594978333,0.734711229801178,0.0085451919585466,0.5999154448509216,0.7298675775527954,0.0105374483391642,0.6262175440788269,0.7367798089981079,0.0088254120200872,0.6455221772193909,0.7462038993835449,0.0067381057888269,0.6176393032073975,0.7226496934890747,0.0107532842084765,0.6613712310791016,0.7331559062004089,0.0040805907920002,0.6923999786376953,0.7339815497398376,-0.0027948531787842,0.7177171111106873,0.731785237789154,-0.008257950656116,0.6195628046989441,0.7297858595848083,-0.0004001992056146,0.6659122109413147,0.7379409074783325,-0.0055987308733165,0.6987536549568176,0.7372017502784729,-0.0123104378581047,0.7282328605651855,0.733217716217041,-0.0176532585173845,0.617622971534729,0.7428555488586426,-0.0117154791951179,0.6626585125923157,0.7460953593254089,-0.0147298304364085,0.691993772983551,0.7443247437477112,-0.0165872685611248,0.7172402143478394,0.7395163178443909,-0.0189963113516569,0.612319827079773,0.7612178921699524,-0.0232052616775035,0.6446146965026855,0.7582210898399353,-0.0246796924620866,0.6669469475746155,0.7536788582801819,-0.0233692340552806,0.6868340373039246,0.7494258880615234,-0.0230019763112068,0.6386711001396179,0.2629614174365997,1.819292805294026e-07,0.6033024191856384,0.2326231449842453,-0.0101494845002889,0.5866463780403137,0.1882993280887603,-0.0164351053535938,0.589458167552948,0.1508315205574035,-0.0220987237989902,0.5901103615760803,0.1222909986972808,-0.0280400067567825,0.6134015321731567,0.1543937921524047,-0.0150395929813385,0.6134255528450012,0.1074116379022598,-0.0273098796606063,0.6170769333839417,0.0810965523123741,-0.0360598899424076,0.6226515173912048,0.05754404515028,-0.0420371256768703,0.6392878293991089,0.1564862728118896,-0.0189957879483699,0.6418284773826599,0.1026960536837577,-0.0294835958629846,0.6458768248558044,0.069267451763153,-0.0377749018371105,0.6504079699516296,0.0387496724724769,-0.0437045767903327,0.6632117033004761,0.1682986468076706,-0.0242718290537595,0.6679314374923706,0.1161760687828064,-0.0354935005307197,0.6719080805778503,0.084238588809967,-0.0418620929121971,0.6748753786087036,0.0546460524201393,-0.0459782741963863,0.6858473420143127,0.1869481950998306,-0.0301852487027645,0.6910650134086609,0.1466791629791259,-0.040463201701641,0.6940909028053284,0.1201176941394805,-0.0436719842255115,0.6960051655769348,0.0948729142546653,-0.0453644171357154,0.722528338432312,0.6872953176498413,-0.2877674400806427,0.2066065967082977,0.7918141484260559,-0.4750521779060364,0.6556111574172974,0.2698570787906647,-0.7483643293380737,0.470967948436737,0.7650343179702759,-0.8734353184700012,Afternoon
0.5218419432640076,0.7515277862548828,1.5115348617200652e-07,0.5604854226112366,0.7376519441604614,0.0133922416716814,0.5991965532302856,0.7314777374267578,0.0167991686612367,0.6241248846054077,0.7374413013458252,0.015553212724626,0.6425749659538269,0.7487262487411499,0.013805947266519,0.6142451167106628,0.7193235158920288,0.0151404971256852,0.6581928730010986,0.732120931148529,0.0106209199875593,0.6883473992347717,0.7354613542556763,0.0055946032516658,0.7126574516296387,0.7351496815681458,0.0012711627641692,0.6162667274475098,0.7265774607658386,0.0022523691877722,0.6624061465263367,0.7369910478591919,-0.0008476520888507,0.6934894323348999,0.7385520935058594,-0.0057032667100429,0.7207932472229004,0.7365503311157227,-0.0099756438285112,0.6149660348892212,0.7409104704856873,-0.0104320337995886,0.6609213948249817,0.7459006309509277,-0.0111189261078834,0.6892365217208862,0.7459048628807068,-0.0111783724278211,0.7132551074028015,0.7427930235862732,-0.0127893816679716,0.6116272807121277,0.7619649767875671,-0.0229395683854818,0.6449577212333679,0.7593634128570557,-0.0226656626909971,0.6673303246498108,0.7557061910629272,-0.0204434748739004,0.6873311400413513,0.7522497773170471,-0.0196527130901813,0.6389012336730957,0.2638320624828338,1.9519349336860614e-07,0.6038689613342285,0.2339095473289489,-0.0103439465165138,0.5870267748832703,0.189733475446701,-0.0170119665563106,0.590077817440033,0.1525977998971939,-0.0229116138070821,0.5921518206596375,0.1265539973974228,-0.0291093792766332,0.6157199144363403,0.1549634635448455,-0.0159226655960083,0.6158866882324219,0.1079436242580413,-0.0279581397771835,0.6194225549697876,0.0820502787828445,-0.0364313907921314,0.6247299313545227,0.0588949173688888,-0.042176567018032,0.6413165926933289,0.1580660343170166,-0.019708639010787,0.6442350745201111,0.1043399721384048,-0.0297746155411005,0.6479610204696655,0.0711678713560104,-0.0375192016363143,0.6519626975059509,0.0409403145313262,-0.0430711358785629,0.6647936701774597,0.1703225076198578,-0.0247618705034255,0.6701188087463379,0.118053451180458,-0.0355594269931316,0.6742326617240906,0.085962638258934,-0.0415171235799789,0.6773056387901306,0.056588627398014,-0.0453418418765068,0.6868501901626587,0.1891868710517883,-0.0304511319845914,0.6920457482337952,0.1484935879707336,-0.0402554124593734,0.6953526139259338,0.1222413033246994,-0.0430096425116062,0.697593092918396,0.0975456535816192,-0.0443819127976894,0.7225201725959778,0.6876580119132996,-0.2888441085815429,0.2072020769119262,0.7917734980583191,-0.4744449257850647,0.6560785174369812,0.2706672549247741,-0.7513864636421204,0.470889151096344,0.7650310397148132,-0.8739153146743774,Afternoon
0.5172238349914551,0.750286340713501,1.5382404683350617e-07,0.5559523105621338,0.7378756999969482,0.0121470084413886,0.5952893495559692,0.7328841686248779,0.0153141720220446,0.6205424070358276,0.7382985353469849,0.0142368385568261,0.638738751411438,0.747752845287323,0.0126120019704103,0.6116625070571899,0.7217644453048706,0.0136317461729049,0.6540200710296631,0.7347202301025391,0.0086892694234848,0.6834520697593689,0.7375975251197815,0.0031847320497035,0.7066876292228699,0.7365240454673767,-0.0015851431526243,0.6120258569717407,0.7287282347679138,0.0012188352411612,0.6570876836776733,0.7398154139518738,-0.0023039644584059,0.6868947148323059,0.7415564060211182,-0.0075962841510772,0.7134221792221069,0.7390742897987366,-0.0122331464663147,0.6082147359848022,0.7430727481842041,-0.0110650062561035,0.6524527072906494,0.7485664486885071,-0.012813881970942,0.6793599128723145,0.7497920989990234,-0.013396518304944,0.7021896839141846,0.74754798412323,-0.0152661558240652,0.6012808084487915,0.7647129893302917,-0.0231709852814674,0.6322950720787048,0.762714147567749,-0.0239096656441688,0.6529654860496521,0.7595735788345337,-0.0220896303653717,0.6715313792228699,0.7563784718513489,-0.0215512104332447,0.6391077041625977,0.2636567950248718,1.857292062368288e-07,0.6039601564407349,0.2338573336601257,-0.010316289961338,0.5866386294364929,0.1904441267251968,-0.0169833078980445,0.5905230045318604,0.1539123505353927,-0.0228365268558263,0.5944471955299377,0.1291004717350006,-0.0290410965681076,0.6150654554367065,0.1538917273283004,-0.0154916504397988,0.615530788898468,0.1087196916341781,-0.0274628363549709,0.6190829277038574,0.0837621018290519,-0.0362662672996521,0.6241217851638794,0.0609050318598747,-0.0424530878663063,0.641107439994812,0.1560008972883224,-0.0193406101316213,0.6443646550178528,0.1036339253187179,-0.0290356464684009,0.6481022238731384,0.0718962773680687,-0.0367166921496391,0.6518098711967468,0.0424249172210693,-0.0424326173961162,0.6648378372192383,0.1682608872652053,-0.0245188921689987,0.6701042056083679,0.1169631630182266,-0.0349636748433113,0.6742911338806152,0.0859474837779998,-0.0407891646027565,0.6774513721466064,0.0573157295584678,-0.0447118170559406,0.6869598627090454,0.1878528296947479,-0.0303701255470514,0.691595196723938,0.1476626694202423,-0.040079329162836,0.6948215961456299,0.1220937967300415,-0.0427834317088127,0.6971835494041443,0.0981119275093078,-0.0442055612802505,0.7225601077079773,0.6885582804679871,-0.2904015183448791,0.2074877470731735,0.7916358709335327,-0.473197877407074,0.6563851833343506,0.2714728415012359,-0.7578978538513184,0.4708352982997894,0.7650616765022278,-0.8738128542900085,Afternoon
0.5221136808395386,0.7502319812774658,1.7969151144825449e-07,0.563854455947876,0.7358517646789551,0.0143739050254225,0.6013869047164917,0.7336991429328918,0.0185499396175146,0.6270082592964172,0.741733193397522,0.0179683864116668,0.6468706727027893,0.7523002028465271,0.017011234536767,0.6145836710929871,0.7203139066696167,0.0186859183013439,0.6575335264205933,0.7337940335273743,0.0152578586712479,0.6863516569137573,0.7377108335494995,0.010556723922491,0.709924578666687,0.7379699349403381,0.0064792810007929,0.616264283657074,0.7280591130256653,0.0056407297961413,0.6610507369041443,0.7393987774848938,0.0037941501941531,0.6904016137123108,0.7427424788475037,-0.0009315836941823,0.7163457870483398,0.7421905994415283,-0.0051642293110489,0.6140977740287781,0.7426303029060364,-0.0073121800087392,0.6588417291641235,0.7481024265289307,-0.0074563240632414,0.6856754422187805,0.749995231628418,-0.0072272974066436,0.7082228064537048,0.7485805153846741,-0.0085635110735893,0.60917067527771,0.7644975781440735,-0.0199603084474802,0.6421661376953125,0.7611685991287231,-0.0189936030656099,0.6631101965904236,0.758512020111084,-0.0159830898046493,0.6814896464347839,0.7556775808334351,-0.0145925227552652,0.6416842937469482,0.2663869559764862,1.8775750731947485e-07,0.6056158542633057,0.2369922399520874,-0.0104464376345276,0.5881198048591614,0.1926641166210174,-0.0172669664025306,0.5911916494369507,0.1554992049932479,-0.0232602804899215,0.5930660963058472,0.1278924942016601,-0.0294962804764509,0.6160963177680969,0.1596334278583526,-0.0169351398944854,0.6162984371185303,0.1121828258037567,-0.0292494259774684,0.6202676296234131,0.0861104130744934,-0.0377220474183559,0.6260949969291687,0.0629847720265388,-0.0434306897222995,0.6420484185218811,0.1620535999536514,-0.0207112841308116,0.6449428200721741,0.1071634590625763,-0.0310717150568962,0.6492655873298645,0.0736391320824623,-0.0387615747749805,0.6541098952293396,0.0432975739240646,-0.0442519970238208,0.6660561561584473,0.1739464402198791,-0.0256924536079168,0.6711880564689636,0.1207240968942642,-0.0368597283959388,0.6756799221038818,0.0889574587345123,-0.0427761673927307,0.6792623400688171,0.0599159151315689,-0.0465217679738998,0.6887896656990051,0.1924198567867279,-0.0312786772847175,0.6935496926307678,0.1515410244464874,-0.0414232239127159,0.6969723105430603,0.1253672242164611,-0.044235460460186,0.6994560956954956,0.1005488485097885,-0.0456013977527618,0.7223871350288391,0.6927111148834229,-0.2774289548397064,0.2082887142896652,0.7915531992912292,-0.4563550353050232,0.6566206812858582,0.2729187607765198,-0.7459150552749634,0.4713969826698303,0.7651993632316589,-0.8543386459350586,Afternoon
0.5221384763717651,0.7493312358856201,1.8144731939173653e-07,0.5630901455879211,0.7329198718070984,0.0135230869054794,0.6011016368865967,0.7288988828659058,0.0170032456517219,0.6247493624687195,0.7356821894645691,0.015864172950387,0.6423405408859253,0.7468646168708801,0.013902342878282,0.6152167916297913,0.72188401222229,0.0149595672264695,0.6580045223236084,0.7346185445785522,0.009913221001625,0.6876311302185059,0.7377273440361023,0.0042087840847671,0.7120110392570496,0.7374276518821716,-0.0006850640056654,0.6164743304252625,0.7299426794052124,0.001592407701537,0.6622886657714844,0.7403185963630676,-0.0020229190122336,0.6933377385139465,0.7421499490737915,-0.0077472659759223,0.7211679220199585,0.739984393119812,-0.0127373840659856,0.6133153438568115,0.7439554333686829,-0.0116112809628248,0.6585062742233276,0.7490822076797485,-0.0136343762278556,0.6869425773620605,0.7502045035362244,-0.0148185705766081,0.710986852645874,0.7479316592216492,-0.0170757807791233,0.6065982580184937,0.764633059501648,-0.0244723819196224,0.6394438147544861,0.7621415853500366,-0.0255947262048721,0.6615152359008789,0.75927734375,-0.0241640489548444,0.6811767220497131,0.7556787133216858,-0.0239324755966663,0.6408212780952454,0.2667482793331146,2.1016273876739438e-07,0.6052610874176025,0.2367319166660308,-0.0110033834353089,0.5881669521331787,0.1929274350404739,-0.0179980415850877,0.5917579531669617,0.1559139341115951,-0.0241379514336586,0.5948333740234375,0.12978196144104,-0.0305620227009058,0.6172322034835815,0.1581965088844299,-0.0167106166481971,0.6175584197044373,0.1121720448136329,-0.0293536055833101,0.6214790940284729,0.0867266580462455,-0.038361370563507,0.627321720123291,0.0637748762965202,-0.0444395765662193,0.6431074738502502,0.1611204594373703,-0.0202803369611501,0.6463790535926819,0.1075918599963188,-0.03087754920125,0.6507514119148254,0.0744705200195312,-0.0389309301972389,0.6554718017578125,0.0441101640462875,-0.0446475259959697,0.6668193936347961,0.173370823264122,-0.0251839309930801,0.672330379486084,0.1218456774950027,-0.0365112572908401,0.676584780216217,0.0904824808239936,-0.0424489453434944,0.6796639561653137,0.0614692345261573,-0.0461174175143241,0.6889747977256775,0.1921411007642746,-0.0307844877243042,0.6944394111633301,0.1516136229038238,-0.0408467873930931,0.697938859462738,0.1258258819580078,-0.0434641540050506,0.7001138925552368,0.1014550253748893,-0.0446541458368301,0.7222588658332825,0.698280930519104,-0.2772507667541504,0.2089697122573852,0.7911123633384705,-0.4515273571014404,0.6575568914413452,0.2739983201026916,-0.7534911036491394,0.4716926217079162,0.7653390765190125,-0.8495243787765503,Afternoon
0.525172233581543,0.7507458925247192,1.783507599384393e-07,0.5651759505271912,0.7364180088043213,0.0118947746232151,0.6036884784698486,0.7338811159133911,0.0146720772609114,0.6285271644592285,0.7429933547973633,0.013228241354227,0.6467433571815491,0.754494845867157,0.0112663824111223,0.6173578500747681,0.7232067584991455,0.0130046969279646,0.6612627506256104,0.7359331846237183,0.0075026378035545,0.691509485244751,0.7388280630111694,0.0018094485858455,0.7159387469291687,0.7380558252334595,-0.0028275265358388,0.6185362339019775,0.7305812239646912,0.0006678289500996,0.6647164821624756,0.741328775882721,-0.0035653577651828,0.6957743763923645,0.7433881759643555,-0.0092611769214272,0.723447322845459,0.7416912317276001,-0.0139623014256358,0.6162816286087036,0.7447512149810791,-0.0115062585100531,0.6622142195701599,0.7503141164779663,-0.0136018488556146,0.6902990341186523,0.7512130737304688,-0.0142135675996541,0.7140796184539795,0.7488334774971008,-0.0157825760543346,0.6113574504852295,0.7659275531768799,-0.0235049817711114,0.6455338001251221,0.7637215256690979,-0.0240913741290569,0.6680490970611572,0.7609263062477112,-0.0219670515507459,0.6878238916397095,0.7579424977302551,-0.0210232865065336,0.6432687044143677,0.2695631384849548,1.8479560992545885e-07,0.6079167723655701,0.2396917343139648,-0.0104330638423562,0.5908464789390564,0.1953140497207641,-0.0172352213412523,0.5945176482200623,0.1582547128200531,-0.0232278294861316,0.5962744355201721,0.1302167177200317,-0.0294625014066696,0.618463397026062,0.1616477966308593,-0.0169174987822771,0.6191981434822083,0.1146684288978576,-0.0292580015957355,0.623227596282959,0.0889912471175193,-0.0378046296536922,0.6289777755737305,0.0657192468643188,-0.0436042584478855,0.6444962620735168,0.1647674739360809,-0.0206609331071376,0.6476839184761047,0.1109793037176132,-0.0311055220663547,0.6522969007492065,0.0778365954756736,-0.0389369055628776,0.6574246883392334,0.0471953228116035,-0.044593870639801,0.668402373790741,0.1769646406173706,-0.0256243236362934,0.6738548874855042,0.1250074803829193,-0.0367105118930339,0.6783695220947266,0.0936289504170417,-0.0426501147449016,0.6818534135818481,0.0644863024353981,-0.0464418828487396,0.691066563129425,0.1954000443220138,-0.0312225446105003,0.6961871981620789,0.1541847586631775,-0.0413137376308441,0.6995280981063843,0.1279568523168563,-0.0442504733800888,0.7018234133720398,0.1028921529650688,-0.0457264147698879,0.7228773236274719,0.7047095894813538,-0.2992514967918396,0.2089717090129852,0.7909031510353088,-0.4486884474754333,0.6577783823013306,0.2759866118431091,-0.7846277952194214,0.471811294555664,0.7653412222862244,-0.8501970171928406,Afternoon
0.52503901720047,0.7506191730499268,1.882062434788168e-07,0.5650153160095215,0.7379294633865356,0.011378800496459,0.604224681854248,0.7342921495437622,0.0136810224503278,0.6294873356819153,0.7428873777389526,0.0118771651759743,0.6483266949653625,0.7549068331718445,0.0093798814341425,0.6175200343132019,0.7247354388237,0.0108360769227147,0.6618947386741638,0.7379239201545715,0.004785927478224,0.6927343606948853,0.7402028441429138,-0.0012244040844962,0.7175852060317993,0.7390027642250061,-0.0060661770403385,0.618077278137207,0.7316593527793884,-0.0014578490518033,0.6649800539016724,0.742365837097168,-0.0062231654301285,0.6974577307701111,0.7431777119636536,-0.0124502182006835,0.7262656688690186,0.7405669689178467,-0.017511673271656,0.6150382161140442,0.7452695369720459,-0.0134463878348469,0.661410391330719,0.7507374882698059,-0.0159062966704368,0.6902704834938049,0.7509910464286804,-0.0171412657946348,0.714609682559967,0.7481651306152344,-0.0192056130617856,0.6092169284820557,0.7655429840087891,-0.0252349264919757,0.6425527334213257,0.7640278339385986,-0.0263456534594297,0.6652694940567017,0.7607751488685608,-0.0247323717921972,0.685337245464325,0.757393479347229,-0.0241622850298881,0.6420688033103943,0.2679594159126282,2.1512991565941775e-07,0.6065243482589722,0.2381052076816558,-0.0114870769903063,0.5894420146942139,0.1948894411325454,-0.0189447794109582,0.5942468047142029,0.1579364389181137,-0.0253724344074726,0.5984886884689331,0.1320728361606598,-0.0321282856166362,0.6173178553581238,0.1603566408157348,-0.0183499492704868,0.6185524463653564,0.1142770051956176,-0.0312806144356727,0.6231901049613953,0.0888833925127983,-0.0404455550014972,0.6295261979103088,0.0653715059161186,-0.0467476248741149,0.6435383558273315,0.1632262468338012,-0.0218044053763151,0.6474084854125977,0.1104634627699852,-0.032659962773323,0.6523761749267578,0.0781959146261215,-0.0407786108553409,0.657689094543457,0.0481510609388351,-0.0467141717672348,0.6674401164054871,0.1755521297454834,-0.0265566557645797,0.6735232472419739,0.1244638115167617,-0.0380120538175106,0.678309440612793,0.0935079231858253,-0.0442089773714542,0.6818287968635559,0.064724177122116,-0.0482302494347095,0.690014123916626,0.194410890340805,-0.0320294871926307,0.695784330368042,0.1536693423986435,-0.0424749702215194,0.699467122554779,0.1278079003095626,-0.0456260442733764,0.7018044590950012,0.1031423136591911,-0.0472912304103374,0.7231597900390625,0.7078925967216492,-0.304791510105133,0.2089272737503051,0.7907253503799438,-0.4467083811759949,0.6579636931419373,0.2772459983825683,-0.7916373014450073,0.4717870354652405,0.7653343081474304,-0.8497738838195801,Afternoon
0.5262977480888367,0.7541051506996155,1.689446946784301e-07,0.5624273419380188,0.7390108704566956,0.0096732098609209,0.6011564135551453,0.7346602082252502,0.0124010322615504,0.6255863904953003,0.7424553632736206,0.0111333644017577,0.6426831483840942,0.7532934546470642,0.009588343091309,0.6199610233306885,0.7272694706916809,0.0139537788927555,0.662691056728363,0.7393171787261963,0.0087024988606572,0.6926447749137878,0.7420105338096619,0.0027511385269463,0.7168986201286316,0.7408636808395386,-0.002063141670078,0.6224546432495117,0.7344027161598206,0.0025585677940398,0.6665887236595154,0.7443390488624573,-0.0014048102311789,0.6976165175437927,0.7455939650535583,-0.0073930961079895,0.7256313562393188,0.7433882355690002,-0.0122021809220314,0.621664822101593,0.747909665107727,-0.0090860305353999,0.6655173897743225,0.7534292340278625,-0.010939578525722,0.6935583353042603,0.7540074586868286,-0.0120950983837246,0.7179765701293945,0.7510697841644287,-0.0138950375840067,0.6179905533790588,0.7673095464706421,-0.0208918377757072,0.6521610021591187,0.7649279832839966,-0.0211006049066782,0.6746846437454224,0.7620121836662292,-0.0190546698868274,0.6946600675582886,0.7590063214302063,-0.0180991422384977,0.6432195901870728,0.2705634832382202,1.9578706655920541e-07,0.608124852180481,0.2409192025661468,-0.0113904671743512,0.5913937091827393,0.1972877979278564,-0.0187719371169805,0.595272421836853,0.1608593314886093,-0.0252461656928062,0.598412036895752,0.1343578845262527,-0.0320155583322048,0.6205124855041504,0.1638359427452087,-0.018007231876254,0.6210225820541382,0.1178053468465805,-0.0310721714049577,0.624793529510498,0.0923864468932151,-0.0402193330228328,0.6303430199623108,0.0690607950091362,-0.0465072095394134,0.6462961435317993,0.1670135706663131,-0.0216491408646106,0.6494783163070679,0.1138887405395507,-0.0328698195517063,0.6540176272392273,0.0810332000255584,-0.0411375425755977,0.6590588092803955,0.050424613058567,-0.0470827631652355,0.6696510910987854,0.1795191466808319,-0.0266195069998502,0.6753734946250916,0.1284134984016418,-0.0384397506713867,0.680324137210846,0.0977039784193039,-0.0444294922053813,0.6839789152145386,0.069017544388771,-0.0482062809169292,0.6917033195495605,0.1983180791139602,-0.0323280543088912,0.6978171467781067,0.1581304222345352,-0.042908601462841,0.7016024589538574,0.1322328150272369,-0.0459075793623924,0.7037188410758972,0.1075369119644165,-0.0474631674587726,0.7243740558624268,0.7097267508506775,-0.31258624792099,0.2088997662067413,0.7907145619392395,-0.4414192736148834,0.6589919328689575,0.2784416377544403,-0.8142477869987488,0.4717307984828949,0.7652782201766968,-0.8475388288497925,Afternoon
0.5236851572990417,0.7522286772727966,1.7744601166214125e-07,0.5629745125770569,0.7440207004547119,0.0090538756921887,0.6034975051879883,0.740650475025177,0.0110587356612086,0.6296117305755615,0.7480617761611938,0.0092621985822916,0.648619532585144,0.7580784559249878,0.0069608725607395,0.6186051368713379,0.7292209267616272,0.0100347297266125,0.661372184753418,0.7417963147163391,0.003042364725843,0.6923426985740662,0.7439047694206238,-0.0040676109492778,0.7172718644142151,0.7421547770500183,-0.0096683045849204,0.6183506846427917,0.7350484728813171,-0.0015272985910996,0.6632490158081055,0.7459793090820312,-0.0071866982616484,0.6953507661819458,0.7470968961715698,-0.01428207103163,0.7244656682014465,0.7445678114891052,-0.0198156163096427,0.6145936250686646,0.7484902739524841,-0.0130984252318739,0.6590447425842285,0.7548354864120483,-0.0166998170316219,0.6877151131629944,0.7555732727050781,-0.0186410043388605,0.712677001953125,0.7528531551361084,-0.0208872947841882,0.60794597864151,0.7683830261230469,-0.0247247871011495,0.6394951939582825,0.767990231513977,-0.0266515556722879,0.6614518165588379,0.7652981877326965,-0.0252926908433437,0.6810336709022522,0.7626966834068298,-0.0247267596423625,0.6430709958076477,0.2700919508934021,2.0795262400952202e-07,0.6082287430763245,0.2406197190284729,-0.0120286727324128,0.5911858081817627,0.1980589926242828,-0.0199353229254484,0.5962714552879333,0.1619558036327362,-0.0267234034836292,0.6015049815177917,0.1363746672868728,-0.0338444784283638,0.619655966758728,0.1627795845270156,-0.0190661717206239,0.6210451126098633,0.1180619671940803,-0.0324804782867431,0.6249547600746155,0.0929120257496833,-0.0420882999897003,0.6305381059646606,0.0694274604320526,-0.0487911477684974,0.6456729769706726,0.1657521426677703,-0.0224551763385534,0.6495870351791382,0.1133870631456375,-0.0337928831577301,0.6543436646461487,0.0812656506896019,-0.0421833805739879,0.659471869468689,0.0512080788612365,-0.0483139939606189,0.669221043586731,0.1785667091608047,-0.0272084213793277,0.6753270030021667,0.127470389008522,-0.0390775762498378,0.6801481246948242,0.0968202054500579,-0.0453674755990505,0.6837710738182068,0.0684794783592224,-0.0494492463767528,0.6914670467376709,0.1981317698955536,-0.0327346846461296,0.6973360180854797,0.1578540802001953,-0.0436448827385902,0.701109766960144,0.132084459066391,-0.0470248125493526,0.703450620174408,0.1076526865363121,-0.0488307140767574,0.724675178527832,0.7113171815872192,-0.3147291839122772,0.2088652849197387,0.7906345129013062,-0.4409392774105072,0.6596300601959229,0.2797603905200958,-0.8197115659713745,0.4716854989528656,0.7652256488800049,-0.8488261103630066,Afternoon
0.527567446231842,0.7529653310775757,1.8872056273266932e-07,0.564529299736023,0.7409067153930664,0.0108171831816434,0.6013607978820801,0.736600935459137,0.0132495611906051,0.6252063512802124,0.7427895665168762,0.0113951172679662,0.6429935693740845,0.7525550127029419,0.0090950429439544,0.620418131351471,0.7274331450462341,0.0128576392307877,0.6640851497650146,0.739784836769104,0.0064320852980017,0.6959131956100464,0.7416446805000305,-0.0002691462868824,0.7218326330184937,0.7397316694259644,-0.0055050780065357,0.6230049729347229,0.7342582941055298,0.0003087242657784,0.6693159341812134,0.7440760731697083,-0.0046322625130414,0.7029311060905457,0.7439621686935425,-0.0112042613327503,0.7324481010437012,0.740351140499115,-0.0164110232144594,0.6221401691436768,0.747677743434906,-0.0122513873502612,0.6680930852890015,0.7531296610832214,-0.0146903302520513,0.6985304355621338,0.7525314092636108,-0.0165158081799745,0.7245340347290039,0.7484838962554932,-0.0189037322998046,0.6181122064590454,0.7673239707946777,-0.024851145222783,0.6523960828781128,0.7660003900527954,-0.0258988626301288,0.6758756637573242,0.7624971866607666,-0.0245502926409244,0.6966019868850708,0.7587496042251587,-0.0240867361426353,0.6432767510414124,0.2702876925468445,2.0946350787198758e-07,0.6083827018737793,0.240406185388565,-0.0117621133103966,0.5917561650276184,0.1968742609024047,-0.0194778870791196,0.5966367125511169,0.1603143215179443,-0.0261416658759117,0.602202832698822,0.13734932243824,-0.0332178063690662,0.6199619770050049,0.1623454689979553,-0.0189048070460557,0.6215741634368896,0.1172330826520919,-0.0322235785424709,0.62590491771698,0.0918918922543525,-0.041716068983078,0.6318070888519287,0.0683287754654884,-0.0483565367758274,0.6463558077812195,0.1654174476861953,-0.0224440693855285,0.6503326892852783,0.1132613867521286,-0.0336966067552566,0.6554943323135376,0.0813319757580757,-0.0419704355299472,0.6608638763427734,0.0515624955296516,-0.0479708574712276,0.6701769828796387,0.178274855017662,-0.0273002423346042,0.6760769486427307,0.127847284078598,-0.0391013845801353,0.6812371611595154,0.0972884967923164,-0.045239794999361,0.6850929260253906,0.0687741711735725,-0.0491782277822494,0.6923986077308655,0.1978599578142166,-0.0329150855541229,0.6979027390480042,0.1574374139308929,-0.0436143986880779,0.7015849351882935,0.1315470337867736,-0.0467618480324745,0.7039204239845276,0.1069767773151397,-0.0484423898160457,0.7248169779777527,0.7126089334487915,-0.3241254389286041,0.2073588818311691,0.7904166579246521,-0.4425497055053711,0.6601223945617676,0.2807577252388,-0.8283553123474121,0.4713324904441833,0.7651304006576538,-0.8536389470100403,Afternoon
0.5226660966873169,0.751959502696991,1.755865639552212e-07,0.5638120174407959,0.743743360042572,0.0111117158085107,0.6030203700065613,0.7407641410827637,0.0131060164421796,0.6289734244346619,0.7462502121925354,0.0109353810548782,0.6493639945983887,0.7542077302932739,0.008096519857645,0.6176311373710632,0.7291828989982605,0.0102405389770865,0.6614125370979309,0.741955041885376,0.0035945761483162,0.6918785572052002,0.7441533207893372,-0.0029052915051579,0.7168337106704712,0.7428078651428223,-0.0081130405887961,0.6168966293334961,0.7350867390632629,-0.0024549490772187,0.663770854473114,0.745922327041626,-0.0077238953672349,0.6964422464370728,0.7470647692680359,-0.0141949709504842,0.7253606915473938,0.7445268630981445,-0.0194685235619545,0.6120364665985107,0.7481064796447754,-0.0149237969890236,0.6582244038581848,0.7545939683914185,-0.0179689675569534,0.6876421570777893,0.7554130554199219,-0.0195976607501506,0.7123197317123413,0.7529225945472717,-0.0220194049179554,0.6042550802230835,0.7683064341545105,-0.0272167176008224,0.635287880897522,0.7676977515220642,-0.0288744624704122,0.6568983793258667,0.7646579742431641,-0.0274596568197011,0.6755567789077759,0.7611739635467529,-0.0270555466413497,0.6443206667900085,0.2708548903465271,2.1338601641218704e-07,0.6087262034416199,0.2424421906471252,-0.0133152659982442,0.590846836566925,0.1996840238571167,-0.0218651555478572,0.5961971879005432,0.1636370122432708,-0.0291916374117136,0.6046948432922363,0.1420918852090835,-0.0369617938995361,0.6193172931671143,0.1631412208080291,-0.0203879326581954,0.6208728551864624,0.1189612969756126,-0.0348190255463123,0.6252703070640564,0.0937186479568481,-0.045326143503189,0.6312049031257629,0.0695845633745193,-0.052923310548067,0.6461445093154907,0.1651134639978408,-0.0237504299730062,0.6498151421546936,0.1140850633382797,-0.0363526232540607,0.6548424959182739,0.0824868232011795,-0.0456718206405639,0.6598147749900818,0.0516006648540496,-0.0525167472660541,0.6702805161476135,0.1775078475475311,-0.0286112986505031,0.6754791736602783,0.1283212006092071,-0.0417496860027313,0.6805475950241089,0.097891017794609,-0.0487334728240966,0.6841887831687927,0.0683138966560363,-0.0532716438174247,0.6926429271697998,0.1969555467367172,-0.0343785360455513,0.6975877285003662,0.1576823741197586,-0.0462501496076583,0.7010994553565979,0.1322783976793289,-0.0501359812915325,0.7034377455711365,0.1076224371790885,-0.0523963794112205,0.7248939871788025,0.7125027179718018,-0.3271058201789856,0.2073474675416946,0.7903802990913391,-0.4356413781642914,0.6602060198783875,0.2812512218952179,-0.8257042169570923,0.4711644649505615,0.7652289867401123,-0.8477047681808472,Afternoon
0.522598385810852,0.7517566680908203,1.786680456916656e-07,0.5620215535163879,0.7404440641403198,0.0120410779491066,0.5988519787788391,0.7370150089263916,0.0142678478732705,0.6233621835708618,0.7425127029418945,0.0120772588998079,0.642221987247467,0.7511544227600098,0.0091923847794532,0.6169601678848267,0.7270949482917786,0.0116463787853717,0.6609391570091248,0.7397851943969727,0.0052362810820341,0.6918809413909912,0.7423862814903259,-0.0010702150175347,0.7171755433082581,0.7413110136985779,-0.0061189108528196,0.6175501346588135,0.7335755228996277,-0.0015986509388312,0.6651356220245361,0.7438482046127319,-0.0066641457378864,0.6986392140388489,0.7448466420173645,-0.0128819057717919,0.7277677655220032,0.742174506187439,-0.0179161131381988,0.6139693856239319,0.7472851276397705,-0.014632262289524,0.6611690521240234,0.7528529763221741,-0.0175854414701461,0.6913360953330994,0.7539498805999756,-0.0192754566669464,0.7165495157241821,0.7516624927520752,-0.0216267667710781,0.6071193814277649,0.768388032913208,-0.0274442043155431,0.6410004496574402,0.7669733762741089,-0.0295561142265796,0.6642562747001648,0.7636573910713196,-0.0286989565938711,0.6846027970314026,0.7597127556800842,-0.0285388156771659,0.6435751914978027,0.2709829807281494,2.212146767988088e-07,0.6077320575714111,0.2423142194747924,-0.0130586102604866,0.5899591445922852,0.1986938416957855,-0.0214445106685161,0.5953181385993958,0.1619560122489929,-0.028572978451848,0.6030192971229553,0.1400936692953109,-0.0361371226608753,0.6182745695114136,0.1628705114126205,-0.0203063860535621,0.6195918917655945,0.1185574382543563,-0.0344322435557842,0.6243408918380737,0.0937664210796356,-0.0446161366999149,0.6308175325393677,0.0704165697097778,-0.051880594342947,0.6450172662734985,0.1649754047393798,-0.0235940106213092,0.6488062739372253,0.1138760149478912,-0.0358148030936718,0.6540648341178894,0.0823523476719856,-0.0448140390217304,0.6593965291976929,0.0520994961261749,-0.0513851009309291,0.6690447926521301,0.1773471534252166,-0.0283285714685916,0.6747164130210876,0.1280068457126617,-0.0411084964871406,0.6799432635307312,0.0976302921772003,-0.0479085929691791,0.6837148070335388,0.0683653876185417,-0.0523092076182365,0.6913326978683472,0.1966997981071472,-0.0339176356792449,0.696796715259552,0.1572387218475341,-0.0454624406993389,0.7005740404129028,0.1316463053226471,-0.0491541549563407,0.7029935121536255,0.1069623455405235,-0.0512639246881008,0.7248881459236145,0.7124148607254028,-0.3371217846870422,0.2071158438920974,0.7899402976036072,-0.4409571588039398,0.6603655219078064,0.2815415263175964,-0.8323166966438293,0.4708214700222015,0.7652459740638733,-0.8654694557189941,Afternoon
0.521912693977356,0.7520584464073181,1.7735318635914157e-07,0.5630375146865845,0.7409045696258545,0.0115391016006469,0.6013790965080261,0.7384636402130127,0.0137110641226172,0.6271746754646301,0.7451927065849304,0.0115776527673006,0.6473420262336731,0.7540051341056824,0.0088791260495781,0.617094874382019,0.7275518178939819,0.0122865615412592,0.6607072353363037,0.7402580380439758,0.0060560698620975,0.6911132335662842,0.7432342767715454,-0.000348477566149,0.7161573767662048,0.7427741289138794,-0.0055645196698606,0.6170161366462708,0.7340981364250183,-0.0004925715038552,0.6635838747024536,0.7450675964355469,-0.0053935768082737,0.6958615183830261,0.747040331363678,-0.0116822533309459,0.7246063351631165,0.7455590963363647,-0.0168533809483051,0.6128004193305969,0.7476769685745239,-0.0131629882380366,0.6591182351112366,0.7540306448936462,-0.0161424297839403,0.6883372068405151,0.7553530931472778,-0.0173947904258966,0.7130632996559143,0.753504753112793,-0.0194489043205976,0.6056859493255615,0.7685030698776245,-0.0256689041852951,0.6383856534957886,0.7673167586326599,-0.0275300815701484,0.6609625220298767,0.7642349004745483,-0.0261658821254968,0.6809767484664917,0.7607884407043457,-0.025692755356431,0.6438142657279968,0.2714444696903229,2.213571974607476e-07,0.6077257990837097,0.2428524494171142,-0.0131062613800168,0.5898146629333496,0.1991628259420395,-0.0215020254254341,0.5946807861328125,0.1622629910707473,-0.028620870783925,0.6014217734336853,0.1394107043743133,-0.0361596755683422,0.6187832951545715,0.1632100939750671,-0.020642165094614,0.6201794743537903,0.117815688252449,-0.0349247157573699,0.6249576807022095,0.0924890041351318,-0.0451386794447898,0.6313896775245667,0.0688648596405983,-0.0523294359445571,0.6454235911369324,0.165643960237503,-0.0238867420703172,0.6491909623146057,0.1139721274375915,-0.0362727306783199,0.6543025970458984,0.0820444002747535,-0.045290395617485,0.6593855023384094,0.0515137314796447,-0.0517877340316772,0.6693457365036011,0.1780386865139007,-0.028559548780322,0.6750256419181824,0.1282856464385986,-0.0414113663136959,0.6801541447639465,0.0976637452840805,-0.0480459928512573,0.6838134527206421,0.0682601854205131,-0.0522580556571483,0.691558837890625,0.1971890479326248,-0.034092117100954,0.6970139145851135,0.1572641283273697,-0.045655146241188,0.7007743120193481,0.1315726637840271,-0.0492079257965087,0.7031949758529663,0.1068250611424446,-0.0511502847075462,0.7248302102088928,0.7123147249221802,-0.3383838832378387,0.2069704830646515,0.7894176840782166,-0.443420261144638,0.6605707406997681,0.2816547453403473,-0.8334341049194336,0.4705527424812317,0.7652647495269775,-0.8705798983573914,Afternoon
0.5220086574554443,0.7521609663963318,1.7040458999417754e-07,0.5628139972686768,0.7410600185394287,0.0130685456097126,0.6002810001373291,0.7388030886650085,0.0158601086586713,0.6258617639541626,0.7455888986587524,0.0140303848311305,0.6456926465034485,0.7548025846481323,0.01162816490978,0.6167309880256653,0.725811779499054,0.0138316573575139,0.6607232689857483,0.7385867238044739,0.0083633605390787,0.6909574866294861,0.741879940032959,0.0025366425979882,0.7159034013748169,0.7411513328552246,-0.0022761456202715,0.6174128651618958,0.7323892116546631,0.0003942588809877,0.6642464399337769,0.7436479330062866,-0.0038032252341508,0.6964362263679504,0.7460005879402161,-0.0096650458872318,0.7247063517570496,0.7442812919616699,-0.0145537415519356,0.6140614151954651,0.746393620967865,-0.0128190061077475,0.6609981656074524,0.7526698112487793,-0.0150216398760676,0.6902720928192139,0.7542458176612854,-0.0161020681262016,0.7148776054382324,0.752382755279541,-0.018104612827301,0.6079185009002686,0.7682355642318726,-0.0257541164755821,0.6426113843917847,0.7666964530944824,-0.0269668120890855,0.6657898426055908,0.7637635469436646,-0.0254307352006435,0.6859701871871948,0.7603236436843872,-0.0248570851981639,0.642601728439331,0.2703886032104492,2.297231418424417e-07,0.6072694659233093,0.2417693585157394,-0.0135714905336499,0.5894754528999329,0.199519470334053,-0.0227067470550537,0.595055878162384,0.1640914976596832,-0.0305387359112501,0.6033377647399902,0.1427106857299804,-0.0387612245976924,0.6169824600219727,0.1628221422433853,-0.0211633536964654,0.6180645227432251,0.1186154186725616,-0.0359795056283474,0.6233161091804504,0.0937485471367836,-0.0466628856956958,0.6306020617485046,0.0702302157878875,-0.0542414635419845,0.6439459919929504,0.1650785356760025,-0.0244705770164728,0.6475173234939575,0.1140621379017829,-0.037142489105463,0.6530168652534485,0.0823587849736213,-0.0464077293872833,0.6587940454483032,0.0516498684883117,-0.0532061494886875,0.6682007312774658,0.1775605529546737,-0.0292877983301877,0.67342209815979,0.1281422525644302,-0.042371466755867,0.6787674427032471,0.0976938754320144,-0.0491149611771106,0.6828340888023376,0.0681540444493293,-0.0534960702061653,0.6907361745834351,0.1968525052070617,-0.0350352339446544,0.6955003142356873,0.1575868725776672,-0.0467813462018966,0.6989790201187134,0.1321396827697754,-0.0504269823431968,0.7013605833053589,0.1073670536279678,-0.0525076389312744,0.7246367931365967,0.7116154432296753,-0.3434381484985351,0.2069521397352218,0.7891600131988525,-0.4506421685218811,0.6608935594558716,0.2816984057426452,-0.8481286764144897,0.4698244631290436,0.7653135657310486,-0.8839553594589233,Afternoon
0.5212404727935791,0.7525331974029541,1.8733150852767722e-07,0.5633466839790344,0.7420958280563354,0.0114980330690741,0.6024543642997742,0.7402898073196411,0.013782518915832,0.6292684078216553,0.7475157380104065,0.0117732239887118,0.6499953866004944,0.7564142346382141,0.0091483648866415,0.6172524690628052,0.7274907231330872,0.0124388420954346,0.6606054306030273,0.7402174472808838,0.0060681886970996,0.6911448836326599,0.7432395219802856,-0.0008227770449593,0.716626763343811,0.7425158023834229,-0.0065021775662899,0.6165995001792908,0.7338314056396484,-0.0005012627807445,0.6630778908729553,0.7449323534965515,-0.0053962226957082,0.6953982710838318,0.747105598449707,-0.0122002093121409,0.7247442007064819,0.7453856468200684,-0.0178979560732841,0.6115394830703735,0.7472677826881409,-0.0133338319137692,0.6575142741203308,0.7539300322532654,-0.0164162945002317,0.6867321729660034,0.7561556100845337,-0.0180201213806867,0.7115972638130188,0.7550533413887024,-0.020443545654416,0.6032881140708923,0.7684234976768494,-0.0259973481297492,0.6353303790092468,0.767856776714325,-0.0277351755648851,0.6571900248527527,0.7654755711555481,-0.0262162778526544,0.6764580607414246,0.7625712156295776,-0.0257777012884616,0.6412865519523621,0.269709050655365,2.3316624719882387e-07,0.6060142517089844,0.2412691265344619,-0.0137154450640082,0.5879471898078918,0.1989554762840271,-0.023296670988202,0.5940471887588501,0.1638709604740142,-0.0315188542008399,0.6046040058135986,0.1440092623233795,-0.0402787029743194,0.6157904267311096,0.1623556613922119,-0.0226315632462501,0.6174156665802002,0.1179824620485305,-0.0377150736749172,0.6224614977836609,0.0934228524565696,-0.0485612079501152,0.6293457746505737,0.0702088698744773,-0.0562927648425102,0.6428837776184082,0.1649242043495178,-0.025995222851634,0.6464318037033081,0.113952450454235,-0.0392928346991539,0.65162193775177,0.0821316242218017,-0.0489732548594474,0.6566945314407349,0.0512247532606124,-0.0560004003345966,0.667349100112915,0.1774908900260925,-0.0307411551475524,0.6726464629173279,0.1283783763647079,-0.0443658009171485,0.6779349446296692,0.0978559628129005,-0.0515133701264858,0.6814724206924438,0.0682819783687591,-0.0560871362686157,0.6899437308311462,0.1965716481208801,-0.0363429151475429,0.694976806640625,0.1572240889072418,-0.0484166517853736,0.6986419558525085,0.1317175179719925,-0.0522201843559742,0.700949490070343,0.1071810126304626,-0.0543805658817291,0.7246220707893372,0.711024284362793,-0.3436980247497558,0.2055974900722503,0.7887051105499268,-0.4533938467502594,0.6608927249908447,0.2816113829612732,-0.8423866033554077,0.4684109687805176,0.7653072476387024,-0.887752890586853,Afternoon
0.5229247808456421,0.7527381777763367,1.979558845732754e-07,0.5646153688430786,0.7416651248931885,0.0118701793253421,0.6034822463989258,0.7397342920303345,0.0143798496574163,0.6301632523536682,0.7473669052124023,0.0124829383566975,0.6508442759513855,0.7563172578811646,0.0099364602938294,0.6179104447364807,0.7269099354743958,0.0125054819509387,0.6623421907424927,0.7398350834846497,0.006061082240194,0.6939345598220825,0.7419772148132324,-0.0006534950225614,0.7203117609024048,0.7400974035263062,-0.0060805650427937,0.6184763312339783,0.7334285974502563,-0.0007441221387125,0.666312575340271,0.7442944645881653,-0.0058648972772061,0.7005859613418579,0.7449946403503418,-0.0126166082918643,0.7311533689498901,0.7417135238647461,-0.0181153025478124,0.6147651076316833,0.7469669580459595,-0.0138455973938107,0.662492573261261,0.752875804901123,-0.0170465521514415,0.6932668685913086,0.7536085844039917,-0.0189014691859483,0.7193574905395508,0.7508979439735413,-0.0213306695222854,0.607848584651947,0.7680206298828125,-0.0267545543611049,0.6425577998161316,0.7668100595474243,-0.0288269389420747,0.6662859916687012,0.7637040019035339,-0.0277454685419797,0.6870906352996826,0.7602231502532959,-0.0274651907384395,0.6431390643119812,0.2699658274650574,2.1886050660668846e-07,0.6073615550994873,0.2418752759695053,-0.0131498863920569,0.5884897112846375,0.1991554945707321,-0.0222035162150859,0.5925899744033813,0.1622132956981659,-0.0299639198929071,0.6001056432723999,0.1393200755119323,-0.0381490364670753,0.616124153137207,0.1634298264980316,-0.021805003285408,0.6170778870582581,0.1186050027608871,-0.0365736745297908,0.6216420531272888,0.0934859961271286,-0.0471208728849887,0.6278238892555237,0.0696523189544677,-0.0546416528522968,0.6431548595428467,0.1659377962350845,-0.0252775531262159,0.6458068490028381,0.114745557308197,-0.0382900275290012,0.650725781917572,0.0827326253056526,-0.0477737449109554,0.6555147767066956,0.0514290258288383,-0.0547210276126861,0.6676005721092224,0.1782346367835998,-0.0300880689173936,0.6715848445892334,0.1292415559291839,-0.043593056499958,0.6764609813690186,0.0988496020436286,-0.0505817756056785,0.6797376275062561,0.0691595077514648,-0.0550754070281982,0.6901348829269409,0.1967491954565048,-0.0356948375701904,0.6938474774360657,0.1571827828884124,-0.0477910786867141,0.6971487402915955,0.1318224370479583,-0.0516048595309257,0.6995551586151123,0.1072083264589309,-0.0537653900682926,0.7242487072944641,0.7109564542770386,-0.3474139273166656,0.2042789459228515,0.7883864641189575,-0.4537177681922912,0.6606696248054504,0.2814802527427673,-0.8424585461616516,0.4675678610801697,0.765290379524231,-0.8865286111831665,Afternoon
0.5240411162376404,0.7520981431007385,1.9928866379359533e-07,0.5646147727966309,0.7398741245269775,0.0102328220382332,0.6047148704528809,0.7376400828361511,0.0121997091919183,0.6316831707954407,0.7458257675170898,0.0101475222036242,0.6526024341583252,0.755550742149353,0.0074530164711177,0.6200932860374451,0.7287322878837585,0.0104661528021097,0.6652378439903259,0.7408698201179504,0.0034104960504919,0.6975955367088318,0.7419261932373047,-0.0036646118387579,0.7245423197746277,0.7395464777946472,-0.0093098450452089,0.6206841468811035,0.7353824377059937,-0.0020890147425234,0.669312596321106,0.7449050545692444,-0.0077252807095646,0.704434871673584,0.7441557049751282,-0.0149221597239375,0.7355905771255493,0.7400374412536621,-0.0207937192171812,0.6173312664031982,0.748192548751831,-0.0145570551976561,0.6653837561607361,0.7532253861427307,-0.0180747341364622,0.6972517371177673,0.7527689933776855,-0.0204608459025621,0.7241326570510864,0.7491933107376099,-0.0233321823179721,0.6108847260475159,0.7674832344055176,-0.0269712656736373,0.6456336975097656,0.7660309076309204,-0.0291221905499696,0.6700689196586609,0.7628269791603088,-0.0283623225986957,0.691468358039856,0.7592989206314087,-0.0284486711025238,0.6423081159591675,0.2695431709289551,2.3819312389150587e-07,0.6062591671943665,0.2412090301513672,-0.0141766676679253,0.5881881713867188,0.1992986500263214,-0.0236770454794168,0.5926303863525391,0.1624456644058227,-0.0317362248897552,0.5985822677612305,0.1380605697631836,-0.0402203947305679,0.6154837012290955,0.1626692116260528,-0.0227154921740293,0.6165315508842468,0.1178725063800811,-0.0382272414863109,0.6211944818496704,0.092124730348587,-0.0493643023073673,0.6276072859764099,0.0675304755568504,-0.0572894103825092,0.6426759958267212,0.1653572916984558,-0.0260398592799901,0.6452714800834656,0.1146337166428566,-0.0399064682424068,0.6501322984695435,0.0823747143149375,-0.0500321127474308,0.654909610748291,0.0507381409406662,-0.0573898963630199,0.6671968698501587,0.1779349893331527,-0.0308344364166259,0.671221911907196,0.1291484236717224,-0.0453173443675041,0.6760407090187073,0.098908431828022,-0.052676185965538,0.6791484951972961,0.0691313967108726,-0.0572976283729076,0.6899105310440063,0.1969721317291259,-0.03649328276515,0.6936445236206055,0.1576773971319198,-0.0495292693376541,0.6967437863349915,0.132237046957016,-0.0537496544420719,0.6987272500991821,0.1072523668408393,-0.0561028458178043,0.7238227725028992,0.7115353941917419,-0.3578807711601257,0.2035859078168869,0.7881403565406799,-0.455601155757904,0.6603937745094299,0.2813896238803863,-0.8483503460884094,0.4665186405181885,0.7652925848960876,-0.8897186517715454,Afternoon
0.5256724953651428,0.7523930072784424,1.8542192492532197e-07,0.5650809407234192,0.7397832274436951,0.0112741701304912,0.6039820909500122,0.735950767993927,0.013108923099935,0.6297990679740906,0.741710901260376,0.0106780342757701,0.6500070095062256,0.7504568696022034,0.0074080629274249,0.6216945648193359,0.7294749617576599,0.0092795500531792,0.6674639582633972,0.7402193546295166,0.002280511893332,0.6996455192565918,0.7404523491859436,-0.0043527958914637,0.7265580892562866,0.7378957271575928,-0.0096838474273681,0.6225279569625854,0.7362176179885864,-0.0039524347521364,0.6719054579734802,0.7443758249282837,-0.0095544103533029,0.707253634929657,0.7435379028320312,-0.0162808895111084,0.7381040453910828,0.7398634552955627,-0.0218301638960838,0.6191896200180054,0.7486604452133179,-0.0168649088591337,0.6677767038345337,0.7530007362365723,-0.0200724974274635,0.7001047730445862,0.7513353228569031,-0.0225685946643352,0.7273005843162537,0.7467488050460815,-0.0258150044828653,0.6126415729522705,0.7671620845794678,-0.0295832622796297,0.6468335390090942,0.7656797766685486,-0.0316693633794784,0.6704838275909424,0.7618265748023987,-0.0309545472264289,0.69110506772995,0.7576571106910706,-0.031184634193778,0.6429139971733093,0.268959105014801,2.3182030872703765e-07,0.6067153811454773,0.2413141429424286,-0.0148223210126161,0.5884622931480408,0.199437990784645,-0.0242365505546331,0.5924007296562195,0.161975473165512,-0.032104454934597,0.5973033308982849,0.1351803541183471,-0.0403503663837909,0.6159825325012207,0.1622085273265838,-0.022631736472249,0.6165298819541931,0.1177129000425338,-0.0382687821984291,0.6207741498947144,0.0920479595661163,-0.049482587724924,0.6268575191497803,0.0673115402460098,-0.0574381873011589,0.6427502036094666,0.1644928157329559,-0.0256377235054969,0.6451808214187622,0.1138923317193985,-0.0395668968558311,0.6496871709823608,0.0820362195372581,-0.0497504547238349,0.6542904376983643,0.0507199466228485,-0.0571374148130416,0.6668767333030701,0.1769745200872421,-0.0302508287131786,0.671048641204834,0.1283387839794159,-0.0449183993041515,0.6754288673400879,0.0980776324868202,-0.0524467341601848,0.6784433722496033,0.0683652162551879,-0.0571931824088096,0.6893689632415771,0.1963476240634918,-0.0357888638973236,0.6931499242782593,0.1573539078235626,-0.04916438087821,0.696226179599762,0.1322668641805648,-0.0536693222820758,0.6981980800628662,0.1077377274632453,-0.0561915226280689,0.7238175868988037,0.7114907503128052,-0.3569033741950989,0.2033319473266601,0.7880964875221252,-0.4608604907989502,0.6601881980895996,0.2813431322574615,-0.8461084365844727,0.4659217000007629,0.765356183052063,-0.8946153521537781,Afternoon
0.5263199806213379,0.7526077628135681,1.77588233896131e-07,0.5672889351844788,0.7400982975959778,0.0117808757349848,0.6067069172859192,0.7362512946128845,0.0141868283972144,0.6325811743736267,0.7425445914268494,0.0121994754299521,0.6525627970695496,0.7509089708328247,0.0093721458688378,0.6219078302383423,0.7289155721664429,0.0103942649438977,0.6672134399414062,0.7402151823043823,0.0036779791116714,0.6989121437072754,0.7408658862113953,-0.0027408043388277,0.7254855632781982,0.7388985753059387,-0.0079539567232131,0.6226444244384766,0.7358567714691162,-0.0028577335178852,0.6716538667678833,0.7444432973861694,-0.0083506247028708,0.7063377499580383,0.7444446682929993,-0.0149270137771964,0.7366361618041992,0.7417221069335938,-0.0203099660575389,0.6191797852516174,0.7486069202423096,-0.0158344730734825,0.6676880121231079,0.7534408569335938,-0.0193446390330791,0.6992728114128113,0.7526324987411499,-0.0217866338789463,0.7256974577903748,0.7488361597061157,-0.0247864667326211,0.6127358078956604,0.7673465609550476,-0.0285505671054124,0.6468793749809265,0.7661934494972229,-0.0308981407433748,0.6702080965042114,0.7625714540481567,-0.0302342139184474,0.6903298497200012,0.7584601044654846,-0.0304121617227792,0.6427758932113647,0.2694448232650757,2.315583600420723e-07,0.6064445972442627,0.2415730506181717,-0.0152151873335242,0.5884182453155518,0.1998920440673828,-0.0247870236635208,0.5921653509140015,0.1625718772411346,-0.0327610075473785,0.5961852669715881,0.1349618136882782,-0.0411246120929718,0.6165981888771057,0.1623667776584625,-0.0231009647250175,0.6167269945144653,0.1177543252706527,-0.0392269119620323,0.6209816932678223,0.0919736251235008,-0.0508544072508811,0.6272191405296326,0.0672035440802574,-0.0590531565248966,0.6433314681053162,0.1647895872592926,-0.0259557124227285,0.645368754863739,0.1145320981740951,-0.0405543446540832,0.6497794985771179,0.0824672728776931,-0.0512309819459915,0.6545000076293945,0.0510467961430549,-0.0588762573897838,0.6674036383628845,0.1772992312908172,-0.0304479673504829,0.671202540397644,0.1288691461086273,-0.045746061950922,0.6755266189575195,0.0983909592032432,-0.0536040738224983,0.678732693195343,0.0685052052140235,-0.0584708638489246,0.6897022724151611,0.1965818405151367,-0.0358821600675582,0.6933552622795105,0.1579378396272659,-0.0497489273548126,0.6963420510292053,0.132841557264328,-0.0545366331934928,0.6984294652938843,0.1080810874700546,-0.0571929812431335,0.7238119840621948,0.7114394307136536,-0.357492059469223,0.2033337652683258,0.7879508137702942,-0.4594553112983703,0.6600618958473206,0.2812850773334503,-0.8441206216812134,0.4658297598361969,0.7654117345809937,-0.8917012214660645,Afternoon
0.7696670293807983,0.8312020301818848,6.291224394772144e-07,0.7751917839050293,0.7332600355148315,0.0054505765438079,0.7424244284629822,0.6715927124023438,0.0008490971522405,0.6978663206100464,0.6643361449241638,-0.0079690152779221,0.6621673703193665,0.6784717440605164,-0.0176078360527753,0.7561069130897522,0.6357106566429138,-0.0068452595733106,0.7520725727081299,0.5468645095825195,-0.0223807916045188,0.751495897769928,0.4970999956130981,-0.0296940747648477,0.7521883249282837,0.4568724632263183,-0.0322081334888935,0.720758318901062,0.6402547955513,-0.0172340981662273,0.6761588454246521,0.5570231676101685,-0.0300566740334033,0.6491647362709045,0.5096226930618286,-0.0354706197977066,0.6299566030502319,0.4687025249004364,-0.0370875746011734,0.6882435083389282,0.6644521951675415,-0.0269257426261901,0.6494148373603821,0.6637168526649475,-0.0391391478478908,0.6635745167732239,0.6960311532020569,-0.0411511249840259,0.6821049451828003,0.71603924036026,-0.0375360399484634,0.6588319540023804,0.6999655961990356,-0.0363858789205551,0.6434827446937561,0.7182658314704895,-0.0412811748683452,0.658350944519043,0.7446693778038025,-0.0374140590429306,0.674911618232727,0.758340060710907,-0.0314384028315544,0.0,0.0,0.0,0.0,0.0,0.0,0.0,0.0,0.0,0.0,0.0,0.0,0.0,0.0,0.0,0.0,0.0,0.0,0.0,0.0,0.0,0.0,0.0,0.0,0.0,0.0,0.0,0.0,0.0,0.0,0.0,0.0,0.0,0.0,0.0,0.0,0.0,0.0,0.0,0.0,0.0,0.0,0.0,0.0,0.0,0.0,0.0,0.0,0.0,0.0,0.0,0.0,0.0,0.0,0.0,0.0,0.0,0.0,0.0,0.0,0.0,0.0,0.0,0.0,0.0,0.0,0.0,0.0,0.0,0.0,0.0,0.0,0.0,0.0,0.0,See
0.7703402042388916,0.829393208026886,6.30508225185622e-07,0.7757408618927002,0.7314239740371704,0.0048514888621866,0.7443215847015381,0.6705581545829773,0.0003420046414248,0.7004364132881165,0.6620650291442871,-0.008371858857572,0.6644777059555054,0.6758484840393066,-0.0176444146782159,0.7567585110664368,0.6351589560508728,-0.0061101922765374,0.7522937655448914,0.5460776686668396,-0.0215312074869871,0.751635730266571,0.4961532354354858,-0.0286203846335411,0.7527276873588562,0.4550712406635284,-0.0310416556894779,0.7224873304367065,0.6376664042472839,-0.0159952826797962,0.6765259504318237,0.5560146570205688,-0.0290776137262582,0.6506530046463013,0.5079819560050964,-0.0344626158475875,0.6334154605865479,0.4649133682250976,-0.0361046977341175,0.6907559633255005,0.6589223146438599,-0.0254563130438327,0.6511810421943665,0.6618797183036804,-0.0381577126681804,0.6642981171607971,0.6937741637229919,-0.041124440729618,0.6826465129852295,0.711767315864563,-0.0381858088076114,0.6615591049194336,0.6910762786865234,-0.0347837246954441,0.645174503326416,0.71198570728302,-0.0404596403241157,0.6597633361816406,0.7393783926963806,-0.0378149338066577,0.6763325929641724,0.7530725598335266,-0.0327781438827514,0.0,0.0,0.0,0.0,0.0,0.0,0.0,0.0,0.0,0.0,0.0,0.0,0.0,0.0,0.0,0.0,0.0,0.0,0.0,0.0,0.0,0.0,0.0,0.0,0.0,0.0,0.0,0.0,0.0,0.0,0.0,0.0,0.0,0.0,0.0,0.0,0.0,0.0,0.0,0.0,0.0,0.0,0.0,0.0,0.0,0.0,0.0,0.0,0.0,0.0,0.0,0.0,0.0,0.0,0.0,0.0,0.0,0.0,0.0,0.0,0.0,0.0,0.0,0.0,0.0,0.0,0.0,0.0,0.0,0.0,0.0,0.0,0.0,0.0,0.0,See
0.7700929641723633,0.8278890252113342,6.287667702054023e-07,0.7768451571464539,0.7305495142936707,0.0047386456280946,0.7463541030883789,0.6692030429840088,0.0004393685376271,0.701768159866333,0.6603825688362122,-0.0081116864457726,0.6656308174133301,0.6741275787353516,-0.01720667257905,0.7583299279212952,0.6343553066253662,-0.0052892905659973,0.7532119750976562,0.5451712608337402,-0.0203146860003471,0.7517322897911072,0.4945810437202453,-0.0271165072917938,0.7523813843727112,0.4532616138458252,-0.0293377935886383,0.7247225046157837,0.6368604302406311,-0.0149770015850663,0.6793954968452454,0.5541896224021912,-0.0280547887086868,0.653315007686615,0.5048993229866028,-0.0334140248596668,0.6357427835464478,0.4613954424858093,-0.0349582880735397,0.6934821605682373,0.6574724316596985,-0.024336589500308,0.6531324982643127,0.6586443781852722,-0.0375794544816017,0.6656275391578674,0.6906735897064209,-0.0409950129687786,0.6837252974510193,0.7094959616661072,-0.0381033979356288,0.6642097234725952,0.6888553500175476,-0.0335061997175216,0.6472308039665222,0.7083163857460022,-0.0397872626781463,0.6612033247947693,0.7361232042312622,-0.0376761928200721,0.6773046851158142,0.7507553696632385,-0.0328821763396263,0.0,0.0,0.0,0.0,0.0,0.0,0.0,0.0,0.0,0.0,0.0,0.0,0.0,0.0,0.0,0.0,0.0,0.0,0.0,0.0,0.0,0.0,0.0,0.0,0.0,0.0,0.0,0.0,0.0,0.0,0.0,0.0,0.0,0.0,0.0,0.0,0.0,0.0,0.0,0.0,0.0,0.0,0.0,0.0,0.0,0.0,0.0,0.0,0.0,0.0,0.0,0.0,0.0,0.0,0.0,0.0,0.0,0.0,0.0,0.0,0.0,0.0,0.0,0.0,0.0,0.0,0.0,0.0,0.0,0.0,0.0,0.0,0.0,0.0,0.0,See
0.7718052268028259,0.8265486359596252,6.124709557298047e-07,0.7775155901908875,0.7293813824653625,0.0051668649539351,0.7445269823074341,0.6681331396102905,0.0008460765238851,0.6975494623184204,0.6604917049407959,-0.0075997919775545,0.6608906984329224,0.6751882433891296,-0.0166427977383136,0.7600012421607971,0.6339333653450012,-0.0059079518541693,0.753635048866272,0.5446076989173889,-0.0204735398292541,0.7517579793930054,0.4939911961555481,-0.0267745144665241,0.7519903779029846,0.4523152112960815,-0.0288574267178773,0.7260966300964355,0.6369292140007019,-0.0156978350132703,0.6811922788619995,0.553956151008606,-0.0283982083201408,0.6545898914337158,0.5059330463409424,-0.0335850045084953,0.6364025473594666,0.4637428820133209,-0.0352108776569366,0.6945645809173584,0.6580860018730164,-0.0249555185437202,0.653212308883667,0.657143771648407,-0.0375763550400733,0.6656898260116577,0.6897810697555542,-0.040713582187891,0.6837109327316284,0.7099076509475708,-0.0378747470676898,0.66532301902771,0.6898399591445923,-0.0339493043720722,0.6481301188468933,0.7077606320381165,-0.0396449938416481,0.6617032289505005,0.7348124384880066,-0.0375465899705886,0.6775084733963013,0.7493936419487,-0.0329669266939163,0.0,0.0,0.0,0.0,0.0,0.0,0.0,0.0,0.0,0.0,0.0,0.0,0.0,0.0,0.0,0.0,0.0,0.0,0.0,0.0,0.0,0.0,0.0,0.0,0.0,0.0,0.0,0.0,0.0,0.0,0.0,0.0,0.0,0.0,0.0,0.0,0.0,0.0,0.0,0.0,0.0,0.0,0.0,0.0,0.0,0.0,0.0,0.0,0.0,0.0,0.0,0.0,0.0,0.0,0.0,0.0,0.0,0.0,0.0,0.0,0.0,0.0,0.0,0.0,0.0,0.0,0.0,0.0,0.0,0.0,0.0,0.0,0.0,0.0,0.0,See
0.771831214427948,0.8270081281661987,6.126989546828554e-07,0.7774455547332764,0.7301453948020935,0.0052054058760404,0.7447638511657715,0.6687249541282654,0.0009137815213762,0.6981679201126099,0.6614615321159363,-0.0074764769524335,0.6617919206619263,0.6761684417724609,-0.0164980106055736,0.7604382634162903,0.6345236301422119,-0.0062731225043535,0.7536926865577698,0.5452104806900024,-0.0207029376178979,0.7516545057296753,0.4944643378257751,-0.0268761068582534,0.7517243027687073,0.4524733424186706,-0.0289339981973171,0.7264355421066284,0.6374012231826782,-0.0160051938146352,0.6813791990280151,0.5550716519355774,-0.0286101121455431,0.655135452747345,0.507246196269989,-0.0337858572602272,0.6372690796852112,0.4648776352405548,-0.0354442670941352,0.6948632001876831,0.6583602428436279,-0.0251391492784023,0.6535528898239136,0.6577742695808411,-0.0375236794352531,0.6661852598190308,0.6901664733886719,-0.0406760796904563,0.6841511130332947,0.7097821235656738,-0.0379691496491432,0.6655824780464172,0.6899052262306213,-0.0340060219168663,0.6485454440116882,0.7084819674491882,-0.0396450608968734,0.6625434160232544,0.7352652549743652,-0.0376629419624805,0.6785719394683838,0.7494193315505981,-0.0332066975533962,0.0,0.0,0.0,0.0,0.0,0.0,0.0,0.0,0.0,0.0,0.0,0.0,0.0,0.0,0.0,0.0,0.0,0.0,0.0,0.0,0.0,0.0,0.0,0.0,0.0,0.0,0.0,0.0,0.0,0.0,0.0,0.0,0.0,0.0,0.0,0.0,0.0,0.0,0.0,0.0,0.0,0.0,0.0,0.0,0.0,0.0,0.0,0.0,0.0,0.0,0.0,0.0,0.0,0.0,0.0,0.0,0.0,0.0,0.0,0.0,0.0,0.0,0.0,0.0,0.0,0.0,0.0,0.0,0.0,0.0,0.0,0.0,0.0,0.0,0.0,See
0.7780229449272156,0.8265660405158997,6.08255504630506e-07,0.7822611927986145,0.7298324704170227,0.0052996920421719,0.7492510080337524,0.6670581698417664,0.0010200878605246,0.7029393911361694,0.6586309671401978,-0.0075136246159672,0.6659160852432251,0.6734583377838135,-0.0165655612945556,0.7628015279769897,0.630643904209137,-0.0050158672966063,0.7551606297492981,0.5420108437538147,-0.0189872961491346,0.7524589896202087,0.4914191961288452,-0.0252739358693361,0.7522950768470764,0.4493712484836578,-0.0277183316648006,0.7290963530540466,0.633730947971344,-0.0153436940163373,0.6824235320091248,0.5526643991470337,-0.0273582637310028,0.6570075750350952,0.5054746270179749,-0.0325805433094501,0.6402632594108582,0.4621118903160095,-0.0345141440629959,0.6979307532310486,0.6554130911827087,-0.0251974966377019,0.6553154587745667,0.657676637172699,-0.0370430536568164,0.6684215068817139,0.6894541382789612,-0.040338646620512,0.6870467662811279,0.7065482139587402,-0.0382411330938339,0.668776273727417,0.6884631514549255,-0.0349019728600978,0.6502644419670105,0.7087045907974243,-0.0406280197203159,0.6645644903182983,0.7355656623840332,-0.0388070121407508,0.6808637380599976,0.7486377954483032,-0.0347631052136421,0.0,0.0,0.0,0.0,0.0,0.0,0.0,0.0,0.0,0.0,0.0,0.0,0.0,0.0,0.0,0.0,0.0,0.0,0.0,0.0,0.0,0.0,0.0,0.0,0.0,0.0,0.0,0.0,0.0,0.0,0.0,0.0,0.0,0.0,0.0,0.0,0.0,0.0,0.0,0.0,0.0,0.0,0.0,0.0,0.0,0.0,0.0,0.0,0.0,0.0,0.0,0.0,0.0,0.0,0.0,0.0,0.0,0.0,0.0,0.0,0.0,0.0,0.0,0.0,0.0,0.0,0.0,0.0,0.0,0.0,0.0,0.0,0.0,0.0,0.0,See
0.7767707705497742,0.8271535634994507,6.196561912474863e-07,0.782311737537384,0.7296702265739441,0.005108886398375,0.7508786916732788,0.6676846742630005,0.0008995938114821,0.7052983045578003,0.65857994556427,-0.0075874561443924,0.66854327917099,0.6731004118919373,-0.0165772959589958,0.7628675699234009,0.6314265131950378,-0.0055671148002147,0.7557718753814697,0.5416429042816162,-0.0200144443660974,0.7532340884208679,0.4909137487411499,-0.0261767357587814,0.7526710629463196,0.4486268162727356,-0.0282466728240251,0.7294617295265198,0.6332046985626221,-0.0155499437823891,0.6824355125427246,0.5519866347312927,-0.0278919693082571,0.6561014652252197,0.5041678547859192,-0.0328039079904556,0.6381995677947998,0.4608884751796722,-0.0343079827725887,0.6985502243041992,0.6538633108139038,-0.0251150764524936,0.6563675999641418,0.6587070226669312,-0.0376182235777378,0.6687043309211731,0.6912935376167297,-0.041112158447504,0.6865746974945068,0.7094705700874329,-0.03870764747262,0.6691672801971436,0.6860177516937256,-0.0345185995101928,0.6515347957611084,0.7090095281600952,-0.0405473411083221,0.6655131578445435,0.736828625202179,-0.0389958433806896,0.6812607049942017,0.7509362101554871,-0.0349048897624015,0.0,0.0,0.0,0.0,0.0,0.0,0.0,0.0,0.0,0.0,0.0,0.0,0.0,0.0,0.0,0.0,0.0,0.0,0.0,0.0,0.0,0.0,0.0,0.0,0.0,0.0,0.0,0.0,0.0,0.0,0.0,0.0,0.0,0.0,0.0,0.0,0.0,0.0,0.0,0.0,0.0,0.0,0.0,0.0,0.0,0.0,0.0,0.0,0.0,0.0,0.0,0.0,0.0,0.0,0.0,0.0,0.0,0.0,0.0,0.0,0.0,0.0,0.0,0.0,0.0,0.0,0.0,0.0,0.0,0.0,0.0,0.0,0.0,0.0,0.0,See
0.7769521474838257,0.8277478218078613,6.08192635809246e-07,0.7818642854690552,0.728567361831665,0.0058441199362277,0.7479012608528137,0.6662282943725586,0.0015685022808611,0.7009084820747375,0.6582902669906616,-0.007111083716154,0.6637922525405884,0.6738036870956421,-0.016315983608365,0.7626863718032837,0.6302748918533325,-0.0052600987255573,0.7540662884712219,0.5406367182731628,-0.0194569323211908,0.7511393427848816,0.490599513053894,-0.0254123862832784,0.750110924243927,0.4487029910087585,-0.0274177361279726,0.7289451956748962,0.633213460445404,-0.0156349521130323,0.6824948191642761,0.5512022376060486,-0.0277209728956222,0.6554944515228271,0.5048702955245972,-0.0326967984437942,0.6369577646255493,0.4640397131443023,-0.0342947766184806,0.6975101232528687,0.6544997692108154,-0.0254624597728252,0.6553565859794617,0.6569771766662598,-0.0375106669962406,0.6673969030380249,0.6908271312713623,-0.0407651364803314,0.6850175857543945,0.7113763093948364,-0.0382330417633056,0.6675513982772827,0.6871261596679688,-0.0350598730146884,0.6500266194343567,0.7079939246177673,-0.0404799319803714,0.663695216178894,0.735683262348175,-0.0387049876153469,0.6792002320289612,0.7505728602409363,-0.034499168395996,0.0,0.0,0.0,0.0,0.0,0.0,0.0,0.0,0.0,0.0,0.0,0.0,0.0,0.0,0.0,0.0,0.0,0.0,0.0,0.0,0.0,0.0,0.0,0.0,0.0,0.0,0.0,0.0,0.0,0.0,0.0,0.0,0.0,0.0,0.0,0.0,0.0,0.0,0.0,0.0,0.0,0.0,0.0,0.0,0.0,0.0,0.0,0.0,0.0,0.0,0.0,0.0,0.0,0.0,0.0,0.0,0.0,0.0,0.0,0.0,0.0,0.0,0.0,0.0,0.0,0.0,0.0,0.0,0.0,0.0,0.0,0.0,0.0,0.0,0.0,See
0.7768158912658691,0.8278143405914307,6.000097982905572e-07,0.7820857763290405,0.7288683652877808,0.0067856893874704,0.7486666440963745,0.6664642691612244,0.003180501749739,0.702582597732544,0.6584216952323914,-0.0049157263711094,0.6659418344497681,0.6737177968025208,-0.013651804998517,0.7624605894088745,0.6298241019248962,-0.0043289759196341,0.7551555633544922,0.5408108830451965,-0.0177185609936714,0.7519521713256836,0.4902447760105133,-0.0234733987599611,0.7503780126571655,0.4477465450763702,-0.0255008246749639,0.728345513343811,0.6327639818191528,-0.0149842388927936,0.6829303503036499,0.5511137247085571,-0.0261620506644248,0.6557852029800415,0.5045614242553711,-0.0308062583208084,0.6369845867156982,0.4632840752601623,-0.0323489494621753,0.6969121098518372,0.6545217037200928,-0.0249142181128263,0.6560348272323608,0.6567614674568176,-0.0358664840459823,0.6684229373931885,0.6895291209220886,-0.0386978574097156,0.6860679984092712,0.7089896202087402,-0.0361552648246288,0.667402446269989,0.6875479221343994,-0.0345750674605369,0.6505039930343628,0.7073965668678284,-0.0390976034104824,0.6643924117088318,0.7341315746307373,-0.0367151908576488,0.6801949739456177,0.748274564743042,-0.0322188585996627,0.0,0.0,0.0,0.0,0.0,0.0,0.0,0.0,0.0,0.0,0.0,0.0,0.0,0.0,0.0,0.0,0.0,0.0,0.0,0.0,0.0,0.0,0.0,0.0,0.0,0.0,0.0,0.0,0.0,0.0,0.0,0.0,0.0,0.0,0.0,0.0,0.0,0.0,0.0,0.0,0.0,0.0,0.0,0.0,0.0,0.0,0.0,0.0,0.0,0.0,0.0,0.0,0.0,0.0,0.0,0.0,0.0,0.0,0.0,0.0,0.0,0.0,0.0,0.0,0.0,0.0,0.0,0.0,0.0,0.0,0.0,0.0,0.0,0.0,0.0,See
0.7737207412719727,0.8283398151397705,6.086028179197456e-07,0.7778304219245911,0.7324328422546387,0.0058263321407139,0.746009886264801,0.6693642735481262,0.0018034125678241,0.7004728317260742,0.660112202167511,-0.0066595380194485,0.6646972894668579,0.6753259897232056,-0.0155813228338956,0.7583656311035156,0.6304815411567688,-0.0042050229385495,0.7474023103713989,0.5434873104095459,-0.0185941699892282,0.7454406023025513,0.493888795375824,-0.0253289509564638,0.7459786534309387,0.452006995677948,-0.0279389601200819,0.7248897552490234,0.6344321966171265,-0.0151588842272758,0.6769049763679504,0.5528863072395325,-0.0273364372551441,0.6508005857467651,0.5059347152709961,-0.0332403630018234,0.6333319544792175,0.4627061188220978,-0.0356176011264324,0.6943028569221497,0.6570134162902832,-0.025548979640007,0.6521528959274292,0.661364734172821,-0.0370292253792285,0.6658627390861511,0.6940209269523621,-0.0397192686796188,0.6851131319999695,0.7099795341491699,-0.0372498966753482,0.6656220555305481,0.690731406211853,-0.0358917266130447,0.6469107866287231,0.7120300531387329,-0.0409099571406841,0.6620965600013733,0.7389549016952515,-0.0380800627171993,0.6790494322776794,0.7504838705062866,-0.0333471894264221,0.0,0.0,0.0,0.0,0.0,0.0,0.0,0.0,0.0,0.0,0.0,0.0,0.0,0.0,0.0,0.0,0.0,0.0,0.0,0.0,0.0,0.0,0.0,0.0,0.0,0.0,0.0,0.0,0.0,0.0,0.0,0.0,0.0,0.0,0.0,0.0,0.0,0.0,0.0,0.0,0.0,0.0,0.0,0.0,0.0,0.0,0.0,0.0,0.0,0.0,0.0,0.0,0.0,0.0,0.0,0.0,0.0,0.0,0.0,0.0,0.0,0.0,0.0,0.0,0.0,0.0,0.0,0.0,0.0,0.0,0.0,0.0,0.0,0.0,0.0,See
0.7710099816322327,0.8287165760993958,5.888614396099001e-07,0.7763113975524902,0.730198323726654,0.0056421975605189,0.7431607842445374,0.6663297414779663,0.001749072689563,0.6963436007499695,0.657394289970398,-0.0064533771947026,0.659533679485321,0.6712669730186462,-0.0152726620435714,0.7579147815704346,0.629982054233551,-0.0048993951641023,0.748908519744873,0.5416994094848633,-0.0189066734164953,0.7462242841720581,0.4909756779670715,-0.0251588635146617,0.7457041144371033,0.4483602344989776,-0.0275633223354816,0.7240304946899414,0.6340540647506714,-0.015209618024528,0.6772696375846863,0.554290771484375,-0.0273767411708831,0.650607705116272,0.5082424879074097,-0.0327841378748416,0.6326046586036682,0.4667408168315887,-0.0348938144743442,0.6927640438079834,0.6568846702575684,-0.0249200966209173,0.6506466865539551,0.6582891941070557,-0.0371334888041019,0.6636330485343933,0.6911385655403137,-0.0402121618390083,0.6821150183677673,0.7096453905105591,-0.0377495922148227,0.6639487147331238,0.6905253529548645,-0.0344027802348136,0.6457847356796265,0.7087569236755371,-0.0402565076947212,0.6598449349403381,0.7356436252593994,-0.0381719954311847,0.675906777381897,0.7493724226951599,-0.0338009633123874,0.0,0.0,0.0,0.0,0.0,0.0,0.0,0.0,0.0,0.0,0.0,0.0,0.0,0.0,0.0,0.0,0.0,0.0,0.0,0.0,0.0,0.0,0.0,0.0,0.0,0.0,0.0,0.0,0.0,0.0,0.0,0.0,0.0,0.0,0.0,0.0,0.0,0.0,0.0,0.0,0.0,0.0,0.0,0.0,0.0,0.0,0.0,0.0,0.0,0.0,0.0,0.0,0.0,0.0,0.0,0.0,0.0,0.0,0.0,0.0,0.0,0.0,0.0,0.0,0.0,0.0,0.0,0.0,0.0,0.0,0.0,0.0,0.0,0.0,0.0,See
0.7721776962280273,0.8283898830413818,5.919077921134885e-07,0.7761844992637634,0.7305676341056824,0.0053398474119603,0.7419795393943787,0.6665839552879333,0.0011888042790815,0.694560170173645,0.6578212380409241,-0.0072746854275465,0.6578944325447083,0.6730210781097412,-0.0162695050239563,0.757202684879303,0.6299585103988647,-0.0046714614145457,0.747523844242096,0.5417118668556213,-0.0186716541647911,0.7451738119125366,0.4908846914768219,-0.0249763298779726,0.7451951503753662,0.4482507407665252,-0.027498098090291,0.7239367961883545,0.6342983245849609,-0.0150103103369474,0.6780564188957214,0.5549648404121399,-0.0270634554326534,0.6521912217140198,0.5100202560424805,-0.0324893631041049,0.6349724531173706,0.4695340394973755,-0.0346587114036083,0.6931930780410767,0.6571035385131836,-0.0248588975518941,0.6507287621498108,0.6587554812431335,-0.036839947104454,0.6634141802787781,0.6920817494392395,-0.039864107966423,0.6819913387298584,0.7107202410697937,-0.0375299118459224,0.6644683480262756,0.6908843517303467,-0.0345708653330802,0.6455655097961426,0.7099839448928833,-0.0402875021100044,0.659518301486969,0.7369881272315979,-0.0384341143071651,0.675788402557373,0.7502604722976685,-0.0343664176762104,0.0,0.0,0.0,0.0,0.0,0.0,0.0,0.0,0.0,0.0,0.0,0.0,0.0,0.0,0.0,0.0,0.0,0.0,0.0,0.0,0.0,0.0,0.0,0.0,0.0,0.0,0.0,0.0,0.0,0.0,0.0,0.0,0.0,0.0,0.0,0.0,0.0,0.0,0.0,0.0,0.0,0.0,0.0,0.0,0.0,0.0,0.0,0.0,0.0,0.0,0.0,0.0,0.0,0.0,0.0,0.0,0.0,0.0,0.0,0.0,0.0,0.0,0.0,0.0,0.0,0.0,0.0,0.0,0.0,0.0,0.0,0.0,0.0,0.0,0.0,See
0.7678577899932861,0.8263653516769409,6.152489504529512e-07,0.7731571197509766,0.7298750877380371,0.0053462395444512,0.7422106862068176,0.6682814359664917,0.0008310310658998,0.6970827579498291,0.6594062447547913,-0.0081741688773036,0.660713791847229,0.6746941208839417,-0.0178563203662633,0.7540906667709351,0.6312042474746704,-0.0055793588981032,0.7447322010993958,0.5417033433914185,-0.0199154671281576,0.741689920425415,0.490089476108551,-0.0261833947151899,0.7409502267837524,0.4466871619224548,-0.0285462737083435,0.7214614152908325,0.6344954371452332,-0.015925358980894,0.6742971539497375,0.5550183653831482,-0.0283922646194696,0.6483383774757385,0.5087522864341736,-0.033601988106966,0.63127601146698,0.4667879343032837,-0.0355370976030826,0.6913321614265442,0.6561418175697327,-0.0257610529661178,0.6473042964935303,0.6600169539451599,-0.0376728177070617,0.6596802473068237,0.693964958190918,-0.040259663015604,0.6785038113594055,0.7118719816207886,-0.0377628616988658,0.6627893447875977,0.688890814781189,-0.0355412997305393,0.6428356170654297,0.7117329239845276,-0.0413221828639507,0.6570026278495789,0.7397503852844238,-0.039314892143011,0.673820972442627,0.7524449825286865,-0.0351491570472717,0.0,0.0,0.0,0.0,0.0,0.0,0.0,0.0,0.0,0.0,0.0,0.0,0.0,0.0,0.0,0.0,0.0,0.0,0.0,0.0,0.0,0.0,0.0,0.0,0.0,0.0,0.0,0.0,0.0,0.0,0.0,0.0,0.0,0.0,0.0,0.0,0.0,0.0,0.0,0.0,0.0,0.0,0.0,0.0,0.0,0.0,0.0,0.0,0.0,0.0,0.0,0.0,0.0,0.0,0.0,0.0,0.0,0.0,0.0,0.0,0.0,0.0,0.0,0.0,0.0,0.0,0.0,0.0,0.0,0.0,0.0,0.0,0.0,0.0,0.0,See
0.7692793011665344,0.8264493942260742,5.899917709939473e-07,0.7741320729255676,0.7295329570770264,0.0065498719923198,0.7406913042068481,0.6671487092971802,0.0029840213246643,0.69370037317276,0.65877765417099,-0.0049650948494672,0.6572405695915222,0.6739186644554138,-0.0135956797748804,0.7535025477409363,0.6292533874511719,-0.004023247398436,0.7438418865203857,0.5399734377861023,-0.0169153120368719,0.7406138181686401,0.48874032497406,-0.0225014612078666,0.7395737171173096,0.4461795091629028,-0.024548452347517,0.7200533747673035,0.6345978379249573,-0.0144605347886681,0.6748345494270325,0.5553473234176636,-0.0253473948687315,0.6490445137023926,0.5108787417411804,-0.030312905088067,0.6316075921058655,0.4709285497665405,-0.0322910919785499,0.6895049810409546,0.6582457423210144,-0.0241319183260202,0.6479461193084717,0.6587503552436829,-0.0346325524151325,0.6604927778244019,0.6916294693946838,-0.0371700562536716,0.6786059737205505,0.7106731534004211,-0.0347923636436462,0.6609535217285156,0.6926235556602478,-0.0335566811263561,0.6428087949752808,0.7100968360900879,-0.0379555188119411,0.6569018363952637,0.7361505031585693,-0.0354443229734897,0.6734271049499512,0.749180018901825,-0.0310097746551036,0.0,0.0,0.0,0.0,0.0,0.0,0.0,0.0,0.0,0.0,0.0,0.0,0.0,0.0,0.0,0.0,0.0,0.0,0.0,0.0,0.0,0.0,0.0,0.0,0.0,0.0,0.0,0.0,0.0,0.0,0.0,0.0,0.0,0.0,0.0,0.0,0.0,0.0,0.0,0.0,0.0,0.0,0.0,0.0,0.0,0.0,0.0,0.0,0.0,0.0,0.0,0.0,0.0,0.0,0.0,0.0,0.0,0.0,0.0,0.0,0.0,0.0,0.0,0.0,0.0,0.0,0.0,0.0,0.0,0.0,0.0,0.0,0.0,0.0,0.0,See
0.7677752375602722,0.8265385627746582,6.041595952410717e-07,0.7731562852859497,0.7295761108398438,0.0060446877032518,0.7407292723655701,0.668297529220581,0.0022382859606295,0.6936489343643188,0.6593983173370361,-0.0058557488955557,0.6568979024887085,0.6736348867416382,-0.0145512837916612,0.753564178943634,0.6300157904624939,-0.0047039571218192,0.7434823513031006,0.5400876402854919,-0.017989806830883,0.7401595711708069,0.4884951114654541,-0.0235465634614229,0.7391182780265808,0.4452161490917206,-0.0254438500851392,0.7202734351158142,0.6345769762992859,-0.0145907253026962,0.6739817261695862,0.5558940172195435,-0.0261182803660631,0.6478767395019531,0.5104166269302368,-0.0309819336980581,0.6302489042282104,0.4693026542663574,-0.0327381864190101,0.689687192440033,0.6570876836776733,-0.0237761531025171,0.6468954682350159,0.6593473553657532,-0.0349266715347766,0.6591296195983887,0.6931203603744507,-0.0375866778194904,0.6771705150604248,0.7130588293075562,-0.0350397564470768,0.6608976125717163,0.6904787421226501,-0.0327417142689228,0.642458438873291,0.7107106447219849,-0.0378560982644557,0.656509518623352,0.7379284501075745,-0.0358959250152111,0.6729495525360107,0.7518409490585327,-0.0316570475697517,0.0,0.0,0.0,0.0,0.0,0.0,0.0,0.0,0.0,0.0,0.0,0.0,0.0,0.0,0.0,0.0,0.0,0.0,0.0,0.0,0.0,0.0,0.0,0.0,0.0,0.0,0.0,0.0,0.0,0.0,0.0,0.0,0.0,0.0,0.0,0.0,0.0,0.0,0.0,0.0,0.0,0.0,0.0,0.0,0.0,0.0,0.0,0.0,0.0,0.0,0.0,0.0,0.0,0.0,0.0,0.0,0.0,0.0,0.0,0.0,0.0,0.0,0.0,0.0,0.0,0.0,0.0,0.0,0.0,0.0,0.0,0.0,0.0,0.0,0.0,See
0.7676624655723572,0.8256406188011169,6.011076720824349e-07,0.7727360129356384,0.7288939952850342,0.0060751200653612,0.7397136092185974,0.6672072410583496,0.0023931886535137,0.6923254728317261,0.65863436460495,-0.0055841142311692,0.6556503772735596,0.6733292937278748,-0.0141488928347826,0.7528181076049805,0.6296758651733398,-0.0040184827521443,0.7432392835617065,0.5399471521377563,-0.0171645544469356,0.7402448058128357,0.4886420369148254,-0.0227337796241045,0.7395715117454529,0.445959985256195,-0.0246507860720157,0.7195010781288147,0.6350162625312805,-0.014044196344912,0.6735873818397522,0.5555986762046814,-0.0256066881120204,0.6477153301239014,0.5104267001152039,-0.0306572876870632,0.6302843689918518,0.4695623815059662,-0.0324915200471878,0.6889433264732361,0.6580669283866882,-0.0234006121754646,0.6468411684036255,0.6585893034934998,-0.0345544256269931,0.6593500375747681,0.6919296979904175,-0.0371100194752216,0.6774136424064636,0.7114454507827759,-0.0344217307865619,0.6603657007217407,0.6916106939315796,-0.0325312465429306,0.642169177532196,0.7092452645301819,-0.0373227149248123,0.6563390493392944,0.7356137037277222,-0.0349426232278347,0.6728319525718689,0.7488366365432739,-0.0304237455129623,0.0,0.0,0.0,0.0,0.0,0.0,0.0,0.0,0.0,0.0,0.0,0.0,0.0,0.0,0.0,0.0,0.0,0.0,0.0,0.0,0.0,0.0,0.0,0.0,0.0,0.0,0.0,0.0,0.0,0.0,0.0,0.0,0.0,0.0,0.0,0.0,0.0,0.0,0.0,0.0,0.0,0.0,0.0,0.0,0.0,0.0,0.0,0.0,0.0,0.0,0.0,0.0,0.0,0.0,0.0,0.0,0.0,0.0,0.0,0.0,0.0,0.0,0.0,0.0,0.0,0.0,0.0,0.0,0.0,0.0,0.0,0.0,0.0,0.0,0.0,See
0.7700976133346558,0.8274401426315308,5.982027460049721e-07,0.7737635374069214,0.7295406460762024,0.0054501858539879,0.7385902404785156,0.6676400303840637,0.0016453106654807,0.6901317834854126,0.6591108441352844,-0.0062496224418282,0.6531800031661987,0.6733332872390747,-0.0145946322008967,0.7528241872787476,0.6307671666145325,-0.0042112553492188,0.7419881224632263,0.5415374040603638,-0.0177369266748428,0.7381742596626282,0.4903627634048462,-0.0235615633428096,0.7370044589042664,0.4479256868362427,-0.025474390015006,0.7193554639816284,0.6363351941108704,-0.0139409527182579,0.67282634973526,0.5565829277038574,-0.0259513426572084,0.6468576192855835,0.5103877186775208,-0.0312563739717006,0.6294323801994324,0.4690117239952087,-0.0329786762595176,0.6887854933738708,0.6590204238891602,-0.0231028236448764,0.647883951663971,0.6596952080726624,-0.0350254252552986,0.6600219011306763,0.6922425627708435,-0.038146361708641,0.6774541735649109,0.7125872373580933,-0.03537218272686,0.659893274307251,0.6922913193702698,-0.0320303887128829,0.6424075365066528,0.7091355919837952,-0.0371718890964984,0.6560896039009094,0.7353872060775757,-0.0349953882396221,0.6718388199806213,0.7495996356010437,-0.0303817559033632,0.0,0.0,0.0,0.0,0.0,0.0,0.0,0.0,0.0,0.0,0.0,0.0,0.0,0.0,0.0,0.0,0.0,0.0,0.0,0.0,0.0,0.0,0.0,0.0,0.0,0.0,0.0,0.0,0.0,0.0,0.0,0.0,0.0,0.0,0.0,0.0,0.0,0.0,0.0,0.0,0.0,0.0,0.0,0.0,0.0,0.0,0.0,0.0,0.0,0.0,0.0,0.0,0.0,0.0,0.0,0.0,0.0,0.0,0.0,0.0,0.0,0.0,0.0,0.0,0.0,0.0,0.0,0.0,0.0,0.0,0.0,0.0,0.0,0.0,0.0,See
0.3671636581420898,0.5698829293251038,2.726222874116502e-07,0.348133772611618,0.5424078106880188,-0.0089057842269539,0.3364320993423462,0.5055617094039917,-0.0149859357625246,0.3274433314800262,0.4766116142272949,-0.0205405186861753,0.3172506392002105,0.4546763002872467,-0.0267761796712875,0.3686420023441314,0.4674839973449707,-0.0142086800187826,0.3660991489887237,0.4248746633529663,-0.0252406224608421,0.3638730049133301,0.3972389996051788,-0.033514242619276,0.3618072271347046,0.3743858337402344,-0.0390598103404045,0.3868237733840942,0.4724588990211487,-0.01742978207767,0.4008989036083221,0.4245933592319488,-0.02606219984591,0.4108221232891083,0.3942539691925049,-0.0323768444359302,0.4181484878063202,0.3706349432468414,-0.0365562327206134,0.4010171890258789,0.4870285093784332,-0.0217246133834123,0.4202826917171478,0.4503088295459747,-0.0315923951566219,0.4304248392581939,0.4251182675361633,-0.0369592271745204,0.4377726316452026,0.4045693874359131,-0.0400021933019161,0.4106287360191345,0.5091909170150757,-0.0265540480613708,0.4306322038173675,0.4880247712135315,-0.0354779437184333,0.4422096908092499,0.4727545082569122,-0.0374681539833545,0.4508868753910064,0.459807813167572,-0.0380350016057491,0.7688028216362,0.8278275728225708,5.953717163720285e-07,0.7739051580429077,0.7302895784378052,0.0070256674662232,0.7421141862869263,0.668902575969696,0.0038732849061489,0.6970711350440979,0.6595789790153503,-0.0037660426460206,0.6608583927154541,0.6743997931480408,-0.0121282078325748,0.7533740997314453,0.6303979754447937,-0.0029985536821186,0.7415658831596375,0.5421649813652039,-0.015695696696639,0.7372981905937195,0.4914438724517822,-0.0209959298372268,0.735511839389801,0.4490839838981628,-0.0225257128477096,0.7200405597686768,0.6352789402008057,-0.0133479796350002,0.6736635565757751,0.5557615756988525,-0.0241541601717472,0.6478216052055359,0.5093377828598022,-0.0285980310291051,0.6303585767745972,0.4677253067493438,-0.0298410095274448,0.6895571351051331,0.6576598882675171,-0.0230018068104982,0.6474708318710327,0.6593419313430786,-0.0338244587182998,0.6589441895484924,0.6918836236000061,-0.0367473252117633,0.6765943169593811,0.7112303376197815,-0.034168355166912,0.6606395840644836,0.6909595727920532,-0.0323399528861045,0.6426275968551636,0.7095219492912292,-0.0369000285863876,0.6561391353607178,0.7365118861198425,-0.0345735177397728,0.6720759868621826,0.7508241534233093,-0.029996633529663,0.0,0.0,0.0,0.0,0.0,0.0,0.0,0.0,0.0,0.0,0.0,0.0,See
0.3743824362754822,0.5560505986213684,2.518861492717406e-07,0.3522478938102722,0.5261349081993103,-0.0113226128742098,0.3381816446781158,0.4873484671115875,-0.0192143637686967,0.3296903669834137,0.4545484185218811,-0.0263775344938039,0.3212665021419525,0.4286741614341736,-0.0332023054361343,0.3742374777793884,0.448901891708374,-0.0131615679711103,0.3710961937904358,0.4031074643135071,-0.0250473748892545,0.3687705099582672,0.3758045434951782,-0.0340904742479324,0.3675587773323059,0.353296160697937,-0.0394173711538314,0.3924426138401031,0.4540564715862274,-0.0146505068987607,0.4047338962554931,0.4046161770820617,-0.023354222998023,0.4156423807144165,0.3748555779457092,-0.0285691190510988,0.4257644414901733,0.3524121046066284,-0.0314167253673076,0.4065573811531067,0.4688106477260589,-0.0178437270224094,0.4250028729438782,0.4390273690223694,-0.0269824713468551,0.4342638254165649,0.4250799417495727,-0.0293003860861063,0.4410348236560821,0.4137131571769714,-0.0292958784848451,0.4174328446388244,0.490609735250473,-0.0221427083015441,0.4360122084617615,0.470128059387207,-0.0285234488546848,0.4451504647731781,0.4609037935733795,-0.0274316780269145,0.4511977434158325,0.4531162977218628,-0.0252623576670885,0.7710495591163635,0.828197717666626,5.964040497019596e-07,0.775488555431366,0.7301592230796814,0.0071646966971457,0.741659939289093,0.6678643226623535,0.0040611536242067,0.6947590112686157,0.6601456999778748,-0.0034636287018656,0.6582683324813843,0.6755953431129456,-0.0115907238796353,0.7534310817718506,0.6301292777061462,-0.0027859858237206,0.7416374683380127,0.5419179201126099,-0.015062759630382,0.73727947473526,0.4916258454322815,-0.0201581176370382,0.7352842092514038,0.4498189389705658,-0.0216671973466873,0.7195726633071899,0.635751485824585,-0.0131902983412146,0.67349773645401,0.5553408265113831,-0.023716190829873,0.6479041576385498,0.5088253021240234,-0.0284281745553016,0.6304158568382263,0.4673002958297729,-0.0299083087593317,0.6887606978416443,0.6586273908615112,-0.0227976031601429,0.6481897830963135,0.6597985625267029,-0.0331261791288852,0.6606576442718506,0.6915338039398193,-0.0362020097672939,0.6783156394958496,0.7105564475059509,-0.0338029488921165,0.6597034335136414,0.6922988891601562,-0.0320690721273422,0.6429990530014038,0.709723711013794,-0.036128707230091,0.6571388244628906,0.7357767820358276,-0.033712949603796,0.6731240749359131,0.7497254014015198,-0.029130432754755,0.0,0.0,0.0,0.0,0.0,0.0,0.0,0.0,0.0,0.0,0.0,0.0,See
0.373570442199707,0.5565037131309509,2.2460356774445245e-07,0.353227287530899,0.5268396735191345,-0.0122645674273371,0.3380661606788635,0.4887179732322693,-0.0204401612281799,0.3292390406131744,0.4564249515533447,-0.0279531292617321,0.3225076794624328,0.4296770393848419,-0.0350746177136898,0.3738379776477813,0.4500236213207245,-0.0142622580751776,0.3716480433940887,0.4035886824131012,-0.0267232619225978,0.3695638179779053,0.3748611211776733,-0.0359886549413204,0.3691670000553131,0.3513914346694946,-0.0416732840240001,0.391889214515686,0.4547732174396515,-0.0157974604517221,0.4044102430343628,0.4055340588092804,-0.0254119597375392,0.4156336784362793,0.3752925097942352,-0.0311861988157033,0.4258377254009247,0.352791279554367,-0.0344941467046737,0.4062002003192901,0.4688009321689605,-0.0191656462848186,0.4241698682308197,0.4386230409145355,-0.0294307433068752,0.4335345029830932,0.4248040020465851,-0.0322084948420524,0.4399542212486267,0.4139378666877746,-0.0324542820453643,0.4174153506755829,0.489620178937912,-0.0237538814544677,0.4363238513469696,0.4697943925857544,-0.0313783548772335,0.4465571343898773,0.4600454866886139,-0.0312306899577379,0.4535399675369262,0.4519429802894592,-0.0297404583543539,0.770058274269104,0.8286477327346802,5.991840339447663e-07,0.7749870419502258,0.7306406497955322,0.0080257188528776,0.7423815131187439,0.6688775420188904,0.0051252990961074,0.6968993544578552,0.6607760190963745,-0.0024103452451527,0.6606546640396118,0.6758072972297668,-0.010603099130094,0.7535558938980103,0.6298316121101379,-0.0023253257386386,0.7410178184509277,0.541892409324646,-0.0144868046045303,0.737018883228302,0.4916319549083709,-0.0194962657988071,0.7354835867881775,0.449914813041687,-0.0208517890423536,0.7195266485214233,0.634881854057312,-0.0131395123898983,0.6727499961853027,0.5543965101242065,-0.0233111064881086,0.6471055150032043,0.5066398978233337,-0.0278571117669343,0.6297625303268433,0.4642487466335296,-0.0292993187904357,0.6886801719665527,0.6576473116874695,-0.0230767205357551,0.647950291633606,0.6591874361038208,-0.0329528339207172,0.6600589752197266,0.6911541223526001,-0.0359953790903091,0.6776549816131592,0.7103347778320312,-0.0337020307779312,0.6598983407020569,0.6910398602485657,-0.0326346792280674,0.6434116959571838,0.709100604057312,-0.03643199801445,0.6573789119720459,0.7356016039848328,-0.0339732430875301,0.67320716381073,0.7500137090682983,-0.029407063499093,0.0,0.0,0.0,0.0,0.0,0.0,0.0,0.0,0.0,0.0,0.0,0.0,See
0.578829288482666,0.555072009563446,4.53127967148248e-07,0.5866503715515137,0.4941718578338623,0.003634728025645,0.5707041621208191,0.4502576887607574,0.0006425807951018,0.5461470484733582,0.4422837793827057,-0.0046809241175651,0.5247758626937866,0.4481067657470703,-0.0107595389708876,0.5740822553634644,0.4263912439346313,-0.007347198203206,0.5723035931587219,0.3643679022789001,-0.0177046600729227,0.5723084211349487,0.3276204466819763,-0.0228302720934152,0.572184681892395,0.2978100180625915,-0.0244313944131135,0.5513430237770081,0.4322443604469299,-0.0138244116678833,0.5323469042778015,0.3713350594043731,-0.0229079741984605,0.5212675929069519,0.3345375955104828,-0.0266933143138885,0.5123739838600159,0.3048771023750305,-0.0276414323598146,0.5305379629135132,0.4489369094371795,-0.019342103973031,0.5139235854148865,0.4359325468540191,-0.0267609898000955,0.5219921469688416,0.4534678757190704,-0.0257533118128776,0.5305925607681274,0.4687286615371704,-0.0214728191494941,0.5123100280761719,0.4712935090065002,-0.0246583428233861,0.5064669847488403,0.4633710384368896,-0.0254530441015958,0.5146369338035583,0.4775508344173431,-0.019289843738079,0.5219535231590271,0.4896023869514465,-0.0128121674060821,0.0,0.0,0.0,0.0,0.0,0.0,0.0,0.0,0.0,0.0,0.0,0.0,0.0,0.0,0.0,0.0,0.0,0.0,0.0,0.0,0.0,0.0,0.0,0.0,0.0,0.0,0.0,0.0,0.0,0.0,0.0,0.0,0.0,0.0,0.0,0.0,0.0,0.0,0.0,0.0,0.0,0.0,0.0,0.0,0.0,0.0,0.0,0.0,0.0,0.0,0.0,0.0,0.0,0.0,0.0,0.0,0.0,0.0,0.0,0.0,0.0,0.0,0.0,0.6981695294380188,0.9470242261886596,-0.5775597095489502,0.2367707788944244,0.9716042280197144,-0.0870134159922599,0.574198842048645,0.5502681732177734,-1.2051513195037842,0.2731060683727264,1.2948720455169678,-0.474844366312027,See
0.5781223177909851,0.5547380447387695,4.427948567808926e-07,0.5865947008132935,0.4943632185459137,0.0042497008107602,0.5716065764427185,0.4504976272583008,0.001684146001935,0.5476670861244202,0.4416246712207794,-0.00324576953426,0.5265329480171204,0.4468111395835876,-0.008934136480093,0.5738682746887207,0.4265359938144684,-0.0069319270551204,0.5719680786132812,0.3645548820495605,-0.0166230387985706,0.5719058513641357,0.3282741904258728,-0.0211429633200168,0.5719178318977356,0.2991819977760315,-0.0222761034965515,0.55092853307724,0.432325929403305,-0.0133814057335257,0.5323078632354736,0.371237963438034,-0.0216915588825941,0.5211091637611389,0.3344687819480896,-0.0249691866338253,0.5122387409210205,0.3054714202880859,-0.0255907345563173,0.5300425887107849,0.4489489197731018,-0.0187533162534236,0.5146924257278442,0.4354840517044067,-0.0253812298178672,0.5231028199195862,0.4525930881500244,-0.0242272354662418,0.5317705273628235,0.4680897891521454,-0.0199668407440185,0.5118805766105652,0.4712147414684295,-0.0238488167524337,0.5070137977600098,0.46297287940979,-0.0240591131150722,0.5152796506881714,0.4769147336483001,-0.0177206378430128,0.5225070714950562,0.4893938899040222,-0.011127938516438,0.0,0.0,0.0,0.0,0.0,0.0,0.0,0.0,0.0,0.0,0.0,0.0,0.0,0.0,0.0,0.0,0.0,0.0,0.0,0.0,0.0,0.0,0.0,0.0,0.0,0.0,0.0,0.0,0.0,0.0,0.0,0.0,0.0,0.0,0.0,0.0,0.0,0.0,0.0,0.0,0.0,0.0,0.0,0.0,0.0,0.0,0.0,0.0,0.0,0.0,0.0,0.0,0.0,0.0,0.0,0.0,0.0,0.0,0.0,0.0,0.0,0.0,0.0,0.698127806186676,0.9462963342666626,-0.5749204754829407,0.2369793653488159,0.9712390899658204,-0.0926207229495048,0.5742332935333252,0.549616813659668,-1.2020050287246704,0.2704606652259826,1.2931084632873535,-0.4872583448886871,See
0.5775350332260132,0.5531028509140015,4.483587758841168e-07,0.5862420797348022,0.492955595254898,0.0034414196852594,0.5715322494506836,0.4489674270153045,0.0004474633897189,0.5477567315101624,0.4392269849777221,-0.0047382237389683,0.5265234708786011,0.4439506232738495,-0.0106404377147555,0.5733949542045593,0.4251531660556793,-0.0077359471470117,0.5717472434043884,0.3630104064941406,-0.017687264829874,0.5718885064125061,0.3266233503818512,-0.0224475916475057,0.5718623995780945,0.29750856757164,-0.0236673709005117,0.5505480170249939,0.4312756359577179,-0.0138874044641852,0.5314808487892151,0.3705905675888061,-0.0225178953260183,0.5207176208496094,0.3334124386310577,-0.0258777178823947,0.5120588541030884,0.3041709661483764,-0.0264818221330642,0.5297382473945618,0.4478331506252289,-0.0190224107354879,0.5144111514091492,0.4342570602893829,-0.0259477421641349,0.5228127837181091,0.450894683599472,-0.0246556997299194,0.5312828421592712,0.4664417505264282,-0.0201734248548746,0.5114502310752869,0.4697169363498688,-0.0239523295313119,0.5060391426086426,0.4598288536071777,-0.0242359265685081,0.5140135288238525,0.4736542403697967,-0.017549879848957,0.5210159420967102,0.4864933788776397,-0.0106311123818159,0.0,0.0,0.0,0.0,0.0,0.0,0.0,0.0,0.0,0.0,0.0,0.0,0.0,0.0,0.0,0.0,0.0,0.0,0.0,0.0,0.0,0.0,0.0,0.0,0.0,0.0,0.0,0.0,0.0,0.0,0.0,0.0,0.0,0.0,0.0,0.0,0.0,0.0,0.0,0.0,0.0,0.0,0.0,0.0,0.0,0.0,0.0,0.0,0.0,0.0,0.0,0.0,0.0,0.0,0.0,0.0,0.0,0.0,0.0,0.0,0.0,0.0,0.0,0.6979254484176636,0.945964515209198,-0.5751644968986511,0.2370315492153167,0.9690406322479248,-0.1001941785216331,0.5742365121841431,0.5493317246437073,-1.204095721244812,0.2698816359043121,1.2883586883544922,-0.517952561378479,See
0.5772931575775146,0.5522263050079346,4.499468388985406e-07,0.5859724283218384,0.4924415051937103,0.0032634281087666,0.5707734823226929,0.4489849209785461,0.0001314337714575,0.5464521050453186,0.4402224123477936,-0.0052282148972153,0.5249614119529724,0.4455320239067077,-0.0113052669912576,0.573161780834198,0.4250562191009521,-0.0076340562663972,0.5714313387870789,0.3631652295589447,-0.0178391505032777,0.5714783668518066,0.3269363343715668,-0.0228505246341228,0.5714665055274963,0.2979087829589844,-0.0242665223777294,0.5503107905387878,0.4312762916088104,-0.0138409668579697,0.5314096212387085,0.3704008460044861,-0.0228441096842288,0.5203143358230591,0.3328921198844909,-0.0264978446066379,0.5113453269004822,0.3031668663024902,-0.0273126251995563,0.5294548869132996,0.4478422403335571,-0.0190895237028598,0.5140594840049744,0.4332199394702911,-0.0264608431607484,0.5224114656448364,0.450017362833023,-0.0252014212310314,0.5308583378791809,0.4657837450504303,-0.0206594709306955,0.5111500024795532,0.4697441458702087,-0.0241526123136281,0.5060222148895264,0.4591951072216034,-0.0248455740511417,0.5140350461006165,0.4729855954647064,-0.0182334352284669,0.5211060047149658,0.4858599901199341,-0.0113228950649499,0.0,0.0,0.0,0.0,0.0,0.0,0.0,0.0,0.0,0.0,0.0,0.0,0.0,0.0,0.0,0.0,0.0,0.0,0.0,0.0,0.0,0.0,0.0,0.0,0.0,0.0,0.0,0.0,0.0,0.0,0.0,0.0,0.0,0.0,0.0,0.0,0.0,0.0,0.0,0.0,0.0,0.0,0.0,0.0,0.0,0.0,0.0,0.0,0.0,0.0,0.0,0.0,0.0,0.0,0.0,0.0,0.0,0.0,0.0,0.0,0.0,0.0,0.0,0.6976346969604492,0.9456464648246764,-0.587718665599823,0.2370667904615402,0.9679734110832214,-0.1096343994140625,0.5743217468261719,0.5487855672836304,-1.2259728908538818,0.2700244784355163,1.287965178489685,-0.5520106554031372,See
0.5769217610359192,0.5513637661933899,4.511063593781728e-07,0.585789680480957,0.4917550683021545,0.0032157141249626,0.5708286762237549,0.4484707117080688,8.146923937601969e-05,0.5467252135276794,0.4394088387489319,-0.0052554234862327,0.525424599647522,0.4445744156837463,-0.0113226417452096,0.5730478763580322,0.4243313372135162,-0.0078234579414129,0.5714306235313416,0.362452358007431,-0.0180480331182479,0.5715450048446655,0.3262748718261719,-0.0230485722422599,0.5715154409408569,0.2972965836524963,-0.0244191586971282,0.5500012040138245,0.4305964410305023,-0.014024163596332,0.5311638116836548,0.3700692355632782,-0.0230233464390039,0.5201706290245056,0.3327351808547973,-0.0266204457730054,0.5112954378128052,0.3032776415348053,-0.0273271817713975,0.5290313363075256,0.4472920298576355,-0.0192582085728645,0.5145554542541504,0.433537095785141,-0.0265791621059179,0.5229180455207825,0.4503658711910248,-0.0252960957586765,0.5312281250953674,0.4661935865879059,-0.0207020584493875,0.5105849504470825,0.4693596959114074,-0.0243110973387956,0.5060790777206421,0.4593664109706878,-0.0248172543942928,0.513922393321991,0.4733186960220337,-0.0180895887315273,0.5206977128982544,0.4863410592079162,-0.0110844299197196,0.0,0.0,0.0,0.0,0.0,0.0,0.0,0.0,0.0,0.0,0.0,0.0,0.0,0.0,0.0,0.0,0.0,0.0,0.0,0.0,0.0,0.0,0.0,0.0,0.0,0.0,0.0,0.0,0.0,0.0,0.0,0.0,0.0,0.0,0.0,0.0,0.0,0.0,0.0,0.0,0.0,0.0,0.0,0.0,0.0,0.0,0.0,0.0,0.0,0.0,0.0,0.0,0.0,0.0,0.0,0.0,0.0,0.0,0.0,0.0,0.0,0.0,0.0,0.697516679763794,0.9454988837242126,-0.5783373713493347,0.2371447384357452,0.9675703644752502,-0.1162704825401306,0.574545681476593,0.5483464598655701,-1.2030086517333984,0.2723346352577209,1.2882033586502075,-0.5593690276145935,See
0.5784467458724976,0.5514672994613647,4.4529915044222445e-07,0.5864108204841614,0.4919100105762481,0.0033594372216612,0.570992112159729,0.4484078288078308,0.0002904490684159,0.5467473268508911,0.4397360384464264,-0.0051062265411019,0.5254164338111877,0.4447202384471893,-0.0112522868439555,0.5732719302177429,0.4238083958625793,-0.0072898683138191,0.5715490579605103,0.3623983561992645,-0.0175282433629035,0.5714064240455627,0.3260210156440735,-0.0226706825196743,0.5712006688117981,0.2968785464763641,-0.0242533013224601,0.5505967736244202,0.4304137229919433,-0.0137178180739283,0.5317443013191223,0.3704217672348022,-0.022710183635354,0.5206763744354248,0.3334956169128418,-0.0265510566532611,0.5118809342384338,0.3038720488548279,-0.0275385323911905,0.5300019979476929,0.4474901556968689,-0.0192151796072721,0.5146686434745789,0.4340558350086212,-0.0267578270286321,0.5229331254959106,0.4514157474040985,-0.0257950685918331,0.5315014719963074,0.4669983386993408,-0.0214970409870147,0.5120066404342651,0.4700740873813629,-0.0245142634958028,0.5068799257278442,0.4611786305904388,-0.0256238356232643,0.5149580240249634,0.4753150641918182,-0.0194596964865922,0.5221564769744873,0.487843781709671,-0.0128593696281313,0.0,0.0,0.0,0.0,0.0,0.0,0.0,0.0,0.0,0.0,0.0,0.0,0.0,0.0,0.0,0.0,0.0,0.0,0.0,0.0,0.0,0.0,0.0,0.0,0.0,0.0,0.0,0.0,0.0,0.0,0.0,0.0,0.0,0.0,0.0,0.0,0.0,0.0,0.0,0.0,0.0,0.0,0.0,0.0,0.0,0.0,0.0,0.0,0.0,0.0,0.0,0.0,0.0,0.0,0.0,0.0,0.0,0.0,0.0,0.0,0.0,0.0,0.0,0.6977718472480774,0.9455348253250122,-0.5762161016464233,0.2371465414762497,0.9690290689468384,-0.116356074810028,0.5754812955856323,0.5484117269515991,-1.1984121799468994,0.2702777981758117,1.3065245151519775,-0.5364282131195068,See
0.5786667466163635,0.5509288311004639,4.44015540779219e-07,0.5868702530860901,0.4910673201084137,0.0039859791286289,0.5721719264984131,0.4478650987148285,0.0011371837463229,0.5491164326667786,0.4384633004665375,-0.0040796035900712,0.5282287001609802,0.4430916607379913,-0.0100970705971121,0.5734104514122009,0.4231100678443908,-0.007274204865098,0.5715687870979309,0.3621143698692322,-0.0171325374394655,0.5713868141174316,0.3259086310863495,-0.0220522861927747,0.5710395574569702,0.2967448830604553,-0.0235255397856235,0.5505334734916687,0.4296404421329498,-0.0138215310871601,0.5317019820213318,0.3700276017189026,-0.0223954338580369,0.5207300186157227,0.3330585956573486,-0.0259030777961015,0.5119493007659912,0.303569346666336,-0.0267490446567535,0.5298429727554321,0.4469193816184997,-0.0192976370453834,0.5148709416389465,0.4334251284599304,-0.0262258872389793,0.5233622789382935,0.4504733681678772,-0.0247915666550397,0.5320072174072266,0.4661205112934112,-0.0203327760100364,0.5119771957397461,0.4697950184345245,-0.0245361346751451,0.5070303678512573,0.4603629112243652,-0.0249922089278697,0.5152604579925537,0.4740256667137146,-0.0183336865156888,0.5225419402122498,0.4864702820777893,-0.0114711131900548,0.0,0.0,0.0,0.0,0.0,0.0,0.0,0.0,0.0,0.0,0.0,0.0,0.0,0.0,0.0,0.0,0.0,0.0,0.0,0.0,0.0,0.0,0.0,0.0,0.0,0.0,0.0,0.0,0.0,0.0,0.0,0.0,0.0,0.0,0.0,0.0,0.0,0.0,0.0,0.0,0.0,0.0,0.0,0.0,0.0,0.0,0.0,0.0,0.0,0.0,0.0,0.0,0.0,0.0,0.0,0.0,0.0,0.0,0.0,0.0,0.0,0.0,0.0,0.6980103254318237,0.9455382823944092,-0.5734609961509705,0.2370759546756744,0.9699710607528688,-0.1184702068567276,0.5765764117240906,0.5488035082817078,-1.1964293718338013,0.2679653167724609,1.314611554145813,-0.5321927070617676,See
0.5799166560173035,0.5514669418334961,4.50107791039045e-07,0.5876941084861755,0.4916478097438812,0.0037404547911137,0.5717735290527344,0.448663055896759,0.0010809140512719,0.5471096634864807,0.4409894347190857,-0.003934065811336,0.5257997512817383,0.4468717873096466,-0.0096631851047277,0.5738054513931274,0.4241198301315307,-0.0069401557557284,0.5721754431724548,0.361981987953186,-0.0166981574147939,0.5719617009162903,0.3258205950260162,-0.0212719347327947,0.5717734694480896,0.296872615814209,-0.0224669314920902,0.5507158637046814,0.42990443110466,-0.013248692266643,0.5320456027984619,0.3703766465187073,-0.021710367873311,0.5208349823951721,0.3338497281074524,-0.0252488646656274,0.5121128559112549,0.3047373592853546,-0.0260073896497488,0.5299211740493774,0.4466795027256012,-0.0185850039124488,0.5156124234199524,0.4363101422786712,-0.0253864768892526,0.5244808793067932,0.4534622430801391,-0.0246962215751409,0.5335492491722107,0.4685834944248199,-0.0207160823047161,0.5118861794471741,0.4692107141017914,-0.0237230639904737,0.5077829360961914,0.4645062983036041,-0.02427214756608,0.516359806060791,0.4783348739147186,-0.0185910947620868,0.5239068865776062,0.4901905059814453,-0.0124139869585633,0.0,0.0,0.0,0.0,0.0,0.0,0.0,0.0,0.0,0.0,0.0,0.0,0.0,0.0,0.0,0.0,0.0,0.0,0.0,0.0,0.0,0.0,0.0,0.0,0.0,0.0,0.0,0.0,0.0,0.0,0.0,0.0,0.0,0.0,0.0,0.0,0.0,0.0,0.0,0.0,0.0,0.0,0.0,0.0,0.0,0.0,0.0,0.0,0.0,0.0,0.0,0.0,0.0,0.0,0.0,0.0,0.0,0.0,0.0,0.0,0.0,0.0,0.0,0.6979354619979858,0.9454630613327026,-0.5750478506088257,0.2375403642654419,0.9724732041358948,-0.1259172111749649,0.5779791474342346,0.5488496422767639,-1.2194249629974363,0.2656597793102264,1.3198707103729248,-0.5359286069869995,See
0.5806715488433838,0.5522670149803162,4.557291788387374e-07,0.5883712768554688,0.4919761419296264,0.0031772556249052,0.5720309019088745,0.4484353363513946,0.0001448320108465,0.5469608902931213,0.4407148063182831,-0.0051581393927335,0.52558434009552,0.4466962218284607,-0.0111923869699239,0.5747078061103821,0.424752801656723,-0.0076272198930382,0.5729331374168396,0.361946552991867,-0.017869422212243,0.572796106338501,0.325018435716629,-0.0229284241795539,0.5725361704826355,0.2950944304466247,-0.0245042163878679,0.5519937872886658,0.4310040175914764,-0.013728174380958,0.5334665179252625,0.3714284300804138,-0.0229807943105697,0.5222375988960266,0.3346506655216217,-0.0269691161811351,0.5133219361305237,0.3053677082061767,-0.0280644260346889,0.5312649607658386,0.4477704167366028,-0.0188724137842655,0.5166391134262085,0.4349023103713989,-0.0261994376778602,0.5252966284751892,0.4520318210124969,-0.0251076091080904,0.5339869260787964,0.4675193428993225,-0.0208003725856542,0.5134053826332092,0.4699099063873291,-0.02387186139822,0.5090270042419434,0.4618706405162811,-0.0246496386826038,0.5175724029541016,0.4756154716014862,-0.0185781791806221,0.5249384045600891,0.4878655672073364,-0.012133939191699,0.0,0.0,0.0,0.0,0.0,0.0,0.0,0.0,0.0,0.0,0.0,0.0,0.0,0.0,0.0,0.0,0.0,0.0,0.0,0.0,0.0,0.0,0.0,0.0,0.0,0.0,0.0,0.0,0.0,0.0,0.0,0.0,0.0,0.0,0.0,0.0,0.0,0.0,0.0,0.0,0.0,0.0,0.0,0.0,0.0,0.0,0.0,0.0,0.0,0.0,0.0,0.0,0.0,0.0,0.0,0.0,0.0,0.0,0.0,0.0,0.0,0.0,0.0,0.6978957653045654,0.9447939991950988,-0.5699654817581177,0.2405101954936981,0.9777359366416932,-0.1425996273756027,0.5797715783119202,0.5488884449005127,-1.2266114950180054,0.2658666372299194,1.3224917650222778,-0.5472607612609863,See
0.5807117223739624,0.5510186553001404,4.510771134391689e-07,0.5881490111351013,0.4911459684371948,0.0032476482447236,0.5723184943199158,0.4484056830406189,0.0001310722873313,0.5480836629867554,0.4409354329109192,-0.0052744522690773,0.5270342826843262,0.4473879039287567,-0.0114601757377386,0.5750345587730408,0.4243671000003814,-0.0074694445356726,0.5730791091918945,0.3625140190124511,-0.017642131075263,0.5728378295898438,0.3261066079139709,-0.0227701663970947,0.5722927451133728,0.2968206405639648,-0.0243463851511478,0.552387535572052,0.4307458996772766,-0.0137656927108764,0.5338716506958008,0.3707266449928283,-0.0225191116333007,0.5229740738868713,0.3343170881271362,-0.026211803779006,0.5140340924263,0.3052507638931274,-0.0271174367517232,0.5319987535476685,0.447624146938324,-0.0191328711807727,0.517052412033081,0.4351643323898315,-0.0260836109519004,0.5253996849060059,0.451902687549591,-0.0249220244586467,0.5338897705078125,0.4669626653194427,-0.0206334069371223,0.514151394367218,0.469899833202362,-0.0243734940886497,0.509177565574646,0.4611801207065582,-0.0246311258524656,0.5171352028846741,0.4745022654533386,-0.0181493908166885,0.5241868495941162,0.4863724410533905,-0.0115117440000176,0.0,0.0,0.0,0.0,0.0,0.0,0.0,0.0,0.0,0.0,0.0,0.0,0.0,0.0,0.0,0.0,0.0,0.0,0.0,0.0,0.0,0.0,0.0,0.0,0.0,0.0,0.0,0.0,0.0,0.0,0.0,0.0,0.0,0.0,0.0,0.0,0.0,0.0,0.0,0.0,0.0,0.0,0.0,0.0,0.0,0.0,0.0,0.0,0.0,0.0,0.0,0.0,0.0,0.0,0.0,0.0,0.0,0.0,0.0,0.0,0.0,0.0,0.0,0.6979036927223206,0.944141149520874,-0.5615426301956177,0.2424978017807006,0.9804108738899232,-0.1461664140224456,0.5809149742126465,0.548910915851593,-1.2305896282196045,0.2659383416175842,1.3228458166122437,-0.5474435687065125,See
0.5814820528030396,0.551392674446106,4.574606862206565e-07,0.5888210535049438,0.4915298223495483,0.0029622945003211,0.5722954273223877,0.4484753608703613,-0.0001736448466544,0.5473700165748596,0.4418369233608246,-0.0055856704711914,0.5260217189788818,0.449052482843399,-0.0117466123774647,0.5753518342971802,0.4244652390480041,-0.0071202176623046,0.5733873248100281,0.3628822863101959,-0.0174571219831705,0.5732106566429138,0.3264649510383606,-0.0227118507027626,0.5729415416717529,0.2971248626708984,-0.0243692304939031,0.5526641011238098,0.4307829439640045,-0.0133895799517631,0.5337595343589783,0.370518296957016,-0.0223922561854124,0.5226223468780518,0.3340156078338623,-0.0262727253139019,0.5136837959289551,0.3047032356262207,-0.0272432938218116,0.5321474075317383,0.4477134048938751,-0.0188291724771261,0.516438364982605,0.4350193738937378,-0.0263407696038484,0.5248401761054993,0.4522694945335388,-0.0254272874444723,0.5334411263465881,0.467492938041687,-0.0211192723363637,0.5141639709472656,0.4702085256576538,-0.0241358373314142,0.5086169838905334,0.4610911905765533,-0.0248649064451456,0.5168032646179199,0.4748076498508453,-0.0185046568512916,0.5239631533622742,0.4868451058864593,-0.0118701206520199,0.0,0.0,0.0,0.0,0.0,0.0,0.0,0.0,0.0,0.0,0.0,0.0,0.0,0.0,0.0,0.0,0.0,0.0,0.0,0.0,0.0,0.0,0.0,0.0,0.0,0.0,0.0,0.0,0.0,0.0,0.0,0.0,0.0,0.0,0.0,0.0,0.0,0.0,0.0,0.0,0.0,0.0,0.0,0.0,0.0,0.0,0.0,0.0,0.0,0.0,0.0,0.0,0.0,0.0,0.0,0.0,0.0,0.0,0.0,0.0,0.0,0.0,0.0,0.6981300115585327,0.943664014339447,-0.5616414546966553,0.2434134036302566,0.981100618839264,-0.1446481198072433,0.5815538167953491,0.5490671992301941,-1.2326242923736572,0.2661053836345672,1.3220770359039309,-0.5473036170005798,See
0.5826073288917542,0.5520183444023132,4.623139204795734e-07,0.5894908308982849,0.4917342066764831,0.0028637773357331,0.572405219078064,0.4478247761726379,-0.0004514420288614,0.5472515225410461,0.4408555030822754,-0.0059753097593784,0.5257619023323059,0.4475976526737213,-0.0122334063053131,0.5758275389671326,0.4243989884853363,-0.0078197680413723,0.5741043090820312,0.3622395396232605,-0.0184883959591388,0.5740574598312378,0.325550764799118,-0.0239272434264421,0.5738993287086487,0.2957423329353332,-0.0257053300738334,0.553381621837616,0.4309501647949219,-0.0140255121514201,0.534372866153717,0.3710214793682098,-0.0236315764486789,0.5234823226928711,0.3340658843517303,-0.0276977997273206,0.5146610736846924,0.3041518628597259,-0.0287775974720716,0.5328771471977234,0.448012113571167,-0.0193458776921033,0.5166237354278564,0.4350401163101196,-0.027100084349513,0.5253487229347229,0.4522299766540527,-0.0258518327027559,0.534030556678772,0.4674863517284393,-0.0213148687034845,0.5150600075721741,0.4705179333686828,-0.0245461426675319,0.5090546011924744,0.46086585521698,-0.0253418553620576,0.5175348520278931,0.4747070074081421,-0.0187665224075317,0.5248698592185974,0.4868084788322449,-0.011996547691524,0.0,0.0,0.0,0.0,0.0,0.0,0.0,0.0,0.0,0.0,0.0,0.0,0.0,0.0,0.0,0.0,0.0,0.0,0.0,0.0,0.0,0.0,0.0,0.0,0.0,0.0,0.0,0.0,0.0,0.0,0.0,0.0,0.0,0.0,0.0,0.0,0.0,0.0,0.0,0.0,0.0,0.0,0.0,0.0,0.0,0.0,0.0,0.0,0.0,0.0,0.0,0.0,0.0,0.0,0.0,0.0,0.0,0.0,0.0,0.0,0.0,0.0,0.0,0.6988040208816528,0.9427404999732972,-0.5619247555732727,0.2441186606884002,0.9810908436775208,-0.1423154026269912,0.5817834138870239,0.5490908026695251,-1.2414931058883667,0.2677653729915619,1.320494294166565,-0.5423541069030762,See
0.5819263458251953,0.550724983215332,4.577286176754569e-07,0.5896595120429993,0.4903980791568756,0.0034221475943922,0.5740083456039429,0.4469598531723022,0.000563001318369,0.5499099493026733,0.4386870265007019,-0.0045094527304172,0.5288978219032288,0.4445430934429168,-0.0103132557123899,0.5756423473358154,0.4232751131057739,-0.0075076874345541,0.5739434361457825,0.3612905442714691,-0.0175658408552408,0.5738934278488159,0.3247624635696411,-0.0224681738764047,0.5735301375389099,0.2955223023891449,-0.0237962640821933,0.5529561638832092,0.4294331669807434,-0.0136842876672744,0.5345553159713745,0.369610995054245,-0.0223156251013278,0.5238503813743591,0.3328921198844909,-0.0256923008710145,0.5151057243347168,0.3038772344589233,-0.0262997727841138,0.5324687957763672,0.4464491903781891,-0.0188946947455406,0.5178611278533936,0.4346979856491089,-0.0255729984492063,0.5264770984649658,0.4513702392578125,-0.0240653958171606,0.5351176261901855,0.4664722383022308,-0.0195086505264043,0.5145204663276672,0.4691866636276245,-0.0239578299224376,0.5096307992935181,0.4607362151145935,-0.0238345619291067,0.5178521871566772,0.474210262298584,-0.0170037522912025,0.524918258190155,0.4862295985221863,-0.0100958487018942,0.0,0.0,0.0,0.0,0.0,0.0,0.0,0.0,0.0,0.0,0.0,0.0,0.0,0.0,0.0,0.0,0.0,0.0,0.0,0.0,0.0,0.0,0.0,0.0,0.0,0.0,0.0,0.0,0.0,0.0,0.0,0.0,0.0,0.0,0.0,0.0,0.0,0.0,0.0,0.0,0.0,0.0,0.0,0.0,0.0,0.0,0.0,0.0,0.0,0.0,0.0,0.0,0.0,0.0,0.0,0.0,0.0,0.0,0.0,0.0,0.0,0.0,0.0,0.6993390917778015,0.9417657852172852,-0.5740258097648621,0.2445140331983566,0.9811275601387024,-0.1414595544338226,0.5818994641304016,0.5491546988487244,-1.276159405708313,0.2687623500823974,1.3198150396347046,-0.5418974161148071,See
0.5817617177963257,0.551313042640686,4.522701999576384e-07,0.5898329615592957,0.4918361902236938,0.0031447918154299,0.5740156769752502,0.4486627876758575,1.1279333193670029e-05,0.5495110154151917,0.4405216574668884,-0.0053521306253969,0.5281974673271179,0.446202665567398,-0.0114319287240505,0.5763550996780396,0.424566239118576,-0.0080404477193951,0.574591338634491,0.3618982434272766,-0.01834487169981,0.5743079781532288,0.3252520263195038,-0.0233204420655965,0.5739121437072754,0.2956455945968628,-0.0247434359043836,0.5536231994628906,0.430686205625534,-0.0142002664506435,0.5345427989959717,0.3706400990486145,-0.023388847708702,0.5232152938842773,0.3339792490005493,-0.0271382872015237,0.5142139792442322,0.3047853708267212,-0.0279605705291032,0.5329012274742126,0.4474270939826965,-0.019384866580367,0.5178689360618591,0.4354441463947296,-0.0267188847064971,0.5267174243927002,0.4526100158691406,-0.0255855415016412,0.5355890393257141,0.4679855704307556,-0.0211764462292194,0.5147916078567505,0.469533234834671,-0.0244164112955331,0.5099408030509949,0.4615866541862488,-0.0250498764216899,0.5184345245361328,0.4755519926548004,-0.0187248643487691,0.5257120132446289,0.4879324734210968,-0.012071437202394,0.0,0.0,0.0,0.0,0.0,0.0,0.0,0.0,0.0,0.0,0.0,0.0,0.0,0.0,0.0,0.0,0.0,0.0,0.0,0.0,0.0,0.0,0.0,0.0,0.0,0.0,0.0,0.0,0.0,0.0,0.0,0.0,0.0,0.0,0.0,0.0,0.0,0.0,0.0,0.0,0.0,0.0,0.0,0.0,0.0,0.0,0.0,0.0,0.0,0.0,0.0,0.0,0.0,0.0,0.0,0.0,0.0,0.0,0.0,0.0,0.0,0.0,0.0,0.6998834013938904,0.9405001401901244,-0.5749179124832153,0.2445166409015655,0.9810667037963868,-0.1146425381302833,0.5820038318634033,0.5490910410881042,-1.268280029296875,0.2682170569896698,1.3190571069717407,-0.5081532001495361,See
0.5817892551422119,0.5516652464866638,4.455553721527394e-07,0.589853823184967,0.4923288822174072,0.0033650626428425,0.5744196176528931,0.4492893517017364,0.0004141299868933,0.5502659678459167,0.4409914910793304,-0.0048383469693362,0.5290877819061279,0.4467357099056244,-0.0108272284269332,0.5764594674110413,0.4246354401111603,-0.0071444613859057,0.5747617483139038,0.3626686036586761,-0.0172033086419105,0.5746173858642578,0.3261660933494568,-0.0222235806286335,0.574355959892273,0.2968375980854034,-0.0237029381096363,0.553813099861145,0.4308750033378601,-0.0134464232251048,0.5349528789520264,0.3710603713989258,-0.0222399476915597,0.5238196849822998,0.3346677422523498,-0.0258916672319173,0.5149475336074829,0.3056129217147827,-0.0267090313136577,0.5332865118980408,0.4477400481700897,-0.0188140273094177,0.5182337164878845,0.4350222945213318,-0.0258746519684791,0.5267525315284729,0.4519449472427368,-0.0246417764574289,0.5353916883468628,0.4672720432281494,-0.0202456731349229,0.5153196454048157,0.4701888263225555,-0.0240288339555263,0.5101836919784546,0.4613946676254272,-0.0244530513882637,0.5183238983154297,0.4751088619232178,-0.0178811214864254,0.5253862142562866,0.4874793291091919,-0.0110952798277139,0.0,0.0,0.0,0.0,0.0,0.0,0.0,0.0,0.0,0.0,0.0,0.0,0.0,0.0,0.0,0.0,0.0,0.0,0.0,0.0,0.0,0.0,0.0,0.0,0.0,0.0,0.0,0.0,0.0,0.0,0.0,0.0,0.0,0.0,0.0,0.0,0.0,0.0,0.0,0.0,0.0,0.0,0.0,0.0,0.0,0.0,0.0,0.0,0.0,0.0,0.0,0.0,0.0,0.0,0.0,0.0,0.0,0.0,0.0,0.0,0.0,0.0,0.0,0.7002139091491699,0.9399354457855223,-0.5798482298851013,0.2445127069950103,0.9807632565498352,-0.1075907498598098,0.5820120573043823,0.5490759611129761,-1.2809083461761477,0.2682205140590668,1.3163681030273438,-0.5042663216590881,See
0.5816584825515747,0.5512934923171997,4.449081529855903e-07,0.5897731184959412,0.4924507141113281,0.0032852643635123,0.5744370222091675,0.4487369954586029,0.0003830617351923,0.5499545931816101,0.4398708939552307,-0.0047401846386492,0.5286786556243896,0.4448594450950622,-0.0105510773137211,0.5763716697692871,0.4245184957981109,-0.0076065962202847,0.5737617611885071,0.3631704151630401,-0.0177935361862182,0.5735862255096436,0.3267269730567932,-0.0227606575936079,0.5736947059631348,0.2976019084453583,-0.0241378620266914,0.5537467002868652,0.430651992559433,-0.0137893464416265,0.5339445471763611,0.3714052140712738,-0.0227464530616998,0.5227528214454651,0.3344137072563171,-0.026510028168559,0.514162003993988,0.3046350479125976,-0.027386961504817,0.5332518219947815,0.4474293291568756,-0.0189827010035514,0.5175769329071045,0.4357820451259613,-0.0261836126446723,0.5260791778564453,0.452742725610733,-0.0251503121107816,0.5349754691123962,0.4676688015460968,-0.0208885315805673,0.5153746604919434,0.4699153900146484,-0.0239955093711614,0.5098439455032349,0.4630900025367737,-0.0246054101735353,0.518119215965271,0.4770512878894806,-0.0183059405535459,0.5254929661750793,0.4890433847904205,-0.0116993663832545,0.0,0.0,0.0,0.0,0.0,0.0,0.0,0.0,0.0,0.0,0.0,0.0,0.0,0.0,0.0,0.0,0.0,0.0,0.0,0.0,0.0,0.0,0.0,0.0,0.0,0.0,0.0,0.0,0.0,0.0,0.0,0.0,0.0,0.0,0.0,0.0,0.0,0.0,0.0,0.0,0.0,0.0,0.0,0.0,0.0,0.0,0.0,0.0,0.0,0.0,0.0,0.0,0.0,0.0,0.0,0.0,0.0,0.0,0.0,0.0,0.0,0.0,0.0,0.7002537250518799,0.9398619532585144,-0.5824692845344543,0.2443892061710357,0.9801250696182252,-0.1044715791940689,0.5820525884628296,0.549187958240509,-1.2804421186447144,0.2681792378425598,1.3115153312683103,-0.500519871711731,See
0.5812041759490967,0.5512596964836121,4.464469895992807e-07,0.5890591740608215,0.4921548962593078,0.0036482033319771,0.573509693145752,0.4487489461898803,0.0007823628257028,0.5494240522384644,0.4404414892196655,-0.0044284490868449,0.5282209515571594,0.4460634291172027,-0.0104044787585735,0.5758995413780212,0.4239135980606079,-0.0072674173861742,0.5740976929664612,0.3632761538028717,-0.0173661857843399,0.5739185810089111,0.3271635770797729,-0.0223324503749609,0.5737568140029907,0.2982137203216553,-0.0238203480839729,0.5532612204551697,0.4300001263618469,-0.013820556923747,0.533942699432373,0.3708277940750122,-0.0227667838335037,0.5226598978042603,0.3342286348342895,-0.026518952101469,0.5136434435844421,0.3044762015342712,-0.0274047516286373,0.5327889323234558,0.4472059309482574,-0.0193620566278696,0.5159352421760559,0.4360035359859466,-0.0266897045075893,0.5244806408882141,0.4532984793186188,-0.0256637129932642,0.5335639119148254,0.4680325984954834,-0.021414142102003,0.5150071382522583,0.4703428149223327,-0.0246955975890159,0.5088533163070679,0.4640710353851318,-0.0254794750362634,0.5172988772392273,0.4780286252498626,-0.0192140992730855,0.5250372886657715,0.4894924461841583,-0.0126435924321413,0.0,0.0,0.0,0.0,0.0,0.0,0.0,0.0,0.0,0.0,0.0,0.0,0.0,0.0,0.0,0.0,0.0,0.0,0.0,0.0,0.0,0.0,0.0,0.0,0.0,0.0,0.0,0.0,0.0,0.0,0.0,0.0,0.0,0.0,0.0,0.0,0.0,0.0,0.0,0.0,0.0,0.0,0.0,0.0,0.0,0.0,0.0,0.0,0.0,0.0,0.0,0.0,0.0,0.0,0.0,0.0,0.0,0.0,0.0,0.0,0.0,0.0,0.0,0.7003021240234375,0.9397923946380616,-0.5869026780128479,0.2441869974136352,0.9800775051116944,-0.1058232933282852,0.582064151763916,0.5492222309112549,-1.2879101037979126,0.2681402266025543,1.3114635944366455,-0.5020439028739929,See
0.5807251930236816,0.5508580803871155,4.4897186057824e-07,0.5886518955230713,0.4907189309597015,0.0031429526861757,0.5729053020477295,0.4471873939037323,0.0002093065995723,0.5483763813972473,0.4384516477584839,-0.0049286913126707,0.527135968208313,0.4439650475978851,-0.0107918139547109,0.575467050075531,0.4241429269313812,-0.0073454002849757,0.57330721616745,0.3627505004405975,-0.017405692487955,0.5729556679725647,0.3266176581382751,-0.0223721247166395,0.5725712180137634,0.2975565493106842,-0.0237676464021205,0.552676796913147,0.4305288195610046,-0.0134599609300494,0.5332552790641785,0.3710210919380188,-0.0224938448518514,0.521795928478241,0.3339548707008362,-0.026383401826024,0.5126452445983887,0.3041654825210571,-0.0272714048624038,0.5319728851318359,0.4472321569919586,-0.0186094865202903,0.5172663331031799,0.4349279403686523,-0.0259046778082847,0.5258117318153381,0.4514875411987304,-0.0250435881316661,0.5344163179397583,0.4665152132511139,-0.0207656156271696,0.5138576030731201,0.4694107174873352,-0.0235888231545686,0.5094069242477417,0.4616503715515136,-0.024134587496519,0.517490804195404,0.4753805994987488,-0.0178293101489543,0.524609386920929,0.4875706732273102,-0.0111539559438824,0.0,0.0,0.0,0.0,0.0,0.0,0.0,0.0,0.0,0.0,0.0,0.0,0.0,0.0,0.0,0.0,0.0,0.0,0.0,0.0,0.0,0.0,0.0,0.0,0.0,0.0,0.0,0.0,0.0,0.0,0.0,0.0,0.0,0.0,0.0,0.0,0.0,0.0,0.0,0.0,0.0,0.0,0.0,0.0,0.0,0.0,0.0,0.0,0.0,0.0,0.0,0.0,0.0,0.0,0.0,0.0,0.0,0.0,0.0,0.0,0.0,0.0,0.0,0.7003785967826843,0.9398021697998048,-0.5965205430984497,0.2437665164470672,0.979953110218048,-0.1061962470412254,0.5821056962013245,0.549205482006073,-1.2869458198547363,0.2671852707862854,1.309408187866211,-0.5047107338905334,See
0.5805225968360901,0.5505244135856628,4.483462703319674e-07,0.5883967280387878,0.4907862544059753,0.0031420139130204,0.5727043151855469,0.4472826719284057,0.0001889001723611,0.5483407974243164,0.4384492337703705,-0.0049337325617671,0.5271490812301636,0.443772405385971,-0.0107863042503595,0.5749785304069519,0.4242944717407226,-0.0076367105357348,0.5726416110992432,0.3627398908138275,-0.0178338252007961,0.5723085999488831,0.3264375925064087,-0.0228761862963438,0.5721081495285034,0.297415018081665,-0.024262337014079,0.5523853302001953,0.4308094084262848,-0.0137176793068647,0.5327997207641602,0.3712217211723327,-0.0228086523711681,0.521360456943512,0.3338238894939422,-0.0266711823642253,0.5123866200447083,0.303873211145401,-0.0275620184838771,0.5318272709846497,0.447604238986969,-0.0188169106841087,0.5170183777809143,0.4343769252300262,-0.0260443296283483,0.5255413055419922,0.450566291809082,-0.0249807499349117,0.5341953039169312,0.4654699862003326,-0.0206083450466394,0.5137926936149597,0.4698263108730316,-0.0237449593842029,0.5088576674461365,0.461142897605896,-0.0242233015596866,0.5168546438217163,0.4745685756206512,-0.0177245568484067,0.5238843560218811,0.4866927564144134,-0.0109257632866501,0.0,0.0,0.0,0.0,0.0,0.0,0.0,0.0,0.0,0.0,0.0,0.0,0.0,0.0,0.0,0.0,0.0,0.0,0.0,0.0,0.0,0.0,0.0,0.0,0.0,0.0,0.0,0.0,0.0,0.0,0.0,0.0,0.0,0.0,0.0,0.0,0.0,0.0,0.0,0.0,0.0,0.0,0.0,0.0,0.0,0.0,0.0,0.0,0.0,0.0,0.0,0.0,0.0,0.0,0.0,0.0,0.0,0.0,0.0,0.0,0.0,0.0,0.0,0.700461208820343,0.939784288406372,-0.5981682538986206,0.2435251772403717,0.9798822999000548,-0.1051967367529869,0.5821666717529297,0.5491179823875427,-1.2839831113815308,0.2666876912117004,1.3081930875778198,-0.5030784606933594,See
0.5797715187072754,0.5503432154655457,4.5331637466006214e-07,0.5880335569381714,0.490466296672821,0.0028809048235416,0.572534441947937,0.4468118846416473,-0.0001813693088479,0.5481745600700378,0.4375097155570984,-0.0053774351254105,0.5269314646720886,0.4425625503063202,-0.0112694399431347,0.5743246078491211,0.4239698648452759,-0.0079677030444145,0.5728337168693542,0.361933946609497,-0.0182077828794717,0.572489321231842,0.3255568146705627,-0.0232056714594364,0.5720312595367432,0.296396255493164,-0.0245640352368354,0.5515403151512146,0.4305543601512909,-0.0139946639537811,0.5326144099235535,0.3708512485027313,-0.0233661532402038,0.5215654373168945,0.3331608176231384,-0.0271964948624372,0.5127354264259338,0.3030566573143005,-0.027970490977168,0.5309823751449585,0.4473881721496582,-0.0190643109381198,0.5170771479606628,0.4342244863510132,-0.0266433469951152,0.5259243845939636,0.4503147900104522,-0.0255329180508852,0.5345749855041504,0.465399831533432,-0.020987220108509,0.5130606889724731,0.4695068597793579,-0.02397932857275,0.5087576508522034,0.460351288318634,-0.0245917979627847,0.5169476866722107,0.4735734462738037,-0.0180567987263202,0.5239714980125427,0.4857197403907776,-0.0111855501309037,0.0,0.0,0.0,0.0,0.0,0.0,0.0,0.0,0.0,0.0,0.0,0.0,0.0,0.0,0.0,0.0,0.0,0.0,0.0,0.0,0.0,0.0,0.0,0.0,0.0,0.0,0.0,0.0,0.0,0.0,0.0,0.0,0.0,0.0,0.0,0.0,0.0,0.0,0.0,0.0,0.0,0.0,0.0,0.0,0.0,0.0,0.0,0.0,0.0,0.0,0.0,0.0,0.0,0.0,0.0,0.0,0.0,0.0,0.0,0.0,0.0,0.0,0.0,0.7005276083946228,0.9397565126419068,-0.6072649955749512,0.2430870532989502,0.9797649383544922,-0.1027885228395462,0.5822300910949707,0.5490957498550415,-1.3057663440704346,0.2656096518039703,1.306557297706604,-0.5010881423950195,See
0.5531043410301208,0.6068460941314697,2.049815321925053e-07,0.5704516172409058,0.5481554865837097,-0.0062739164568483,0.5582937598228455,0.4940536618232727,-0.0146131832152605,0.5339505672454834,0.4621022939682007,-0.019427053630352,0.5094456672668457,0.4505916833877563,-0.0243570748716592,0.5588538646697998,0.5116231441497803,-0.037158153951168,0.552725613117218,0.4581039249897003,-0.0519827418029308,0.5508131980895996,0.4189278483390808,-0.0598878972232341,0.547533392906189,0.3876295387744903,-0.0645389854907989,0.5328329205513,0.5279160737991333,-0.0383513197302818,0.5024438500404358,0.4523739516735077,-0.0519563518464565,0.5167266726493835,0.4530775845050812,-0.0506070852279663,0.5310090780258179,0.4721294641494751,-0.0478458516299724,0.5096965432167053,0.5418790578842163,-0.0375035442411899,0.4893072247505188,0.4722776114940643,-0.0459833815693855,0.5064758062362671,0.4758598804473877,-0.0365627259016037,0.5176696181297302,0.4945991337299347,-0.0288333985954523,0.493118405342102,0.5531801581382751,-0.036756906658411,0.4856997430324554,0.4983274638652801,-0.0412389747798442,0.5011402368545532,0.5019891262054443,-0.0336919985711574,0.5092501640319824,0.5181456208229065,-0.0276215467602014,0.0,0.0,0.0,0.0,0.0,0.0,0.0,0.0,0.0,0.0,0.0,0.0,0.0,0.0,0.0,0.0,0.0,0.0,0.0,0.0,0.0,0.0,0.0,0.0,0.0,0.0,0.0,0.0,0.0,0.0,0.0,0.0,0.0,0.0,0.0,0.0,0.0,0.0,0.0,0.0,0.0,0.0,0.0,0.0,0.0,0.0,0.0,0.0,0.0,0.0,0.0,0.0,0.0,0.0,0.0,0.0,0.0,0.0,0.0,0.0,0.0,0.0,0.0,0.6883448362350464,0.8991404175758362,-0.5621770620346069,0.2708815932273865,0.909453511238098,0.0001832851412473,0.564601719379425,0.5911840200424194,-1.2928560972213743,0.2475383579730987,1.1457690000534058,-0.3934939801692962,You
0.5531446933746338,0.6070019602775574,2.041753077719477e-07,0.5707941055297852,0.5481037497520447,-0.0061619328334927,0.5587672591209412,0.4936951398849487,-0.0144578106701374,0.5342944860458374,0.4616426825523376,-0.0191581044346094,0.5097033381462097,0.4505099058151245,-0.0240136180073022,0.5591895580291748,0.5118112564086914,-0.0376687198877334,0.5525349974632263,0.4584673047065735,-0.0525686517357826,0.5504738688468933,0.4193080961704254,-0.0605030730366706,0.5470680594444275,0.3879542052745819,-0.0651878491044044,0.5330280661582947,0.5280404686927795,-0.0388371534645557,0.5026221871376038,0.4520687460899353,-0.0524108409881591,0.5171670913696289,0.4524338543415069,-0.0509907901287078,0.5316111445426941,0.471374899148941,-0.0482095070183277,0.5097474455833435,0.5418368577957153,-0.0379139259457588,0.4894006252288818,0.4718027710914612,-0.046264961361885,0.5068852305412292,0.4748340547084808,-0.0369435809552669,0.5182743072509766,0.4933966398239136,-0.0293324291706085,0.4930963814258575,0.5530036687850952,-0.0370652228593826,0.4858408570289612,0.4980279803276062,-0.0414797291159629,0.5015725493431091,0.5011066794395447,-0.0340619534254074,0.5098452568054199,0.516829788684845,-0.0281267501413822,0.0,0.0,0.0,0.0,0.0,0.0,0.0,0.0,0.0,0.0,0.0,0.0,0.0,0.0,0.0,0.0,0.0,0.0,0.0,0.0,0.0,0.0,0.0,0.0,0.0,0.0,0.0,0.0,0.0,0.0,0.0,0.0,0.0,0.0,0.0,0.0,0.0,0.0,0.0,0.0,0.0,0.0,0.0,0.0,0.0,0.0,0.0,0.0,0.0,0.0,0.0,0.0,0.0,0.0,0.0,0.0,0.0,0.0,0.0,0.0,0.0,0.0,0.0,0.6884108185768127,0.8991174101829529,-0.5633689761161804,0.2710481286048889,0.909641683101654,0.0149697912856936,0.564933180809021,0.5912313461303711,-1.2962886095046997,0.2485044449567794,1.1459933519363403,-0.3701640963554382,You
0.5533658266067505,0.6061388850212097,2.0216852192334045e-07,0.5709326267242432,0.5468242764472961,-0.0062230960465967,0.5587443709373474,0.4922859966754913,-0.0143726002424955,0.5344213247299194,0.4603352546691894,-0.0188938919454813,0.5101948976516724,0.4489588439464569,-0.0235424786806106,0.5590326189994812,0.5115402936935425,-0.0376376919448375,0.5523681044578552,0.4583582282066345,-0.0524105690419673,0.550165593624115,0.4192977845668793,-0.060230366885662,0.5467167496681213,0.38782599568367,-0.0648946613073349,0.5329588651657104,0.5278199911117554,-0.0388292148709297,0.5026222467422485,0.4518301486968994,-0.052169669419527,0.5170438885688782,0.4523111283779144,-0.0506605803966522,0.5312786102294922,0.4710219204425812,-0.0479543805122375,0.5097754001617432,0.5417119860649109,-0.0379543676972389,0.4893523156642914,0.4718391597270965,-0.0462684147059917,0.5069014430046082,0.4750342667102813,-0.0369507037103176,0.5182163119316101,0.4934893250465393,-0.0294190719723701,0.4933063387870788,0.5530760884284973,-0.0371679328382015,0.485957533121109,0.4979090094566345,-0.0416074469685554,0.5017959475517273,0.5010092854499817,-0.034216396510601,0.5099796056747437,0.5168136358261108,-0.0283716898411512,0.0,0.0,0.0,0.0,0.0,0.0,0.0,0.0,0.0,0.0,0.0,0.0,0.0,0.0,0.0,0.0,0.0,0.0,0.0,0.0,0.0,0.0,0.0,0.0,0.0,0.0,0.0,0.0,0.0,0.0,0.0,0.0,0.0,0.0,0.0,0.0,0.0,0.0,0.0,0.0,0.0,0.0,0.0,0.0,0.0,0.0,0.0,0.0,0.0,0.0,0.0,0.0,0.0,0.0,0.0,0.0,0.0,0.0,0.0,0.0,0.0,0.0,0.0,0.6885250806808472,0.8990910649299622,-0.5684205889701843,0.2711626291275024,0.9097737669944764,0.0312764011323452,0.5655069947242737,0.5912603139877319,-1.317746877670288,0.2487436980009079,1.1468294858932495,-0.3456471562385559,You
0.5529984831809998,0.6060535311698914,2.019938420971812e-07,0.5704522728919983,0.5474944114685059,-0.0064988546073436,0.5583100318908691,0.4929788112640381,-0.014983132481575,0.5341043472290039,0.4614637792110443,-0.0197870843112468,0.5099600553512573,0.450290322303772,-0.0247286558151245,0.5586351752281189,0.5117079019546509,-0.0385217443108558,0.5516159534454346,0.4579226970672607,-0.0536004081368446,0.5497503280639648,0.4190406501293182,-0.0613863356411457,0.5466760396957397,0.387591004371643,-0.0659220144152641,0.5326966643333435,0.5281985998153687,-0.0396556891500949,0.5024254322052002,0.451610803604126,-0.0532542914152145,0.5166826248168945,0.4532003998756408,-0.0515369847416877,0.5305963158607483,0.47247514128685,-0.0485922507941722,0.5096545219421387,0.5421973466873169,-0.0387162454426288,0.4893476963043213,0.4721222519874573,-0.0471886359155178,0.5066317319869995,0.4763830304145813,-0.0374495759606361,0.5175588130950928,0.4952057898044586,-0.0295767001807689,0.4932555854320526,0.553667426109314,-0.037888903170824,0.4857067465782165,0.4981582164764404,-0.0423694290220737,0.5013526082038879,0.5020759105682373,-0.0346560031175613,0.5092916488647461,0.5184306502342224,-0.0285617262125015,0.0,0.0,0.0,0.0,0.0,0.0,0.0,0.0,0.0,0.0,0.0,0.0,0.0,0.0,0.0,0.0,0.0,0.0,0.0,0.0,0.0,0.0,0.0,0.0,0.0,0.0,0.0,0.0,0.0,0.0,0.0,0.0,0.0,0.0,0.0,0.0,0.0,0.0,0.0,0.0,0.0,0.0,0.0,0.0,0.0,0.0,0.0,0.0,0.0,0.0,0.0,0.0,0.0,0.0,0.0,0.0,0.0,0.0,0.0,0.0,0.0,0.0,0.0,0.6885812878608704,0.8987494111061096,-0.5731399059295654,0.2712956666946411,0.9097917079925536,0.0595960244536399,0.5662619471549988,0.5912769436836243,-1.3168911933898926,0.2485917508602142,1.1467746496200562,-0.30048468708992,You
0.5529763698577881,0.6058181524276733,1.96410013586501e-07,0.5704381465911865,0.5461136102676392,-0.0071521713398396,0.5577574372291565,0.4904663860797882,-0.0155672244727611,0.5332013368606567,0.4584368765354156,-0.0203717313706874,0.5089152455329895,0.4480888545513153,-0.0252200029790401,0.5581529140472412,0.5112168192863464,-0.0367534905672073,0.5516330003738403,0.4576964974403381,-0.051483042538166,0.549675464630127,0.4190877079963684,-0.0590098798274993,0.5465618371963501,0.3877335786819458,-0.0634285807609558,0.5322710275650024,0.52763831615448,-0.0377566590905189,0.502379298210144,0.4514467418193817,-0.051999557763338,0.516389012336731,0.4547252953052521,-0.0507967732846736,0.5300336480140686,0.4753002524375915,-0.047822032123804,0.5093474388122559,0.5416144728660583,-0.03687185049057,0.4894026517868042,0.4725343286991119,-0.0462716110050678,0.5065156817436218,0.4782469868659973,-0.0369320176541805,0.5171950459480286,0.4978538453578949,-0.0288811642676591,0.4927641749382019,0.5531492233276367,-0.0361573994159698,0.4856471717357635,0.4983850121498108,-0.0411066375672817,0.5011561512947083,0.5033542513847351,-0.0336568132042884,0.5087763667106628,0.5203683972358704,-0.0275874957442283,0.0,0.0,0.0,0.0,0.0,0.0,0.0,0.0,0.0,0.0,0.0,0.0,0.0,0.0,0.0,0.0,0.0,0.0,0.0,0.0,0.0,0.0,0.0,0.0,0.0,0.0,0.0,0.0,0.0,0.0,0.0,0.0,0.0,0.0,0.0,0.0,0.0,0.0,0.0,0.0,0.0,0.0,0.0,0.0,0.0,0.0,0.0,0.0,0.0,0.0,0.0,0.0,0.0,0.0,0.0,0.0,0.0,0.0,0.0,0.0,0.0,0.0,0.0,0.6887984871864319,0.8984318971633911,-0.5811320543289185,0.2715188264846802,0.9098145961761476,0.0579734817147254,0.5674644112586975,0.5914100408554077,-1.330788016319275,0.2487862110137939,1.1464183330535889,-0.3149887919425964,You
0.55296391248703,0.6059096455574036,1.9359281111519522e-07,0.5702708959579468,0.5463841557502747,-0.0071586640551686,0.5575383901596069,0.490931361913681,-0.0155422175303101,0.5329054594039917,0.4587111175060272,-0.0203142426908016,0.5084158778190613,0.447938472032547,-0.025095285847783,0.5582150220870972,0.5113980770111084,-0.0366344302892684,0.552064061164856,0.4575738310813904,-0.0512417964637279,0.5498789548873901,0.4190515577793121,-0.0586079508066177,0.5465739965438843,0.387824535369873,-0.0629239156842231,0.5323212146759033,0.5276312232017517,-0.0376417264342308,0.5023871660232544,0.4515013992786407,-0.0519528575241565,0.5161482691764832,0.4548267722129822,-0.050720639526844,0.5297459363937378,0.4753872156143188,-0.047680452466011,0.5093669891357422,0.5414513349533081,-0.0367641635239124,0.4893898665904999,0.4725633561611175,-0.0461881048977375,0.5063298344612122,0.4783095121383667,-0.0367884524166584,0.5170109272003174,0.4978440701961517,-0.0286692082881927,0.4927320182323456,0.5528192520141602,-0.0360603965818882,0.4855267405509949,0.498214840888977,-0.0409322008490562,0.50087970495224,0.5032020807266235,-0.0334203615784645,0.5084925293922424,0.5202174186706543,-0.0272979736328125,0.0,0.0,0.0,0.0,0.0,0.0,0.0,0.0,0.0,0.0,0.0,0.0,0.0,0.0,0.0,0.0,0.0,0.0,0.0,0.0,0.0,0.0,0.0,0.0,0.0,0.0,0.0,0.0,0.0,0.0,0.0,0.0,0.0,0.0,0.0,0.0,0.0,0.0,0.0,0.0,0.0,0.0,0.0,0.0,0.0,0.0,0.0,0.0,0.0,0.0,0.0,0.0,0.0,0.0,0.0,0.0,0.0,0.0,0.0,0.0,0.0,0.0,0.0,0.688908576965332,0.8980728983879089,-0.5801053047180176,0.271953284740448,0.90982586145401,0.0593967027962207,0.5685185194015503,0.5916262865066528,-1.3262066841125488,0.2492862492799759,1.145073652267456,-0.3142490983009338,You
0.5532463788986206,0.6054777503013611,2.020339593400422e-07,0.5707441568374634,0.5459903478622437,-0.0076045813038945,0.5580335259437561,0.4900502860546112,-0.0160699449479579,0.5330556035041809,0.4574673175811767,-0.0208399780094623,0.5084308981895447,0.4474143981933594,-0.0255852378904819,0.5581427216529846,0.5113036632537842,-0.0367004424333572,0.5517337918281555,0.4566686749458313,-0.0511352457106113,0.5497876405715942,0.4173195362091064,-0.0583725161850452,0.5465342402458191,0.3855217099189758,-0.0625931024551391,0.5319226980209351,0.5272812247276306,-0.0374491140246391,0.5027132630348206,0.4505937695503235,-0.0516884215176105,0.5172605514526367,0.4535257518291473,-0.0505505986511707,0.5312265157699585,0.4745698273181915,-0.0474763363599777,0.5091135501861572,0.5409916639328003,-0.0362941212952137,0.4899301528930664,0.4724126160144806,-0.0454382039606571,0.5070003271102905,0.4776365756988525,-0.0360785983502864,0.517555832862854,0.4972426891326904,-0.0280114207416772,0.4926075339317322,0.5521124005317688,-0.0353736393153667,0.4854177832603454,0.4976200461387634,-0.0397644080221653,0.5007149577140808,0.502273440361023,-0.0321039818227291,0.5081586837768555,0.5193211436271667,-0.0259591583162546,0.0,0.0,0.0,0.0,0.0,0.0,0.0,0.0,0.0,0.0,0.0,0.0,0.0,0.0,0.0,0.0,0.0,0.0,0.0,0.0,0.0,0.0,0.0,0.0,0.0,0.0,0.0,0.0,0.0,0.0,0.0,0.0,0.0,0.0,0.0,0.0,0.0,0.0,0.0,0.0,0.0,0.0,0.0,0.0,0.0,0.0,0.0,0.0,0.0,0.0,0.0,0.0,0.0,0.0,0.0,0.0,0.0,0.0,0.0,0.0,0.0,0.0,0.0,0.68902987241745,0.89776611328125,-0.5788180828094482,0.2720580101013183,0.9098626971244812,0.0534003153443336,0.5692492723464966,0.5916341543197632,-1.3287054300308228,0.2499177753925323,1.145037293434143,-0.328925758600235,You
0.553007185459137,0.6048348546028137,1.9695006869824286e-07,0.5706347823143005,0.5458036661148071,-0.0072446186095476,0.5581149458885193,0.4904981851577759,-0.0157034266740083,0.5334898829460144,0.4573884904384613,-0.0203738640993833,0.5087464451789856,0.4461905360221863,-0.0250264853239059,0.5584015250205994,0.5101123452186584,-0.0378035306930542,0.5521843433380127,0.4556795358657837,-0.0524391233921051,0.5497411489486694,0.4160879850387573,-0.0597776137292385,0.5458683967590332,0.3841386437416076,-0.0640656277537345,0.5320340394973755,0.5264664888381958,-0.0385694950819015,0.5022085905075073,0.4499353468418121,-0.0527315363287925,0.5163105130195618,0.4525986611843109,-0.0513013675808906,0.530202329158783,0.4734330177307129,-0.0481567345559597,0.5089747905731201,0.5402118563652039,-0.0373209044337272,0.4894339144229889,0.471101701259613,-0.0463958457112312,0.5063369870185852,0.4759758710861206,-0.0368905775249004,0.5169901251792908,0.49526447057724,-0.0288268737494945,0.4924326539039612,0.5510622262954712,-0.0362244881689548,0.4851494431495666,0.4963375329971313,-0.0405563376843929,0.5003907084465027,0.5009976625442505,-0.0327930934727191,0.5079606771469116,0.517799437046051,-0.0266018975526094,0.0,0.0,0.0,0.0,0.0,0.0,0.0,0.0,0.0,0.0,0.0,0.0,0.0,0.0,0.0,0.0,0.0,0.0,0.0,0.0,0.0,0.0,0.0,0.0,0.0,0.0,0.0,0.0,0.0,0.0,0.0,0.0,0.0,0.0,0.0,0.0,0.0,0.0,0.0,0.0,0.0,0.0,0.0,0.0,0.0,0.0,0.0,0.0,0.0,0.0,0.0,0.0,0.0,0.0,0.0,0.0,0.0,0.0,0.0,0.0,0.0,0.0,0.0,0.6890498399734497,0.8974795937538147,-0.5719774961471558,0.2720965147018432,0.9098316431045532,0.0577489212155342,0.5699449777603149,0.5916374325752258,-1.320985198020935,0.2530269622802734,1.1436667442321775,-0.3116545975208282,You
0.5532793998718262,0.6049220561981201,2.0271443190722493e-07,0.5708003640174866,0.5451474785804749,-0.0070824967697262,0.5584577918052673,0.4891752600669861,-0.0155966551974415,0.534164547920227,0.4563207030296325,-0.0204083621501922,0.5098534822463989,0.4453566074371338,-0.0252856779843568,0.5583565831184387,0.5098577737808228,-0.0379784442484378,0.5514333844184875,0.4556517601013183,-0.0530832819640636,0.549125611782074,0.4157754182815552,-0.060784712433815,0.5455976128578186,0.3836180567741394,-0.0652448087930679,0.5322079062461853,0.5264273285865784,-0.0389530807733535,0.5021188259124756,0.4494758248329162,-0.0534283444285392,0.5166828632354736,0.451616883277893,-0.0521218664944171,0.5310253500938416,0.4720426797866821,-0.0490252934396266,0.5092957019805908,0.5403999090194702,-0.0379326865077018,0.4898029267787933,0.4706144332885742,-0.0473549626767635,0.5070573687553406,0.4754982888698578,-0.0378852374851703,0.5179964303970337,0.4948382973670959,-0.0297253858298063,0.4928588569164276,0.5515374541282654,-0.0370368286967277,0.4854675829410553,0.4958117604255676,-0.0416042581200599,0.5010004043579102,0.5002360939979553,-0.0338159874081611,0.5088017582893372,0.5169646739959717,-0.0275519974529743,0.0,0.0,0.0,0.0,0.0,0.0,0.0,0.0,0.0,0.0,0.0,0.0,0.0,0.0,0.0,0.0,0.0,0.0,0.0,0.0,0.0,0.0,0.0,0.0,0.0,0.0,0.0,0.0,0.0,0.0,0.0,0.0,0.0,0.0,0.0,0.0,0.0,0.0,0.0,0.0,0.0,0.0,0.0,0.0,0.0,0.0,0.0,0.0,0.0,0.0,0.0,0.0,0.0,0.0,0.0,0.0,0.0,0.0,0.0,0.0,0.0,0.0,0.0,0.6890696287155151,0.8970451951026917,-0.5672379732131958,0.2721331417560577,0.9098080992698668,0.060449194163084,0.5704569816589355,0.5915707945823669,-1.319356083869934,0.2552422881126404,1.1424106359481812,-0.3047172129154205,You
0.5531854629516602,0.604835033416748,2.0009503032270007e-07,0.5706278085708618,0.5446670651435852,-0.0072100427933037,0.5581506490707397,0.4884882271289825,-0.015652984380722,0.5337873697280884,0.4553573429584503,-0.0204356741160154,0.5094429850578308,0.4442042112350464,-0.0252427235245704,0.5581838488578796,0.5098423957824707,-0.0372758619487285,0.5516544580459595,0.4559517502784729,-0.052191462367773,0.549322247505188,0.4162742793560028,-0.0597115717828273,0.5457897782325745,0.38413205742836,-0.064068503677845,0.5321260094642639,0.5263175964355469,-0.0382530316710472,0.502231776714325,0.4494912028312683,-0.0529164224863052,0.5165081024169922,0.4520027041435241,-0.0517303980886936,0.530627429485321,0.4724605679512024,-0.0486015193164348,0.5092043280601501,0.5401499271392822,-0.0372939445078372,0.4897851645946502,0.4705807566642761,-0.0470782294869422,0.5069361925125122,0.4757853150367737,-0.0377399213612079,0.5177620649337769,0.4951120615005493,-0.0295081902295351,0.4927191436290741,0.5511797070503235,-0.0364644192159175,0.4856380224227905,0.4956704378128052,-0.0412112176418304,0.501086950302124,0.5004096031188965,-0.0335072502493858,0.508751392364502,0.5172758102416992,-0.0272433664649724,0.0,0.0,0.0,0.0,0.0,0.0,0.0,0.0,0.0,0.0,0.0,0.0,0.0,0.0,0.0,0.0,0.0,0.0,0.0,0.0,0.0,0.0,0.0,0.0,0.0,0.0,0.0,0.0,0.0,0.0,0.0,0.0,0.0,0.0,0.0,0.0,0.0,0.0,0.0,0.0,0.0,0.0,0.0,0.0,0.0,0.0,0.0,0.0,0.0,0.0,0.0,0.0,0.0,0.0,0.0,0.0,0.0,0.0,0.0,0.0,0.0,0.0,0.0,0.6890833973884583,0.8967996835708618,-0.5642832517623901,0.2721740901470184,0.909779965877533,0.0617920868098735,0.5708733797073364,0.591525673866272,-1.3179105520248413,0.2567057907581329,1.1415220499038696,-0.3023401796817779,You
0.5535172820091248,0.6053794026374817,1.972543941519689e-07,0.5710028409957886,0.546108603477478,-0.0071284933947026,0.5583981871604919,0.49001544713974,-0.0154481949284672,0.533587634563446,0.457216203212738,-0.0201204419136047,0.5089238286018372,0.4467887282371521,-0.0247799828648567,0.5582807660102844,0.5096930861473083,-0.0366921126842498,0.5519317388534546,0.4548940360546112,-0.0511018671095371,0.5496639609336853,0.4154768586158752,-0.0581821575760841,0.5461141467094421,0.3837043046951294,-0.0622632876038551,0.5317895412445068,0.5257247686386108,-0.0375184267759323,0.5027047395706177,0.4489142894744873,-0.0516883358359336,0.5167955160140991,0.452428251504898,-0.0502673126757144,0.5305121541023254,0.4736003875732422,-0.0469847470521926,0.5088455677032471,0.5394540429115295,-0.0363873653113842,0.4899126291275024,0.4704795777797699,-0.0455977767705917,0.5067846179008484,0.4760506749153137,-0.0362030006945133,0.5173299908638,0.4955571889877319,-0.0280867367982864,0.4924652576446533,0.550408124923706,-0.0354002527892589,0.4859708547592163,0.4956868886947632,-0.0398454330861568,0.5012279152870178,0.5008425712585449,-0.03219810500741,0.5086871981620789,0.517753541469574,-0.0260232184082269,0.0,0.0,0.0,0.0,0.0,0.0,0.0,0.0,0.0,0.0,0.0,0.0,0.0,0.0,0.0,0.0,0.0,0.0,0.0,0.0,0.0,0.0,0.0,0.0,0.0,0.0,0.0,0.0,0.0,0.0,0.0,0.0,0.0,0.0,0.0,0.0,0.0,0.0,0.0,0.0,0.0,0.0,0.0,0.0,0.0,0.0,0.0,0.0,0.0,0.0,0.0,0.0,0.0,0.0,0.0,0.0,0.0,0.0,0.0,0.0,0.0,0.0,0.0,0.6891047954559326,0.8963768482208252,-0.5649422407150269,0.2723579704761505,0.9097790122032166,0.0622886233031749,0.571047842502594,0.5913842916488647,-1.316264271736145,0.2566753327846527,1.1408021450042725,-0.302296370267868,You
0.5538343191146851,0.6055082678794861,2.0289580504595506e-07,0.5711467266082764,0.5453529357910156,-0.0073877074755728,0.5582525730133057,0.4889388084411621,-0.0158706214278936,0.5332779884338379,0.4561418294906616,-0.0207055825740098,0.5086190104484558,0.4457057118415832,-0.0255099553614854,0.5583834648132324,0.5100816488265991,-0.0368397869169712,0.5517678260803223,0.4553650617599487,-0.0515097491443157,0.549638032913208,0.4161248505115509,-0.0588122941553592,0.5463066697120667,0.3843030333518982,-0.0630137473344802,0.5319949388504028,0.5266625881195068,-0.037685353308916,0.5026487708091736,0.4496334493160248,-0.0521459020674228,0.5168413519859314,0.4521681368350982,-0.0509578995406627,0.5306700468063354,0.47230064868927,-0.0478645414113998,0.508949875831604,0.5404630303382874,-0.0366337671875953,0.4899394810199737,0.4704508781433105,-0.0461803823709487,0.5069875717163086,0.4757897853851318,-0.0368983633816242,0.5175837278366089,0.4950860440731048,-0.0287949740886688,0.4925216436386108,0.5512157082557678,-0.0357617028057575,0.486189067363739,0.4958007633686065,-0.0404219031333923,0.5015684962272644,0.50069659948349,-0.03286699578166,0.5090872049331665,0.5175683498382568,-0.0267417542636394,0.0,0.0,0.0,0.0,0.0,0.0,0.0,0.0,0.0,0.0,0.0,0.0,0.0,0.0,0.0,0.0,0.0,0.0,0.0,0.0,0.0,0.0,0.0,0.0,0.0,0.0,0.0,0.0,0.0,0.0,0.0,0.0,0.0,0.0,0.0,0.0,0.0,0.0,0.0,0.0,0.0,0.0,0.0,0.0,0.0,0.0,0.0,0.0,0.0,0.0,0.0,0.0,0.0,0.0,0.0,0.0,0.0,0.0,0.0,0.0,0.0,0.0,0.0,0.6891250014305115,0.8961824774742126,-0.5667611360549927,0.2725339531898498,0.9097810387611388,0.0628379359841346,0.5711589455604553,0.5910285711288452,-1.3156440258026123,0.2566482424736023,1.140656590461731,-0.3006806969642639,You
0.5531023144721985,0.6056114435195923,2.0678413648056448e-07,0.5705854892730713,0.5461360216140747,-0.0078216521069407,0.5580461025238037,0.4898964166641235,-0.0164406970143318,0.5331465005874634,0.4564929902553558,-0.0212904140353202,0.5091795921325684,0.4445402026176452,-0.0261270012706518,0.5578626394271851,0.5111699104309082,-0.038088634610176,0.5503069758415222,0.4550595879554748,-0.0527328103780746,0.5479179620742798,0.4155697822570801,-0.0598869770765304,0.5443993210792542,0.3838863968849182,-0.0639767423272132,0.5311702489852905,0.5278277397155762,-0.0387204177677631,0.5018636584281921,0.4500383138656616,-0.0527367107570171,0.5168758034706116,0.4516529440879822,-0.0512219257652759,0.5313630700111389,0.4715218842029571,-0.0481277592480182,0.5081620216369629,0.5418071150779724,-0.0374332033097744,0.4896087348461151,0.4707508683204651,-0.0463626570999622,0.5069178938865662,0.4757215678691864,-0.0367077179253101,0.5176786780357361,0.4951928257942199,-0.0286930967122316,0.4917472898960113,0.5527819395065308,-0.0364081561565399,0.4851463437080383,0.4968106150627136,-0.0408671870827674,0.5005844235420227,0.5013201236724854,-0.0331571139395237,0.5081368684768677,0.5184840559959412,-0.0270639639347791,0.0,0.0,0.0,0.0,0.0,0.0,0.0,0.0,0.0,0.0,0.0,0.0,0.0,0.0,0.0,0.0,0.0,0.0,0.0,0.0,0.0,0.0,0.0,0.0,0.0,0.0,0.0,0.0,0.0,0.0,0.0,0.0,0.0,0.0,0.0,0.0,0.0,0.0,0.0,0.0,0.0,0.0,0.0,0.0,0.0,0.0,0.0,0.0,0.0,0.0,0.0,0.0,0.0,0.0,0.0,0.0,0.0,0.0,0.0,0.0,0.0,0.0,0.0,0.6891475915908813,0.896156370639801,-0.5615110993385315,0.2728341519832611,0.909779965877533,0.0730784684419632,0.5713449120521545,0.5909853577613831,-1.2912180423736572,0.2570551633834839,1.1402091979980469,-0.2661022543907165,You
0.5529916882514954,0.6056868433952332,1.9451199761988394e-07,0.570086658000946,0.5466076731681824,-0.0080902846530079,0.5567807555198669,0.4899371564388275,-0.0163832232356071,0.5317057371139526,0.4560585021972656,-0.020839961245656,0.5075547695159912,0.4432195425033569,-0.0252444185316562,0.5575158596038818,0.5100840926170349,-0.0372105203568935,0.5507070422172546,0.4542850852012634,-0.0515710636973381,0.5479834079742432,0.4150032103061676,-0.0586830340325832,0.5441822409629822,0.3831539154052734,-0.0629303529858589,0.5311835408210754,0.5264188051223755,-0.0377324186265468,0.5021424889564514,0.4502338469028473,-0.0516014024615287,0.5163227319717407,0.4530547261238098,-0.050255961716175,0.5301311612129211,0.4730254411697387,-0.0473603159189224,0.5082615613937378,0.5405719876289368,-0.0364371389150619,0.4893026351928711,0.4717213213443756,-0.0455035082995891,0.506179928779602,0.4774713814258575,-0.035970214754343,0.5167397856712341,0.496694266796112,-0.0280511640012264,0.4917608797550201,0.5520426630973816,-0.0354310274124145,0.4849536418914795,0.4975005388259887,-0.0400714389979839,0.4999860227108001,0.5027120113372803,-0.0325236357748508,0.5071330666542053,0.5200045108795166,-0.0265720579773187,0.0,0.0,0.0,0.0,0.0,0.0,0.0,0.0,0.0,0.0,0.0,0.0,0.0,0.0,0.0,0.0,0.0,0.0,0.0,0.0,0.0,0.0,0.0,0.0,0.0,0.0,0.0,0.0,0.0,0.0,0.0,0.0,0.0,0.0,0.0,0.0,0.0,0.0,0.0,0.0,0.0,0.0,0.0,0.0,0.0,0.0,0.0,0.0,0.0,0.0,0.0,0.0,0.0,0.0,0.0,0.0,0.0,0.0,0.0,0.0,0.0,0.0,0.0,0.6891714334487915,0.896134078502655,-0.5552672147750854,0.2730669379234314,0.9097365140914916,0.079558327794075,0.5715615153312683,0.5909740924835205,-1.2749477624893188,0.2572847306728363,1.1395198106765747,-0.251118928194046,You
0.5534421801567078,0.6055253148078918,1.9812455320789013e-07,0.5705263614654541,0.5464411973953247,-0.0070502441376447,0.5575042963027954,0.4904630780220032,-0.0152779920026659,0.5323120355606079,0.4579625129699707,-0.0199171211570501,0.5077357292175293,0.4469441771507263,-0.0245818551629781,0.5581566691398621,0.5095991492271423,-0.0367562435567379,0.5506786704063416,0.4541738629341125,-0.0511819645762443,0.5481346249580383,0.4147262573242187,-0.0584658980369567,0.5445384383201599,0.3827934861183166,-0.0627585798501968,0.531715989112854,0.5257062911987305,-0.0376406908035278,0.5018101334571838,0.4493401050567627,-0.0516840629279613,0.5157338976860046,0.4518584907054901,-0.0505194887518882,0.5294971466064453,0.4721791446208954,-0.0476071238517761,0.5085340738296509,0.53940749168396,-0.0365674346685409,0.4887426793575287,0.4699699878692627,-0.0455311052501201,0.5055230259895325,0.4753085672855377,-0.0362402498722076,0.5162155032157898,0.494605541229248,-0.0284026488661766,0.4918910264968872,0.5502368211746216,-0.0356581546366214,0.4848712980747223,0.4958521127700805,-0.0400922670960426,0.4999246597290039,0.5009267330169678,-0.0325707495212554,0.5073943138122559,0.5179030299186707,-0.0265617500990629,0.0,0.0,0.0,0.0,0.0,0.0,0.0,0.0,0.0,0.0,0.0,0.0,0.0,0.0,0.0,0.0,0.0,0.0,0.0,0.0,0.0,0.0,0.0,0.0,0.0,0.0,0.0,0.0,0.0,0.0,0.0,0.0,0.0,0.0,0.0,0.0,0.0,0.0,0.0,0.0,0.0,0.0,0.0,0.0,0.0,0.0,0.0,0.0,0.0,0.0,0.0,0.0,0.0,0.0,0.0,0.0,0.0,0.0,0.0,0.0,0.0,0.0,0.0,0.6892811059951782,0.8960679769515991,-0.5512329339981079,0.2732944190502167,0.9097287654876708,0.0760965645313263,0.5716042518615723,0.5909232497215271,-1.272430419921875,0.2579853236675262,1.1391266584396362,-0.2589349746704101,You
0.5534579753875732,0.6050199866294861,1.9473553436455407e-07,0.5703916549682617,0.5448728799819946,-0.0073810354806482,0.5571733117103577,0.4883152842521667,-0.0156208705157041,0.5319713950157166,0.4554577767848968,-0.0203479249030351,0.5067769289016724,0.4454675316810608,-0.0250440053641796,0.5585145354270935,0.5086982846260071,-0.0353513062000274,0.55147784948349,0.4535198211669922,-0.0496493838727474,0.5485346913337708,0.4142064452171325,-0.0569006092846393,0.5446197986602783,0.382685124874115,-0.061154555529356,0.532341718673706,0.5251399278640747,-0.0362292677164077,0.5018479228019714,0.4493136703968048,-0.050745777785778,0.5151581168174744,0.4522294700145721,-0.0499997101724147,0.5287114977836609,0.4727001190185547,-0.047167956829071,0.5091821551322937,0.5390548706054688,-0.035291813313961,0.4892573058605194,0.4700395762920379,-0.0450911521911621,0.5055041313171387,0.4755277633666992,-0.0361977815628051,0.5158608555793762,0.4949408173561096,-0.0282500144094228,0.492199182510376,0.5499427318572998,-0.0345328301191329,0.4852681159973144,0.4951586425304413,-0.039450816810131,0.5001335144042969,0.5004037618637085,-0.0321222059428691,0.5074363350868225,0.5176573395729065,-0.0260788910090923,0.0,0.0,0.0,0.0,0.0,0.0,0.0,0.0,0.0,0.0,0.0,0.0,0.0,0.0,0.0,0.0,0.0,0.0,0.0,0.0,0.0,0.0,0.0,0.0,0.0,0.0,0.0,0.0,0.0,0.0,0.0,0.0,0.0,0.0,0.0,0.0,0.0,0.0,0.0,0.0,0.0,0.0,0.0,0.0,0.0,0.0,0.0,0.0,0.0,0.0,0.0,0.0,0.0,0.0,0.0,0.0,0.0,0.0,0.0,0.0,0.0,0.0,0.0,0.6893073320388794,0.8959487676620483,-0.5503249764442444,0.2736589312553406,0.9097762703895568,0.0711470693349838,0.5716680288314819,0.5909204483032227,-1.274991512298584,0.2581625580787658,1.138540267944336,-0.2635980248451233,You
0.5534119606018066,0.6048776507377625,2.004895520713035e-07,0.57061368227005,0.5456234216690063,-0.007131349761039,0.558097243309021,0.4894466996192932,-0.0154854618012905,0.5332348942756653,0.4566856026649475,-0.0202753618359565,0.50838303565979,0.4461020529270172,-0.0250946152955293,0.5588158965110779,0.509223461151123,-0.0367017425596714,0.5511770248413086,0.4539808928966522,-0.0512995421886444,0.5484607219696045,0.4147663116455078,-0.0587824806571006,0.5447960495948792,0.3831796050071716,-0.0631660670042038,0.5325549840927124,0.5256603360176086,-0.0375520214438438,0.5020284652709961,0.4493451416492462,-0.0517317093908786,0.5155462622642517,0.4510551691055298,-0.0506966672837734,0.5291967391967773,0.470540314912796,-0.0479060821235179,0.5092736482620239,0.5393362045288086,-0.0364931263029575,0.4894349575042724,0.4691912233829498,-0.0457977764308452,0.5060138702392578,0.4741771221160888,-0.0367572233080863,0.5165679454803467,0.4933528900146484,-0.0289694815874099,0.4923815429210663,0.5498385429382324,-0.0355902276933193,0.4856890738010406,0.4946313500404358,-0.040403839200735,0.5008097887039185,0.4992936551570892,-0.0331464260816574,0.5083343386650085,0.5159216523170471,-0.0272377487272024,0.0,0.0,0.0,0.0,0.0,0.0,0.0,0.0,0.0,0.0,0.0,0.0,0.0,0.0,0.0,0.0,0.0,0.0,0.0,0.0,0.0,0.0,0.0,0.0,0.0,0.0,0.0,0.0,0.0,0.0,0.0,0.0,0.0,0.0,0.0,0.0,0.0,0.0,0.0,0.0,0.0,0.0,0.0,0.0,0.0,0.0,0.0,0.0,0.0,0.0,0.0,0.0,0.0,0.0,0.0,0.0,0.0,0.0,0.0,0.0,0.0,0.0,0.0,0.6893301606178284,0.8958393335342407,-0.5499529242515564,0.2738675773143768,0.9098175168037416,0.0663990601897239,0.5717010498046875,0.5909137725830078,-1.2765343189239502,0.2582714259624481,1.1381797790527344,-0.2733535468578338,You
0.5535324215888977,0.6041816473007202,1.977265782215909e-07,0.5707569718360901,0.5444349050521851,-0.0071196132339537,0.5576566457748413,0.4884791374206543,-0.0154415788128972,0.5323193669319153,0.4568506181240082,-0.0200541839003562,0.5073984861373901,0.4470147788524627,-0.0246606152504682,0.5589389204978943,0.5080522894859314,-0.0371427685022354,0.5508602857589722,0.4530578255653381,-0.0520163103938102,0.548160195350647,0.4138348400592804,-0.0598459355533123,0.5446181297302246,0.3821384310722351,-0.0644386932253837,0.5327544808387756,0.5248569846153259,-0.0379325784742832,0.5021690130233765,0.4487939774990082,-0.0519277267158031,0.5157329440116882,0.4511632323265075,-0.0509163811802864,0.52945876121521,0.4710753560066223,-0.0482273586094379,0.5094693899154663,0.5387800931930542,-0.0367953963577747,0.4893316626548767,0.4691789746284485,-0.0456633754074573,0.5056880116462708,0.4742512702941894,-0.0365629717707634,0.516152560710907,0.4934120178222656,-0.0288682710379362,0.4925982654094696,0.5495864748954773,-0.035832729190588,0.4854656755924225,0.4944140017032623,-0.0401908531785011,0.5004828572273254,0.4991989433765411,-0.0327120386064052,0.5078960061073303,0.5161092877388,-0.0267309322953224,0.0,0.0,0.0,0.0,0.0,0.0,0.0,0.0,0.0,0.0,0.0,0.0,0.0,0.0,0.0,0.0,0.0,0.0,0.0,0.0,0.0,0.0,0.0,0.0,0.0,0.0,0.0,0.0,0.0,0.0,0.0,0.0,0.0,0.0,0.0,0.0,0.0,0.0,0.0,0.0,0.0,0.0,0.0,0.0,0.0,0.0,0.0,0.0,0.0,0.0,0.0,0.0,0.0,0.0,0.0,0.0,0.0,0.0,0.0,0.0,0.0,0.0,0.0,0.6893435716629028,0.8957535028457642,-0.5612577199935913,0.2739612162113189,0.9098171591758728,0.0601747930049896,0.5717133283615112,0.5908933877944946,-1.28328275680542,0.2582776844501495,1.137280821800232,-0.298650175333023,You
0.5531962513923645,0.6040335893630981,2.029984784712724e-07,0.5706183910369873,0.545026421546936,-0.0070952256210148,0.5579180121421814,0.4893043041229248,-0.0155086740851402,0.5325286388397217,0.4573249518871307,-0.0202592052519321,0.5077349543571472,0.4475131630897522,-0.0250236503779888,0.5587524771690369,0.5089340806007385,-0.0374918840825557,0.5507053732872009,0.4528053700923919,-0.0522732101380825,0.5481604337692261,0.4132824540138244,-0.0596398785710334,0.5447845458984375,0.3815985023975372,-0.0638454109430313,0.532279372215271,0.5250405669212341,-0.0382062010467052,0.5022085905075073,0.4479881525039673,-0.0523823499679565,0.5161203742027283,0.4502467811107635,-0.0510969646275043,0.5301316380500793,0.4704258739948272,-0.0480363816022872,0.5090010166168213,0.5383723974227905,-0.0369577147066593,0.4894317090511322,0.468522310256958,-0.045863602310419,0.5062002539634705,0.4734853506088257,-0.0367733538150787,0.5169132947921753,0.4925907850265503,-0.029009947553277,0.4922602772712707,0.5486541390419006,-0.0358658023178577,0.4858104586601257,0.4939634799957275,-0.0402620248496532,0.5010043382644653,0.4984206855297088,-0.0329910777509212,0.5085319876670837,0.514754593372345,-0.0271151475608348,0.0,0.0,0.0,0.0,0.0,0.0,0.0,0.0,0.0,0.0,0.0,0.0,0.0,0.0,0.0,0.0,0.0,0.0,0.0,0.0,0.0,0.0,0.0,0.0,0.0,0.0,0.0,0.0,0.0,0.0,0.0,0.0,0.0,0.0,0.0,0.0,0.0,0.0,0.0,0.0,0.0,0.0,0.0,0.0,0.0,0.0,0.0,0.0,0.0,0.0,0.0,0.0,0.0,0.0,0.0,0.0,0.0,0.0,0.0,0.0,0.0,0.0,0.0,0.6893571615219116,0.8956650495529175,-0.5661559700965881,0.2739819884300232,0.9097930192947388,0.0555529072880744,0.5717938542366028,0.5907565355300903,-1.2853657007217407,0.2581934630870819,1.1372727155685425,-0.3131923377513885,You
0.5531154274940491,0.6041869521141052,1.9859187716519957e-07,0.5706307291984558,0.5449429154396057,-0.0072507830336689,0.5577843189239502,0.4889225661754608,-0.0157453622668981,0.5325811505317688,0.4566714167594909,-0.0205680932849645,0.5080264210700989,0.4472245872020721,-0.0254087727516889,0.5585452914237976,0.5092678070068359,-0.0373770482838153,0.5508013963699341,0.4532251954078674,-0.052081111818552,0.5484156012535095,0.4135615527629852,-0.0592452175915241,0.5449178814888,0.3816404044628143,-0.0633285641670227,0.5321019887924194,0.5252718329429626,-0.0381276383996009,0.5024869441986084,0.4477872252464294,-0.0526602156460285,0.5167039036750793,0.4514576196670532,-0.0512763559818267,0.5305681228637695,0.4723959863185882,-0.0479298010468483,0.5090141296386719,0.5385263562202454,-0.0369215011596679,0.4897107481956482,0.4689521491527557,-0.0462144427001476,0.5065658688545227,0.4745411872863769,-0.036913938820362,0.5170902013778687,0.493840754032135,-0.0288182366639375,0.4924049377441406,0.5489763617515564,-0.0358753316104412,0.4861346483230591,0.4943268299102783,-0.0403611622750759,0.5014009475708008,0.4993252754211426,-0.0328709185123443,0.5087811946868896,0.5159655809402466,-0.0267940256744623,0.0,0.0,0.0,0.0,0.0,0.0,0.0,0.0,0.0,0.0,0.0,0.0,0.0,0.0,0.0,0.0,0.0,0.0,0.0,0.0,0.0,0.0,0.0,0.0,0.0,0.0,0.0,0.0,0.0,0.0,0.0,0.0,0.0,0.0,0.0,0.0,0.0,0.0,0.0,0.0,0.0,0.0,0.0,0.0,0.0,0.0,0.0,0.0,0.0,0.0,0.0,0.0,0.0,0.0,0.0,0.0,0.0,0.0,0.0,0.0,0.0,0.0,0.0,0.689439058303833,0.8956184983253479,-0.5711215138435364,0.2740687727928161,0.9097803831100464,0.0554310269653797,0.5718485116958618,0.5907346606254578,-1.2902674674987793,0.2577417492866516,1.1370495557785034,-0.3147414326667785,You
0.5527342557907104,0.6166282892227173,4.167699216850451e-07,0.5675120949745178,0.5573363304138184,-0.0049100792966783,0.5493294596672058,0.5053675174713135,-0.0166497845202684,0.5165181159973145,0.4866071045398712,-0.0267541855573654,0.4911041557788849,0.4874639809131622,-0.0382304601371288,0.5667120218276978,0.5214987993240356,-0.0431448556482791,0.5671791434288025,0.4658125340938568,-0.0622378215193748,0.5731331706047058,0.4302013218402862,-0.074933722615242,0.5796126127243042,0.3972169160842895,-0.0832444801926612,0.5451008677482605,0.5450592637062073,-0.0461249202489852,0.5193288922309875,0.4848318994045257,-0.0616330541670322,0.5076649188995361,0.4426961541175842,-0.0691417083144187,0.4979832172393799,0.4113406836986542,-0.0770523622632026,0.520137369632721,0.5641425251960754,-0.0464699119329452,0.4894309937953949,0.4965357482433319,-0.0576708354055881,0.5035423636436462,0.4955568313598633,-0.0532200224697589,0.5181973576545715,0.5116516947746277,-0.0494283102452755,0.4976566135883331,0.5769469141960144,-0.0465356037020683,0.4822449386119842,0.5181725025177002,-0.0546970032155513,0.4961013197898865,0.5177324414253235,-0.0500941351056098,0.5093908309936523,0.5335747599601746,-0.0458155050873756,0.0,0.0,0.0,0.0,0.0,0.0,0.0,0.0,0.0,0.0,0.0,0.0,0.0,0.0,0.0,0.0,0.0,0.0,0.0,0.0,0.0,0.0,0.0,0.0,0.0,0.0,0.0,0.0,0.0,0.0,0.0,0.0,0.0,0.0,0.0,0.0,0.0,0.0,0.0,0.0,0.0,0.0,0.0,0.0,0.0,0.0,0.0,0.0,0.0,0.0,0.0,0.0,0.0,0.0,0.0,0.0,0.0,0.0,0.0,0.0,0.0,0.0,0.0,0.6857391595840454,0.9041202068328856,-0.4266864359378814,0.2648639678955078,0.9115532040596008,0.068488635122776,0.5818151831626892,0.63927161693573,-1.142133355140686,0.2725232541561126,1.160911202430725,-0.2294759005308151,You
0.5533287525177002,0.6177272796630859,4.1897476421581814e-07,0.5684043169021606,0.5599091053009033,-0.0054660947062075,0.5512270331382751,0.50946444272995,-0.0168391726911067,0.520569920539856,0.4899725317955017,-0.0264685600996017,0.4972200691699981,0.4883666038513183,-0.0372687205672264,0.5686826705932617,0.5221354961395264,-0.0424848459661006,0.5692960619926453,0.4655771851539612,-0.0616393312811851,0.5746238231658936,0.4298589825630188,-0.073954202234745,0.5802738666534424,0.3966452479362488,-0.0817207470536232,0.5474088788032532,0.5441901087760925,-0.0449973344802856,0.5211907625198364,0.4827432632446289,-0.0605424121022224,0.508678674697876,0.4412175714969635,-0.0675230175256729,0.4982066750526428,0.4095105230808258,-0.0747185945510864,0.5222968459129333,0.5625962615013123,-0.0450599752366542,0.4911064505577087,0.496400773525238,-0.0571507662534713,0.5046126842498779,0.4972516298294067,-0.0525619015097618,0.5194171071052551,0.5140456557273865,-0.0481370240449905,0.4992649853229522,0.5752983689308167,-0.0448717698454856,0.4835855066776275,0.5174218416213989,-0.0538379736244678,0.4968122839927673,0.5187456011772156,-0.0491099096834659,0.5099693536758423,0.5360100269317627,-0.0443394221365451,0.0,0.0,0.0,0.0,0.0,0.0,0.0,0.0,0.0,0.0,0.0,0.0,0.0,0.0,0.0,0.0,0.0,0.0,0.0,0.0,0.0,0.0,0.0,0.0,0.0,0.0,0.0,0.0,0.0,0.0,0.0,0.0,0.0,0.0,0.0,0.0,0.0,0.0,0.0,0.0,0.0,0.0,0.0,0.0,0.0,0.0,0.0,0.0,0.0,0.0,0.0,0.0,0.0,0.0,0.0,0.0,0.0,0.0,0.0,0.0,0.0,0.0,0.0,0.6866177320480347,0.905167818069458,-0.4239518046379089,0.2642320692539215,0.9095423817634584,0.0789709016680717,0.5820809006690979,0.6388399600982666,-1.114067316055298,0.2733636498451233,1.1607344150543213,-0.1930198073387146,You
0.5542954206466675,0.6172212362289429,4.1091277580562746e-07,0.5696322917938232,0.5582982897758484,-0.0042885481379926,0.5524930357933044,0.5071366429328918,-0.0155463349074125,0.5203716158866882,0.4889850914478302,-0.0252239946275949,0.4948075413703918,0.4884241819381714,-0.0362116023898124,0.5682520270347595,0.5226617455482483,-0.0431761108338832,0.56871098279953,0.4655397236347198,-0.0617822967469692,0.5749481916427612,0.4302997589111328,-0.0738956481218338,0.5817481279373169,0.3978202044963836,-0.0817779153585434,0.5462737679481506,0.5455470681190491,-0.04619050770998,0.5207669138908386,0.4846272766590118,-0.0616908520460128,0.5097684860229492,0.44212406873703,-0.0692145675420761,0.5004004240036011,0.4104716777801513,-0.0770672038197517,0.5212708711624146,0.5640848875045776,-0.0463823042809963,0.4908846616744995,0.4964819848537445,-0.057332769036293,0.5052101016044617,0.4959970712661743,-0.0528211034834384,0.5198169946670532,0.5121630430221558,-0.0490521229803562,0.4991665482521057,0.5765566229820251,-0.0462284199893474,0.4845708310604095,0.5190953612327576,-0.0543137639760971,0.4986526668071747,0.5188598036766052,-0.0498027466237545,0.5119444131851196,0.5344922542572021,-0.045591440051794,0.0,0.0,0.0,0.0,0.0,0.0,0.0,0.0,0.0,0.0,0.0,0.0,0.0,0.0,0.0,0.0,0.0,0.0,0.0,0.0,0.0,0.0,0.0,0.0,0.0,0.0,0.0,0.0,0.0,0.0,0.0,0.0,0.0,0.0,0.0,0.0,0.0,0.0,0.0,0.0,0.0,0.0,0.0,0.0,0.0,0.0,0.0,0.0,0.0,0.0,0.0,0.0,0.0,0.0,0.0,0.0,0.0,0.0,0.0,0.0,0.0,0.0,0.0,0.6879278421401978,0.9054108262062072,-0.4184587895870209,0.2640679478645324,0.90754634141922,0.085353322327137,0.5822747945785522,0.638802707195282,-1.0949798822402954,0.2734395265579223,1.1601516008377075,-0.181705355644226,You
0.554534912109375,0.6181291341781616,4.2902041741399444e-07,0.5693323016166687,0.5594115257263184,-0.0058288862928748,0.5509935617446899,0.5075385570526123,-0.0173134412616491,0.5188795328140259,0.4882449507713318,-0.0270400121808052,0.4931631088256836,0.4888509809970855,-0.0379979573190212,0.5684426426887512,0.5238942503929138,-0.0433568730950355,0.5686527490615845,0.4679334461688995,-0.062264684587717,0.574613630771637,0.432609885931015,-0.0743054002523422,0.5809633135795593,0.3999474644660949,-0.0821099281311035,0.5467599630355835,0.546167254447937,-0.0459361746907234,0.5211285352706909,0.4854901731014251,-0.0619338303804397,0.5089192986488342,0.4432634711265564,-0.069613017141819,0.4988071024417877,0.4116721749305725,-0.0774648860096931,0.5217362642288208,0.5648840069770813,-0.0459381453692913,0.4906854629516601,0.4989051222801208,-0.0582106001675128,0.5043871402740479,0.4992867112159729,-0.0539079681038856,0.5191043615341187,0.5156842470169067,-0.0498829632997512,0.4994326531887054,0.577647864818573,-0.0456939786672592,0.4840339720249176,0.5206558704376221,-0.0547907128930091,0.4984724521636963,0.5215290784835815,-0.0504031330347061,0.5122526288032532,0.5380445122718811,-0.0461083501577377,0.0,0.0,0.0,0.0,0.0,0.0,0.0,0.0,0.0,0.0,0.0,0.0,0.0,0.0,0.0,0.0,0.0,0.0,0.0,0.0,0.0,0.0,0.0,0.0,0.0,0.0,0.0,0.0,0.0,0.0,0.0,0.0,0.0,0.0,0.0,0.0,0.0,0.0,0.0,0.0,0.0,0.0,0.0,0.0,0.0,0.0,0.0,0.0,0.0,0.0,0.0,0.0,0.0,0.0,0.0,0.0,0.0,0.0,0.0,0.0,0.0,0.0,0.0,0.688353419303894,0.9055227637290956,-0.4071062505245209,0.2639836370944977,0.906052827835083,0.1012907847762107,0.5825299024581909,0.638810396194458,-1.0623611211776731,0.273500919342041,1.147775411605835,-0.1442034989595413,You
0.554876983165741,0.6193414330482483,4.080300470832299e-07,0.569943904876709,0.5623207092285156,-0.0055485181510448,0.5520521402359009,0.5120700597763062,-0.0170329492539167,0.521209716796875,0.4923021495342254,-0.0266814082860946,0.4950894713401794,0.4887871146202087,-0.0376516096293926,0.5700296759605408,0.5265623331069946,-0.0439619831740856,0.570448637008667,0.4726027250289917,-0.0628797113895416,0.5757432579994202,0.4372633099555969,-0.0752128735184669,0.5811384320259094,0.4038556814193725,-0.0832601115107536,0.5489720702171326,0.5489659905433655,-0.0467704311013221,0.5225237607955933,0.4880019128322601,-0.0620856955647468,0.5100589394569397,0.4462157487869262,-0.0692216008901596,0.4998169541358948,0.4144316613674164,-0.0768807381391525,0.5239462852478027,0.5676856637001038,-0.046949777752161,0.4914376437664032,0.5012637972831726,-0.0589852221310138,0.5047833323478699,0.5015423893928528,-0.0545960702002048,0.5198229551315308,0.5184877514839172,-0.0506719499826431,0.5013495683670044,0.5804059505462646,-0.0468139611184597,0.4848541915416717,0.5224530696868896,-0.0560626573860645,0.4983589351177215,0.5227728486061096,-0.0515091270208358,0.512037992477417,0.539359986782074,-0.0471127778291702,0.0,0.0,0.0,0.0,0.0,0.0,0.0,0.0,0.0,0.0,0.0,0.0,0.0,0.0,0.0,0.0,0.0,0.0,0.0,0.0,0.0,0.0,0.0,0.0,0.0,0.0,0.0,0.0,0.0,0.0,0.0,0.0,0.0,0.0,0.0,0.0,0.0,0.0,0.0,0.0,0.0,0.0,0.0,0.0,0.0,0.0,0.0,0.0,0.0,0.0,0.0,0.0,0.0,0.0,0.0,0.0,0.0,0.0,0.0,0.0,0.0,0.0,0.0,0.6887090802192688,0.9057666659355164,-0.4083954393863678,0.2635982632637024,0.9046288132667542,0.1086243540048599,0.5834495425224304,0.6399322152137756,-1.0693774223327637,0.2734769880771637,1.1437727212905884,-0.1526331156492233,You
0.555729329586029,0.6181966066360474,4.280086329799815e-07,0.5700214505195618,0.5600596070289612,-0.0060215531848371,0.551278293132782,0.5087386965751648,-0.0180045627057552,0.5195996165275574,0.4888896644115448,-0.0282385982573032,0.494327962398529,0.4876070320606231,-0.039773728698492,0.5699161887168884,0.524466872215271,-0.043491069227457,0.5709773302078247,0.4707503020763397,-0.0626383647322654,0.5766831636428833,0.4355085492134094,-0.0754750669002533,0.5824702382087708,0.4020804166793823,-0.0840944871306419,0.549636960029602,0.5481141209602356,-0.046264287084341,0.5229198932647705,0.4885794818401336,-0.0622120723128318,0.5103556513786316,0.4470178186893463,-0.0699017867445945,0.5007572770118713,0.4155668318271637,-0.0780544653534889,0.5247595310211182,0.5677089095115662,-0.0465426109731197,0.4924339652061462,0.5017937421798706,-0.0587964206933975,0.505656898021698,0.5027684569358826,-0.0538848675787448,0.5208230018615723,0.5199422836303711,-0.0495434589684009,0.5018407106399536,0.5808944702148438,-0.0466287247836589,0.4854014217853546,0.522416889667511,-0.0558791607618331,0.4987041354179382,0.5237077474594116,-0.0510904639959335,0.5122338533401489,0.5415125489234924,-0.0464961417019367,0.0,0.0,0.0,0.0,0.0,0.0,0.0,0.0,0.0,0.0,0.0,0.0,0.0,0.0,0.0,0.0,0.0,0.0,0.0,0.0,0.0,0.0,0.0,0.0,0.0,0.0,0.0,0.0,0.0,0.0,0.0,0.0,0.0,0.0,0.0,0.0,0.0,0.0,0.0,0.0,0.0,0.0,0.0,0.0,0.0,0.0,0.0,0.0,0.0,0.0,0.0,0.0,0.0,0.0,0.0,0.0,0.0,0.0,0.0,0.0,0.0,0.0,0.0,0.6888849139213562,0.9057586789131165,-0.408740222454071,0.2632959187030792,0.903385579586029,0.1173575967550277,0.5838402509689331,0.6401057839393616,-1.0715936422348022,0.2736257910728454,1.1428266763687134,-0.1315549910068512,You
0.5550398230552673,0.6197407841682434,4.194664029455453e-07,0.5700242519378662,0.5624762773513794,-0.005693579558283,0.5521746873855591,0.5118299722671509,-0.0177586339414119,0.5203793048858643,0.492889791727066,-0.0278760772198438,0.4953370988368988,0.4909836053848266,-0.0392995923757553,0.5701120495796204,0.5256191492080688,-0.0452854037284851,0.5699753761291504,0.4705253839492798,-0.0654856413602829,0.5758600234985352,0.4347314536571502,-0.0793753340840339,0.5818363428115845,0.4013164043426513,-0.0886179432272911,0.5491904616355896,0.5493950843811035,-0.0478769168257713,0.5230917930603027,0.4894667863845825,-0.0641983151435852,0.5107781887054443,0.4479690790176391,-0.0722469463944435,0.500759482383728,0.4160320460796356,-0.0806988626718521,0.5241270065307617,0.5686821937561035,-0.0478174649178981,0.492290735244751,0.5024857521057129,-0.0596161149442195,0.5059079527854919,0.5034728646278381,-0.0545851029455661,0.5211111903190613,0.5201553106307983,-0.0504156611859798,0.501583993434906,0.5815194249153137,-0.0475456751883029,0.4855883121490478,0.5236374735832214,-0.0565788745880126,0.4992972314357757,0.5253741145133972,-0.0517589747905731,0.5132312178611755,0.5426227450370789,-0.0471789538860321,0.0,0.0,0.0,0.0,0.0,0.0,0.0,0.0,0.0,0.0,0.0,0.0,0.0,0.0,0.0,0.0,0.0,0.0,0.0,0.0,0.0,0.0,0.0,0.0,0.0,0.0,0.0,0.0,0.0,0.0,0.0,0.0,0.0,0.0,0.0,0.0,0.0,0.0,0.0,0.0,0.0,0.0,0.0,0.0,0.0,0.0,0.0,0.0,0.0,0.0,0.0,0.0,0.0,0.0,0.0,0.0,0.0,0.0,0.0,0.0,0.0,0.0,0.0,0.6889240145683289,0.9056110978126526,-0.4088918566703796,0.2633121907711029,0.9033033847808838,0.1133177131414413,0.5841819643974304,0.6401396989822388,-1.0669667720794678,0.2736543416976928,1.1391972303390503,-0.149452805519104,You
0.5553473830223083,0.6191192865371704,4.150030008531758e-07,0.570438027381897,0.5604746341705322,-0.0050314427353441,0.55256587266922,0.5096836686134338,-0.0167723186314106,0.5205509662628174,0.4912188649177551,-0.0266166254878044,0.4948559701442718,0.4907913506031036,-0.0378194414079189,0.5696921348571777,0.526030421257019,-0.04474962875247,0.5699017643928528,0.470750629901886,-0.0642034262418747,0.5759595036506653,0.4348932802677154,-0.0774930194020271,0.5823707580566406,0.4016152024269104,-0.0862901955842971,0.5483729243278503,0.549701988697052,-0.0473045036196708,0.5221354961395264,0.4897632300853729,-0.0630886107683181,0.5106605887413025,0.4473341405391693,-0.0709669664502143,0.5013505816459656,0.4157506227493286,-0.0792059302330017,0.5235050916671753,0.5687107443809509,-0.047009315341711,0.4919805526733398,0.5019540786743164,-0.0579306185245513,0.5061335563659668,0.5001885294914246,-0.0532763712108135,0.5213117599487305,0.5155438184738159,-0.049522940069437,0.5015897750854492,0.5812413096427917,-0.0464049987494945,0.4863105118274688,0.5239706039428711,-0.054455678910017,0.5005142688751221,0.5232627391815186,-0.0497613511979579,0.5145947337150574,0.5383201837539673,-0.0454529970884323,0.0,0.0,0.0,0.0,0.0,0.0,0.0,0.0,0.0,0.0,0.0,0.0,0.0,0.0,0.0,0.0,0.0,0.0,0.0,0.0,0.0,0.0,0.0,0.0,0.0,0.0,0.0,0.0,0.0,0.0,0.0,0.0,0.0,0.0,0.0,0.0,0.0,0.0,0.0,0.0,0.0,0.0,0.0,0.0,0.0,0.0,0.0,0.0,0.0,0.0,0.0,0.0,0.0,0.0,0.0,0.0,0.0,0.0,0.0,0.0,0.0,0.0,0.0,0.6889777779579163,0.9055367112159728,-0.4120892584323883,0.2633381485939026,0.9030791521072388,0.1113502755761146,0.5844597816467285,0.6404421925544739,-1.0701954364776611,0.2735615372657776,1.1409419775009155,-0.1580301076173782,You
0.5553112030029297,0.619641900062561,4.1705598619046214e-07,0.5704806447029114,0.5611392259597778,-0.0052259559743106,0.5531737208366394,0.5118093490600586,-0.0167401563376188,0.521607518196106,0.493056982755661,-0.0265353191643953,0.4954676926136017,0.4898388385772705,-0.0374958515167236,0.5690382122993469,0.5254836082458496,-0.0431531704962253,0.5698601603507996,0.4714586138725281,-0.0624304115772247,0.575221598148346,0.4363249540328979,-0.0753814876079559,0.5807968378067017,0.402913749217987,-0.0837939083576202,0.5474352240562439,0.549294114112854,-0.0460251457989215,0.5211396813392639,0.488358736038208,-0.0612820759415626,0.5087249279022217,0.4469667077064514,-0.0685617551207542,0.4988407492637634,0.415901780128479,-0.0763876736164093,0.5224980711936951,0.5684061646461487,-0.0463490337133407,0.4922171831130981,0.5016574263572693,-0.0579378381371498,0.5066314935684204,0.5017015933990479,-0.053254697471857,0.5223126411437988,0.5183098912239075,-0.0492336340248584,0.5002296566963196,0.5810263156890869,-0.0464201122522354,0.4858931303024292,0.5230333805084229,-0.055155761539936,0.4999495446681976,0.5238110423088074,-0.0502561777830123,0.513820230960846,0.5405721068382263,-0.0455811060965061,0.0,0.0,0.0,0.0,0.0,0.0,0.0,0.0,0.0,0.0,0.0,0.0,0.0,0.0,0.0,0.0,0.0,0.0,0.0,0.0,0.0,0.0,0.0,0.0,0.0,0.0,0.0,0.0,0.0,0.0,0.0,0.0,0.0,0.0,0.0,0.0,0.0,0.0,0.0,0.0,0.0,0.0,0.0,0.0,0.0,0.0,0.0,0.0,0.0,0.0,0.0,0.0,0.0,0.0,0.0,0.0,0.0,0.0,0.0,0.0,0.0,0.0,0.0,0.6893134713172913,0.90548974275589,-0.4259758591651916,0.2633660137653351,0.903093159198761,0.1312485635280609,0.5847557187080383,0.6404377818107605,-1.0707695484161377,0.2735218107700348,1.140701174736023,-0.1340051740407943,You
0.5552089810371399,0.6179775595664978,4.3542485173020406e-07,0.5701593160629272,0.5577985644340515,-0.0063277799636125,0.5513383746147156,0.5078462362289429,-0.0184815190732479,0.5182992815971375,0.4897779822349548,-0.0288198832422494,0.4916279017925262,0.4874478280544281,-0.0402707383036613,0.5684208273887634,0.5234655141830444,-0.0436234474182128,0.5695567727088928,0.4705693125724792,-0.0634303539991378,0.575201690196991,0.4360217154026031,-0.0768709108233451,0.58095782995224,0.4027373790740967,-0.0857471227645874,0.5475908517837524,0.5480334758758545,-0.0461743026971817,0.5208227038383484,0.4884513914585113,-0.0623344406485557,0.5079817175865173,0.4468758106231689,-0.070305585861206,0.4982085227966308,0.4155132174491882,-0.0787024497985839,0.5229480862617493,0.5679178833961487,-0.0462862662971019,0.4917826056480407,0.501028299331665,-0.0584479421377182,0.5055392384529114,0.5008299350738525,-0.053457885980606,0.5213431715965271,0.5174773931503296,-0.0491336397826671,0.5003857016563416,0.5811229348182678,-0.0462687276303768,0.4854154586791992,0.5222749710083008,-0.0550685860216617,0.4990788102149963,0.52316814661026,-0.0498391203582286,0.5129926204681396,0.5409191250801086,-0.044954240322113,0.0,0.0,0.0,0.0,0.0,0.0,0.0,0.0,0.0,0.0,0.0,0.0,0.0,0.0,0.0,0.0,0.0,0.0,0.0,0.0,0.0,0.0,0.0,0.0,0.0,0.0,0.0,0.0,0.0,0.0,0.0,0.0,0.0,0.0,0.0,0.0,0.0,0.0,0.0,0.0,0.0,0.0,0.0,0.0,0.0,0.0,0.0,0.0,0.0,0.0,0.0,0.0,0.0,0.0,0.0,0.0,0.0,0.0,0.0,0.0,0.0,0.0,0.0,0.6893907189369202,0.9055118560791016,-0.4275333285331726,0.2632096111774444,0.9028113484382628,0.1329840272665023,0.5852317214012146,0.6404929757118225,-1.072354793548584,0.2735225856304168,1.139548659324646,-0.1332025676965713,You
0.5549158453941345,0.6186726093292236,4.398998783017305e-07,0.5699918866157532,0.559806764125824,-0.0064193774014711,0.5511533617973328,0.5094885230064392,-0.0186667069792747,0.5183036923408508,0.4911238849163055,-0.0288399551063776,0.4922066628932953,0.4894818067550659,-0.0400892868638038,0.5684096813201904,0.5251018404960632,-0.0454781763255596,0.5688559412956238,0.4710366427898407,-0.0656038001179695,0.5747203230857849,0.4355028569698334,-0.0792947262525558,0.5805454254150391,0.401678204536438,-0.0884250178933143,0.5470504760742188,0.5490561127662659,-0.0476767234504222,0.5211275815963745,0.4892469942569732,-0.0641196519136428,0.5088489651679993,0.4471767544746399,-0.072316475212574,0.4991360306739807,0.4156185984611511,-0.0809631794691085,0.521816611289978,0.5682762265205383,-0.0472363792359828,0.4908795356750488,0.5012306571006775,-0.0589208677411079,0.5053176879882812,0.5012590289115906,-0.0536113940179348,0.521138608455658,0.5178139805793762,-0.049298707395792,0.499353289604187,0.5807875394821167,-0.0466789379715919,0.484776884317398,0.5219464898109436,-0.0551184229552745,0.4991724193096161,0.5230780243873596,-0.0498494990170002,0.51323401927948,0.5405426025390625,-0.0450603552162647,0.0,0.0,0.0,0.0,0.0,0.0,0.0,0.0,0.0,0.0,0.0,0.0,0.0,0.0,0.0,0.0,0.0,0.0,0.0,0.0,0.0,0.0,0.0,0.0,0.0,0.0,0.0,0.0,0.0,0.0,0.0,0.0,0.0,0.0,0.0,0.0,0.0,0.0,0.0,0.0,0.0,0.0,0.0,0.0,0.0,0.0,0.0,0.0,0.0,0.0,0.0,0.0,0.0,0.0,0.0,0.0,0.0,0.0,0.0,0.0,0.0,0.0,0.0,0.6893901228904724,0.9053496718406676,-0.4267410337924957,0.263064295053482,0.9024989008903505,0.1292284578084945,0.585578203201294,0.6402699947357178,-1.0729063749313354,0.2735264003276825,1.138171911239624,-0.1406229138374328,You
0.5543354749679565,0.6190124750137329,4.313097292651946e-07,0.5693832039833069,0.5604145526885986,-0.0065135760232806,0.5516017079353333,0.5107914209365845,-0.0186743140220642,0.5200138688087463,0.4911424815654754,-0.0288680810481309,0.4944338500499725,0.4877656996250152,-0.0401438437402248,0.5681348443031311,0.5259823203086853,-0.0446852594614028,0.5691689252853394,0.4719834327697754,-0.0647744461894035,0.5747727751731873,0.4366703033447265,-0.078171506524086,0.5803478956222534,0.4031120538711548,-0.0868919119238853,0.5468385219573975,0.5491922497749329,-0.0469568260014057,0.520724356174469,0.488966703414917,-0.0631692185997963,0.5080239772796631,0.4475182890892029,-0.070719875395298,0.4980544149875641,0.4160708785057068,-0.0787235721945762,0.5218627452850342,0.5679222941398621,-0.0467619262635707,0.4912101626396179,0.5012341737747192,-0.0588658638298511,0.5050444602966309,0.5021213889122009,-0.0534833893179893,0.5205805897712708,0.5191968679428101,-0.0488896183669567,0.4994705021381378,0.5801163911819458,-0.0464844703674316,0.4850631356239319,0.5217663645744324,-0.0554196834564209,0.4987897872924804,0.5233147144317627,-0.0502100959420204,0.512385904788971,0.5410270690917969,-0.0452782586216926,0.0,0.0,0.0,0.0,0.0,0.0,0.0,0.0,0.0,0.0,0.0,0.0,0.0,0.0,0.0,0.0,0.0,0.0,0.0,0.0,0.0,0.0,0.0,0.0,0.0,0.0,0.0,0.0,0.0,0.0,0.0,0.0,0.0,0.0,0.0,0.0,0.0,0.0,0.0,0.0,0.0,0.0,0.0,0.0,0.0,0.0,0.0,0.0,0.0,0.0,0.0,0.0,0.0,0.0,0.0,0.0,0.0,0.0,0.0,0.0,0.0,0.0,0.0,0.6894022226333618,0.9052941799163818,-0.4265115857124328,0.2630355954170227,0.9024564027786256,0.1267992705106735,0.5859473943710327,0.6399326920509338,-1.0756398439407349,0.2735071778297424,1.1372236013412476,-0.1435375064611435,You
0.554283857345581,0.6186947822570801,4.341929980000714e-07,0.5697446465492249,0.559884250164032,-0.0061741638928651,0.5521355271339417,0.5101219415664673,-0.0182736050337553,0.5206906199455261,0.4907634854316711,-0.02832892537117,0.4951944947242737,0.4876603484153747,-0.0394997000694274,0.5683843493461609,0.5259525179862976,-0.0449394918978214,0.5693715810775757,0.4723116159439087,-0.0649016499519348,0.575112521648407,0.4368540048599243,-0.0784313455224037,0.5808752775192261,0.403123676776886,-0.087331473827362,0.5468437075614929,0.5495980978012085,-0.0471782945096492,0.5207279920578003,0.4891119301319122,-0.0630766078829765,0.5080177783966064,0.4473747909069061,-0.0706501230597496,0.4981842339038849,0.4161210656166076,-0.078820064663887,0.5215703248977661,0.5682481527328491,-0.0468569248914718,0.491375595331192,0.5008354187011719,-0.0583744831383228,0.5052196979522705,0.5007176399230957,-0.0530486367642879,0.5207854509353638,0.5174909234046936,-0.0486874394118785,0.4990998208522796,0.5800572037696838,-0.0463936738669872,0.4848353266716003,0.5212047696113586,-0.0549076572060585,0.4988293647766113,0.5224467515945435,-0.0497139617800712,0.5126179456710815,0.5400452017784119,-0.0449081361293792,0.0,0.0,0.0,0.0,0.0,0.0,0.0,0.0,0.0,0.0,0.0,0.0,0.0,0.0,0.0,0.0,0.0,0.0,0.0,0.0,0.0,0.0,0.0,0.0,0.0,0.0,0.0,0.0,0.0,0.0,0.0,0.0,0.0,0.0,0.0,0.0,0.0,0.0,0.0,0.0,0.0,0.0,0.0,0.0,0.0,0.0,0.0,0.0,0.0,0.0,0.0,0.0,0.0,0.0,0.0,0.0,0.0,0.0,0.0,0.0,0.0,0.0,0.0,0.6894248723983765,0.9052802324295044,-0.4261442124843597,0.2629205882549286,0.902402937412262,0.119919016957283,0.5862498879432678,0.6396241784095764,-1.0781298875808716,0.2735215723514557,1.1372560262680054,-0.1511700302362442,You
0.5536676049232483,0.6203240156173706,4.1722933019627817e-07,0.5689733624458313,0.5625916719436646,-0.0061147767119109,0.551775336265564,0.5134741067886353,-0.0180325713008642,0.5193278789520264,0.4951024353504181,-0.0279459953308105,0.4934580326080322,0.4922561049461365,-0.0388693585991859,0.5684398412704468,0.5262362360954285,-0.0440635457634925,0.5685352087020874,0.4736616611480713,-0.0641388967633247,0.5739970803260803,0.4387809634208679,-0.0782759338617324,0.579550564289093,0.4052989482879638,-0.0876584127545356,0.5467279553413391,0.5503794550895691,-0.046395868062973,0.5205119848251343,0.4907531142234802,-0.0618563555181026,0.5073437094688416,0.4497632980346679,-0.0696454420685768,0.4968906939029693,0.418749064207077,-0.0781453251838684,0.5213786959648132,0.569593071937561,-0.0462359450757503,0.4913836121559143,0.5027810335159302,-0.0573523230850696,0.505343496799469,0.5032009482383728,-0.0518284663558006,0.5209124684333801,0.520028293132782,-0.0475076287984848,0.4987842440605163,0.582248866558075,-0.0459909290075302,0.4844213724136352,0.5231014490127563,-0.0541336052119731,0.4980557262897491,0.5247148275375366,-0.0484654232859611,0.5116077661514282,0.5424372553825378,-0.0434134453535079,0.0,0.0,0.0,0.0,0.0,0.0,0.0,0.0,0.0,0.0,0.0,0.0,0.0,0.0,0.0,0.0,0.0,0.0,0.0,0.0,0.0,0.0,0.0,0.0,0.0,0.0,0.0,0.0,0.0,0.0,0.0,0.0,0.0,0.0,0.0,0.0,0.0,0.0,0.0,0.0,0.0,0.0,0.0,0.0,0.0,0.0,0.0,0.0,0.0,0.0,0.0,0.0,0.0,0.0,0.0,0.0,0.0,0.0,0.0,0.0,0.0,0.0,0.0,0.6894269585609436,0.9052676558494568,-0.4298932552337646,0.2630230784416199,0.9024802446365356,0.1211083084344863,0.5863409042358398,0.639755129814148,-1.0815614461898804,0.2734110951423645,1.1534804105758667,-0.1462043225765228,You
0.5534520149230957,0.6198134422302246,4.136884399486007e-07,0.568825364112854,0.5624053478240967,-0.0060100234113633,0.5521199107170105,0.512917697429657,-0.0179860647767782,0.5205942392349243,0.4945939183235168,-0.0278482474386692,0.4950006306171417,0.4927647411823272,-0.0388330519199371,0.5685007572174072,0.5269603133201599,-0.0453500188887119,0.5687124133110046,0.47403484582901,-0.0651014894247055,0.5740929841995239,0.4391053915023803,-0.0786794051527977,0.5796613693237305,0.4057044982910156,-0.0876920670270919,0.5468412041664124,0.5503270626068115,-0.0475077480077743,0.5200243592262268,0.4903835654258728,-0.0627534165978431,0.506659746170044,0.4495358467102051,-0.0700250789523124,0.4960316121578216,0.4189315140247345,-0.078123077750206,0.5214348435401917,0.5688275098800659,-0.0470382198691368,0.4918650388717651,0.5026035308837891,-0.0579734817147254,0.5061432123184204,0.5029672384262085,-0.0525484196841716,0.5216866731643677,0.5198354721069336,-0.0482896901667118,0.4987451434135437,0.5806482434272766,-0.0464103184640407,0.4844474792480469,0.522039532661438,-0.0546874068677425,0.4982164204120636,0.5235504508018494,-0.0494139678776264,0.5117575526237488,0.5411353707313538,-0.0446337386965751,0.0,0.0,0.0,0.0,0.0,0.0,0.0,0.0,0.0,0.0,0.0,0.0,0.0,0.0,0.0,0.0,0.0,0.0,0.0,0.0,0.0,0.0,0.0,0.0,0.0,0.0,0.0,0.0,0.0,0.0,0.0,0.0,0.0,0.0,0.0,0.0,0.0,0.0,0.0,0.0,0.0,0.0,0.0,0.0,0.0,0.0,0.0,0.0,0.0,0.0,0.0,0.0,0.0,0.0,0.0,0.0,0.0,0.0,0.0,0.0,0.0,0.0,0.0,0.6894286870956421,0.90525621175766,-0.4327662885189056,0.2631174325942993,0.90252947807312,0.120941661298275,0.5864366292953491,0.6397919058799744,-1.0836999416351318,0.2734537720680237,1.155501127243042,-0.1451118886470794,You
0.5545430779457092,0.6201532483100891,4.151198709223536e-07,0.569191575050354,0.564570426940918,-0.0058523751795291,0.5527158379554749,0.5167227983474731,-0.0182476975023746,0.5220581889152527,0.4984903335571289,-0.0285478420555591,0.4968570470809936,0.4954742193222046,-0.0400779917836189,0.5687405467033386,0.5288086533546448,-0.0468147285282611,0.5688978433609009,0.4740532636642456,-0.0667688772082328,0.574438214302063,0.4390724897384643,-0.0799792259931564,0.5801963806152344,0.4061842858791351,-0.0885040611028671,0.5474859476089478,0.5518055558204651,-0.0491373017430305,0.5208185911178589,0.4907218217849731,-0.0649134665727615,0.5074824690818787,0.4500416219234466,-0.0720838010311126,0.4971681535243988,0.4189863801002502,-0.079848788678646,0.5224562287330627,0.5700207352638245,-0.0487007312476635,0.4930975437164306,0.5036351680755615,-0.0604053437709808,0.5062911510467529,0.5045788288116455,-0.0551527477800846,0.5211724638938904,0.5213686227798462,-0.0507521368563175,0.4999835193157196,0.581839919090271,-0.0479833669960498,0.4863187372684479,0.5235427618026733,-0.0567709542810916,0.4995878040790558,0.525287926197052,-0.0515349544584751,0.5128819942474365,0.54283607006073,-0.0466031469404697,0.0,0.0,0.0,0.0,0.0,0.0,0.0,0.0,0.0,0.0,0.0,0.0,0.0,0.0,0.0,0.0,0.0,0.0,0.0,0.0,0.0,0.0,0.0,0.0,0.0,0.0,0.0,0.0,0.0,0.0,0.0,0.0,0.0,0.0,0.0,0.0,0.0,0.0,0.0,0.0,0.0,0.0,0.0,0.0,0.0,0.0,0.0,0.0,0.0,0.0,0.0,0.0,0.0,0.0,0.0,0.0,0.0,0.0,0.0,0.0,0.0,0.0,0.0,0.6895804405212402,0.9051761627197266,-0.4328463673591614,0.2631297707557678,0.9024644494056702,0.1296183317899704,0.5865898728370667,0.6399479508399963,-1.0835171937942505,0.2737467586994171,1.1484609842300415,-0.1342142820358276,You
0.5550493001937866,0.62009596824646,4.2063442151629726e-07,0.5692682862281799,0.5629900693893433,-0.0062910355627536,0.5508942604064941,0.5136431455612183,-0.0183892585337162,0.5186983346939087,0.4952457547187805,-0.0285088066011667,0.492431104183197,0.4925364255905151,-0.0398093424737453,0.5690606832504272,0.5271414518356323,-0.0444055199623107,0.5692408084869385,0.4735298156738281,-0.0643445253372192,0.574836015701294,0.4391027390956878,-0.077815793454647,0.580552875995636,0.4061979651451111,-0.0866074040532112,0.5481962561607361,0.5503416657447815,-0.0469310916960239,0.5206731557846069,0.4894279539585113,-0.062276903539896,0.5076425075531006,0.4492614269256592,-0.0694789439439773,0.4981004595756531,0.418485939502716,-0.0774518698453903,0.5233981609344482,0.5692707896232605,-0.0470853820443153,0.4920619428157806,0.5030506253242493,-0.0591746941208839,0.5042911171913147,0.504114031791687,-0.0543926879763603,0.5192596912384033,0.5213959813117981,-0.0502803958952426,0.5005400776863098,0.5820883512496948,-0.047052651643753,0.4856255650520324,0.5239601135253906,-0.0562665425240993,0.4983616471290588,0.5260561108589172,-0.0513902567327022,0.511559247970581,0.5446029305458069,-0.0467807315289974,0.0,0.0,0.0,0.0,0.0,0.0,0.0,0.0,0.0,0.0,0.0,0.0,0.0,0.0,0.0,0.0,0.0,0.0,0.0,0.0,0.0,0.0,0.0,0.0,0.0,0.0,0.0,0.0,0.0,0.0,0.0,0.0,0.0,0.0,0.0,0.0,0.0,0.0,0.0,0.0,0.0,0.0,0.0,0.0,0.0,0.0,0.0,0.0,0.0,0.0,0.0,0.0,0.0,0.0,0.0,0.0,0.0,0.0,0.0,0.0,0.0,0.0,0.0,0.6896822452545166,0.9051492810249328,-0.4328921437263489,0.2631355822086334,0.9023749232292176,0.1295280754566192,0.5866250395774841,0.6399454474449158,-1.0834169387817385,0.2740559577941894,1.1483635902404783,-0.1360103189945221,You
0.5556764006614685,0.6194696426391602,4.284370618279354e-07,0.5698042511940002,0.5625083446502686,-0.005824870429933,0.5531271696090698,0.5132715106010437,-0.0175005234777927,0.5221700072288513,0.4965530931949615,-0.0272940322756767,0.4966159462928772,0.4954994916915893,-0.0383287705481052,0.5685334205627441,0.5279769897460938,-0.0442519858479499,0.5689414739608765,0.4728512167930603,-0.0632732436060905,0.5747799873352051,0.4383881390094757,-0.0759460404515266,0.5812214016914368,0.405483990907669,-0.084196075797081,0.5476887822151184,0.55072021484375,-0.04650903865695,0.520982563495636,0.490324854850769,-0.0620254017412662,0.5083284974098206,0.449511855840683,-0.0695748403668403,0.4989848434925079,0.4178827404975891,-0.0775176659226417,0.5230796337127686,0.568930447101593,-0.0461310185492038,0.4933995008468628,0.5029011964797974,-0.0582074411213398,0.5052990317344666,0.504065752029419,-0.0538839250802993,0.5195088982582092,0.5210397243499756,-0.049868781119585,0.5005693435668945,0.5808237195014954,-0.0454366095364093,0.4871783852577209,0.5229625105857849,-0.0543134063482284,0.4999360740184784,0.5253820419311523,-0.0494947209954261,0.5130333304405212,0.5440710186958313,-0.0448241345584392,0.0,0.0,0.0,0.0,0.0,0.0,0.0,0.0,0.0,0.0,0.0,0.0,0.0,0.0,0.0,0.0,0.0,0.0,0.0,0.0,0.0,0.0,0.0,0.0,0.0,0.0,0.0,0.0,0.0,0.0,0.0,0.0,0.0,0.0,0.0,0.0,0.0,0.0,0.0,0.0,0.0,0.0,0.0,0.0,0.0,0.0,0.0,0.0,0.0,0.0,0.0,0.0,0.0,0.0,0.0,0.0,0.0,0.0,0.0,0.0,0.0,0.0,0.0,0.6897705793380737,0.9051066637039183,-0.4369832575321197,0.2629318833351135,0.9020965099334716,0.1284446120262146,0.5866881012916565,0.6398998498916626,-1.0895676612854004,0.2742418646812439,1.1389557123184204,-0.1375426799058914,You
0.5556995272636414,0.6191932559013367,4.242767204232223e-07,0.5702483654022217,0.5618188381195068,-0.0062483972869813,0.5533532500267029,0.5137595534324646,-0.0179524403065443,0.5227639675140381,0.4953361451625824,-0.0277777332812547,0.4977662861347198,0.4928011894226074,-0.0386614166200161,0.5694007277488708,0.5260868072509766,-0.0434810072183609,0.5698136687278748,0.4727954864501953,-0.0631179809570312,0.5754918456077576,0.4382515251636505,-0.0762553364038467,0.5812828540802002,0.4055444002151489,-0.0847396776080131,0.5484829545021057,0.548630952835083,-0.0457348935306072,0.522041916847229,0.4897540807723999,-0.0616186000406742,0.5092268586158752,0.4493323564529419,-0.0693688243627548,0.4993599951267242,0.4191113710403442,-0.0774143636226654,0.5237092971801758,0.5672410726547241,-0.0456220805644989,0.493926852941513,0.5016807913780212,-0.0581285655498504,0.5064050555229187,0.5008367896080017,-0.0544559583067894,0.5213174223899841,0.5171964168548584,-0.0508580468595027,0.5007992386817932,0.5795491337776184,-0.0452745519578456,0.4866271615028381,0.5215684175491333,-0.0546865090727806,0.4991649985313415,0.5216541290283203,-0.0506502352654933,0.5123437643051147,0.5388491153717041,-0.0465018115937709,0.0,0.0,0.0,0.0,0.0,0.0,0.0,0.0,0.0,0.0,0.0,0.0,0.0,0.0,0.0,0.0,0.0,0.0,0.0,0.0,0.0,0.0,0.0,0.0,0.0,0.0,0.0,0.0,0.0,0.0,0.0,0.0,0.0,0.0,0.0,0.0,0.0,0.0,0.0,0.0,0.0,0.0,0.0,0.0,0.0,0.0,0.0,0.0,0.0,0.0,0.0,0.0,0.0,0.0,0.0,0.0,0.0,0.0,0.0,0.0,0.0,0.0,0.0,0.6897643804550171,0.9050357341766356,-0.4386141896247864,0.2630471587181091,0.902094542980194,0.1168070808053016,0.5864124894142151,0.6397596001625061,-1.0966424942016602,0.2743174135684967,1.139839768409729,-0.1610596925020218,You
0.5566636919975281,0.6206695437431335,4.1375687942490913e-07,0.5717323422431946,0.5658705234527588,-0.0060934000648558,0.5564227104187012,0.5186107754707336,-0.0177027452737092,0.5275980234146118,0.4989684224128723,-0.0273437332361936,0.5027209520339966,0.4934300482273102,-0.0380326621234416,0.5708683729171753,0.5284602046012878,-0.0439938232302665,0.571582019329071,0.4724682569503784,-0.0629311501979827,0.5769883990287781,0.4379501342773437,-0.0751371383666992,0.5827579498291016,0.4053594470024109,-0.0828439593315124,0.5490107536315918,0.5494066476821899,-0.0459399595856666,0.5235052108764648,0.4884450435638428,-0.0610639862716198,0.5104838013648987,0.4483788609504699,-0.0678393840789794,0.5003839135169983,0.4177269637584686,-0.0751222223043441,0.5237030386924744,0.5665959715843201,-0.0454056002199649,0.4967063367366791,0.5011233687400818,-0.0571421682834625,0.5094102621078491,0.5020604729652405,-0.0526756644248962,0.523615300655365,0.5192707777023315,-0.0486640892922878,0.50094074010849,0.5777639746665955,-0.0446406416594982,0.4886233210563659,0.5202363729476929,-0.0536985956132411,0.5013433694839478,0.5219674706459045,-0.049204982817173,0.5137532949447632,0.5396507978439331,-0.0447058752179145,0.0,0.0,0.0,0.0,0.0,0.0,0.0,0.0,0.0,0.0,0.0,0.0,0.0,0.0,0.0,0.0,0.0,0.0,0.0,0.0,0.0,0.0,0.0,0.0,0.0,0.0,0.0,0.0,0.0,0.0,0.0,0.0,0.0,0.0,0.0,0.0,0.0,0.0,0.0,0.0,0.0,0.0,0.0,0.0,0.0,0.0,0.0,0.0,0.0,0.0,0.0,0.0,0.0,0.0,0.0,0.0,0.0,0.0,0.0,0.0,0.0,0.0,0.0,0.6898866891860962,0.9050187468528748,-0.4363424777984619,0.2639036476612091,0.902319610118866,0.1159438341856002,0.5865440368652344,0.6406144499778748,-1.0920851230621338,0.2750104069709778,1.135661005973816,-0.1612897217273712,You
0.32065489888191223,0.7353800535202026,3.000022559263016e-07,0.34753653407096863,0.7048380970954895,-0.013328260742127895,0.3948597311973572,0.712957501411438,-0.02715025097131729,0.4285576045513153,0.742340087890625,-0.037217166274785995,0.4362078011035919,0.7595725059509277,-0.04655316099524498,0.38053402304649353,0.6886236667633057,-0.05073447525501251,0.42146211862564087,0.6885218024253845,-0.06792814284563065,0.44520244002342224,0.685878574848175,-0.07734201103448868,0.4615027606487274,0.6826753616333008,-0.08337140828371048,0.3728707730770111,0.7229198813438416,-0.05221374332904816,0.42056792974472046,0.7299256920814514,-0.07064462453126907,0.4517115354537964,0.7271040081977844,-0.07832816243171692,0.4721291959285736,0.7227864265441895,-0.08477281779050827,0.3675946295261383,0.760780394077301,-0.05169953033328056,0.42302435636520386,0.7849907875061035,-0.06710584461688995,0.4232824742794037,0.7723862528800964,-0.06584449857473373,0.4108053147792816,0.7570018172264099,-0.06364760547876358,0.3674027919769287,0.7950537204742432,-0.051685530692338943,0.411987841129303,0.8063560128211975,-0.06302261352539062,0.4096611440181732,0.7855872511863708,-0.061338841915130615,0.39667975902557373,0.7682064175605774,-0.05915491655468941,0.645200252532959,0.7063143253326416,4.231669379350933e-07,0.6085823774337769,0.6554591059684753,0.0012397689279168844,0.5614833235740662,0.650169849395752,-0.0060533881187438965,0.5338677167892456,0.6766114830970764,-0.01359229814261198,0.5191099047660828,0.7083207964897156,-0.022926239296793938,0.5503638982772827,0.6371548771858215,-0.030339354649186134,0.49118706583976746,0.6318550705909729,-0.04473581537604332,0.45748811960220337,0.6273126602172852,-0.05227561667561531,0.428230345249176,0.624509871006012,-0.055592041462659836,0.5479205846786499,0.6787077188491821,-0.03615611419081688,0.4822542369365692,0.6663883328437805,-0.04568279907107353,0.4430309534072876,0.6566998958587646,-0.047894518822431564,0.41084420680999756,0.6527944207191467,-0.04938364401459694,0.5511015057563782,0.7205394506454468,-0.03920910134911537,0.5010188817977905,0.7258859872817993,-0.04511315003037453,0.5154955387115479,0.7155032753944397,-0.03778611496090889,0.5338616371154785,0.7100772857666016,-0.030884740874171257,0.5590672492980957,0.7561721205711365,-0.04193972423672676,0.5237381458282471,0.7482187151908875,-0.041689153760671616,0.535951554775238,0.7363142967224121,-0.030241182073950768,0.5512696504592896,0.7312966585159302,-0.020701026543974876,0.8202618360519409,0.8548712134361267,-0.4904361665248871,0.19088567793369293,0.8510157465934753,-0.5568915009498596,0.6223597526550293,0.7057536840438843,-1.2129734754562378,0.35108786821365356,0.7260595560073853,-1.3947597742080688,Soon
0.3210366368293762,0.7354243397712708,3.0916157811589073e-07,0.3473459482192993,0.7053205966949463,-0.013724889606237411,0.3943379819393158,0.7114020586013794,-0.027949701994657516,0.42827484011650085,0.7386839985847473,-0.038194913417100906,0.43654918670654297,0.7555251121520996,-0.047728538513183594,0.3807263970375061,0.688992440700531,-0.05265607684850693,0.4215487539768219,0.6878546476364136,-0.07087555527687073,0.44616541266441345,0.6848146915435791,-0.08123892545700073,0.4634050130844116,0.6815950274467468,-0.08799692243337631,0.3731236159801483,0.7225769758224487,-0.053986914455890656,0.42024123668670654,0.7296862602233887,-0.07350724190473557,0.4518204629421234,0.7265895009040833,-0.08181429654359818,0.47246116399765015,0.7224571704864502,-0.08866807073354721,0.3678199052810669,0.7601624131202698,-0.053240954875946045,0.42250296473503113,0.7841442823410034,-0.0689333900809288,0.42342376708984375,0.7695280313491821,-0.06749539822340012,0.41150805354118347,0.752852737903595,-0.065268874168396,0.3675796091556549,0.7939785122871399,-0.05306025967001915,0.4115094840526581,0.8053711652755737,-0.06499052792787552,0.41050389409065247,0.7838926911354065,-0.06361662596464157,0.39917561411857605,0.7659841775894165,-0.06155897304415703,0.6455537676811218,0.7063587307929993,4.274414209248789e-07,0.6089450120925903,0.6556342244148254,0.0007086870609782636,0.5616263151168823,0.6504694223403931,-0.006666271016001701,0.5338018536567688,0.6771097183227539,-0.014186219312250614,0.5192986726760864,0.708824098110199,-0.023464033380150795,0.550646960735321,0.6375423669815063,-0.030426496639847755,0.4911852180957794,0.6318343877792358,-0.044727832078933716,0.45750904083251953,0.6272109746932983,-0.052108898758888245,0.4282655715942383,0.6244818568229675,-0.055274598300457,0.5482646226882935,0.6791802048683167,-0.03601162135601044,0.482677161693573,0.6664291620254517,-0.045628998428583145,0.44354045391082764,0.6567085385322571,-0.04785002022981644,0.41135668754577637,0.6528750061988831,-0.049240630120038986,0.551472544670105,0.720889687538147,-0.03890090435743332,0.5019851326942444,0.7257243990898132,-0.04500965029001236,0.5164765119552612,0.715074360370636,-0.037853777408599854,0.5346724987030029,0.7095333337783813,-0.030971311032772064,0.559398889541626,0.7563928961753845,-0.04150227829813957,0.5242328643798828,0.748172402381897,-0.04122701287269592,0.5363370776176453,0.7362542748451233,-0.029788728803396225,0.5514700412750244,0.7313215732574463,-0.020262273028492928,0.8204986453056335,0.8548944592475891,-0.4863097667694092,0.19072911143302917,0.8509232401847839,-0.5568372011184692,0.6224308013916016,0.70534747838974,-1.2108579874038696,0.35103553533554077,0.7256031632423401,-1.3923790454864502,Soon
0.3210420608520508,0.73558509349823,3.1663017807659344e-07,0.34676647186279297,0.7186005711555481,-0.015755750238895416,0.394246906042099,0.7253046631813049,-0.03011060692369938,0.43024182319641113,0.7425399422645569,-0.03971036523580551,0.4411417245864868,0.7478708624839783,-0.04837826266884804,0.380218505859375,0.6941903233528137,-0.05441102012991905,0.42248472571372986,0.692040205001831,-0.07253313064575195,0.4463972747325897,0.6873973608016968,-0.08248020708560944,0.4635229706764221,0.6821862459182739,-0.08885443210601807,0.3731319308280945,0.720090925693512,-0.05404310300946236,0.42047014832496643,0.7264183759689331,-0.07368471473455429,0.45158353447914124,0.7244505286216736,-0.08165112882852554,0.4726148843765259,0.7210099697113037,-0.08799409866333008,0.36826378107070923,0.7517721056938171,-0.05168607085943222,0.4216805398464203,0.7743324637413025,-0.06766149401664734,0.42198219895362854,0.7661162614822388,-0.06601805239915848,0.4104720950126648,0.7546890377998352,-0.06347780674695969,0.368012398481369,0.7821049094200134,-0.050017163157463074,0.41049835085868835,0.7973226308822632,-0.062273863703012466,0.4096018373966217,0.7819708585739136,-0.061135049909353256,0.39947038888931274,0.7685161828994751,-0.059080395847558975,0.64552241563797,0.706506609916687,4.270777651527169e-07,0.6091806888580322,0.6561374068260193,0.000840751628857106,0.5619117617607117,0.6506727933883667,-0.006383441388607025,0.5337533354759216,0.6765860319137573,-0.013746202923357487,0.518968939781189,0.7078988552093506,-0.022840959951281548,0.5501119494438171,0.6373396515846252,-0.03029444068670273,0.49108564853668213,0.6315551400184631,-0.04485918581485748,0.4575319290161133,0.6269258856773376,-0.0525975376367569,0.4282625913619995,0.6241621375083923,-0.056045129895210266,0.5477387309074402,0.6788013577461243,-0.0359935536980629,0.48254528641700745,0.6658992767333984,-0.04559626057744026,0.44341298937797546,0.656428873538971,-0.04793000593781471,0.410983681678772,0.6526423096656799,-0.04948221892118454,0.5512093901634216,0.7206593155860901,-0.03901675343513489,0.5022070407867432,0.7265017628669739,-0.045104797929525375,0.517143189907074,0.7164022922515869,-0.03774416819214821,0.5354522466659546,0.7107275128364563,-0.030809003859758377,0.5597356557846069,0.7567408084869385,-0.041783303022384644,0.5252969264984131,0.7493085861206055,-0.041632432490587234,0.5378854274749756,0.7380313873291016,-0.030129510909318924,0.552922248840332,0.7330603003501892,-0.02056852914392948,0.8206911087036133,0.8552085757255554,-0.4925476908683777,0.19057857990264893,0.8510233163833618,-0.5549671053886414,0.6224366426467896,0.7055091857910156,-1.215019941329956,0.3514271378517151,0.7247816920280457,-1.3964046239852905,Soon
0.32050031423568726,0.7357972860336304,3.199124023467448e-07,0.3471524715423584,0.7213883996009827,-0.016553223133087158,0.3967532515525818,0.7338220477104187,-0.03208290785551071,0.43195271492004395,0.7550305724143982,-0.042791884392499924,0.43637678027153015,0.760644257068634,-0.05277660861611366,0.38075995445251465,0.6996402144432068,-0.056742746382951736,0.42338114976882935,0.700036883354187,-0.07473345845937729,0.44503697752952576,0.6945959329605103,-0.08392244577407837,0.45981889963150024,0.6879066228866577,-0.08958487957715988,0.37281468510627747,0.7230486869812012,-0.056412044912576675,0.4198400676250458,0.7276001572608948,-0.07677577435970306,0.4517054855823517,0.7246384024620056,-0.08504316210746765,0.4726139307022095,0.7209011316299438,-0.09152732789516449,0.3678174912929535,0.7520132660865784,-0.05385420843958855,0.4214455187320709,0.7737517356872559,-0.07006601989269257,0.4200115501880646,0.7674615979194641,-0.06793776154518127,0.40687188506126404,0.7580287456512451,-0.0649600625038147,0.36776697635650635,0.7800593376159668,-0.052026715129613876,0.41072186827659607,0.7909852862358093,-0.06293986737728119,0.4064554274082184,0.776305615901947,-0.060228895395994186,0.3933238685131073,0.7646192312240601,-0.057370398193597794,0.6460645198822021,0.7062703371047974,4.276347453924245e-07,0.6092880368232727,0.6563154458999634,0.0009634027956053615,0.5618492960929871,0.6511905789375305,-0.006131605710834265,0.5338363647460938,0.6771658658981323,-0.0134183494374156,0.5192006230354309,0.7088175415992737,-0.022432833909988403,0.5496751070022583,0.6375874280929565,-0.029595723375678062,0.4907767176628113,0.6320312023162842,-0.044020745903253555,0.4572467803955078,0.6270943284034729,-0.05166549235582352,0.42812231183052063,0.6239973902702332,-0.0549972839653492,0.5472420454025269,0.6787489652633667,-0.035375695675611496,0.48197221755981445,0.6665793061256409,-0.04502848908305168,0.4428454339504242,0.6573808789253235,-0.04752146080136299,0.41049355268478394,0.6536319851875305,-0.04908304288983345,0.5506853461265564,0.7204728126525879,-0.0385027639567852,0.5021335482597351,0.7268887162208557,-0.04480741545557976,0.5169110894203186,0.7170872688293457,-0.0378149189054966,0.5350150465965271,0.7114608287811279,-0.030991269275546074,0.5590947866439819,0.7566515207290649,-0.041336771100759506,0.5249371528625488,0.7496989965438843,-0.04126302897930145,0.5375311374664307,0.7387113571166992,-0.029910575598478317,0.5525162816047668,0.7337169647216797,-0.020380424335598946,0.8194493055343628,0.8560090661048889,-0.5123327970504761,0.1905752271413803,0.8510504961013794,-0.5592177510261536,0.6222437024116516,0.7057828307151794,-1.216861605644226,0.351731538772583,0.7241331934928894,-1.4159749746322632,Soon
0.3213563561439514,0.7340814471244812,3.153587329052243e-07,0.34900182485580444,0.706308126449585,-0.014622388407588005,0.3976437747478485,0.7162466049194336,-0.029650749638676643,0.4305359125137329,0.7471215128898621,-0.04077287018299103,0.4350614845752716,0.7664388418197632,-0.0511103980243206,0.38216984272003174,0.6911100149154663,-0.05417190119624138,0.42316871881484985,0.6914408802986145,-0.07293907552957535,0.446927547454834,0.6888605356216431,-0.08366996794939041,0.46336743235588074,0.6857171058654785,-0.09075872600078583,0.37406012415885925,0.7231507897377014,-0.055570490658283234,0.4209282696247101,0.7305602431297302,-0.07582861185073853,0.4521414041519165,0.7281066179275513,-0.0844772458076477,0.4723024368286133,0.7245580554008484,-0.0917137935757637,0.36816322803497314,0.7592909932136536,-0.05484936013817787,0.4230237305164337,0.7847012281417847,-0.07021968811750412,0.4213581681251526,0.7734084725379944,-0.06707858294248581,0.40740522742271423,0.7587875127792358,-0.0638602003455162,0.36727243661880493,0.7928332090377808,-0.05500246584415436,0.4116486608982086,0.8048819303512573,-0.06554839015007019,0.4076036214828491,0.7856643795967102,-0.062304623425006866,0.3933039903640747,0.7696092128753662,-0.059244126081466675,0.6462401151657104,0.7070137858390808,4.249571645686956e-07,0.6088240146636963,0.6567434668540955,0.0018706219270825386,0.5619756579399109,0.6519666910171509,-0.005086283665150404,0.5339963436126709,0.6781702637672424,-0.012458792887628078,0.5190421342849731,0.7097519636154175,-0.021568842232227325,0.5491832494735718,0.6376901268959045,-0.028580019250512123,0.49052268266677856,0.6325905323028564,-0.043096642941236496,0.4570382833480835,0.6275413632392883,-0.05104643478989601,0.427893728017807,0.6240346431732178,-0.05462006479501724,0.5467979907989502,0.6789074540138245,-0.03478558361530304,0.4820044934749603,0.6669666767120361,-0.04407845064997673,0.443343847990036,0.6573803424835205,-0.046302635222673416,0.4112270176410675,0.6527202129364014,-0.04783283546566963,0.5501716732978821,0.7209030985832214,-0.03838212043046951,0.501349151134491,0.7269797325134277,-0.044231705367565155,0.5167245864868164,0.7175660133361816,-0.03680473193526268,0.535199761390686,0.7119196653366089,-0.029882829636335373,0.558671772480011,0.757411003112793,-0.04167398437857628,0.5244565010070801,0.7503184080123901,-0.04135194048285484,0.5374826788902283,0.7395685911178589,-0.029773125424981117,0.5525336265563965,0.7345519661903381,-0.020146489143371582,0.815290629863739,0.8563748002052307,-0.5261738896369934,0.19067253172397614,0.8510690331459045,-0.5591522455215454,0.6210037469863892,0.7072004675865173,-1.2195212841033936,0.3517310321331024,0.7239449620246887,-1.418701410293579,Soon
0.3213372826576233,0.7348432540893555,3.177507039708871e-07,0.34929904341697693,0.7026395797729492,-0.01460527814924717,0.3977096378803253,0.7107711434364319,-0.0295442845672369,0.4311924874782562,0.7422890663146973,-0.04036331921815872,0.4349612593650818,0.7628965973854065,-0.0504114106297493,0.38230183720588684,0.6876577734947205,-0.054615430533885956,0.42263713479042053,0.6877391934394836,-0.07414411008358002,0.44844716787338257,0.6869048476219177,-0.08593491464853287,0.4667836129665375,0.6859188079833984,-0.09395916014909744,0.3746317923069,0.7236431241035461,-0.055874478071928024,0.420439213514328,0.7308758497238159,-0.07642325758934021,0.45305442810058594,0.7276971340179443,-0.08565571159124374,0.47430622577667236,0.72369384765625,-0.09349414706230164,0.368935763835907,0.7628785371780396,-0.055102910846471786,0.42371320724487305,0.7877605557441711,-0.0709066092967987,0.4252689778804779,0.772028386592865,-0.06947758793830872,0.413592129945755,0.754236102104187,-0.06757025420665741,0.3684849143028259,0.7977933287620544,-0.055117346346378326,0.41186654567718506,0.8080600500106812,-0.06730730831623077,0.41085949540138245,0.7843900918960571,-0.06646200269460678,0.3998752236366272,0.764860212802887,-0.06501135230064392,0.6464273929595947,0.7070267200469971,4.249727965088823e-07,0.6091688275337219,0.6567128300666809,0.0015213271835818887,0.5621219873428345,0.6520234942436218,-0.0055118463933467865,0.5339916944503784,0.6784058213233948,-0.012927944771945477,0.5191125869750977,0.710087239742279,-0.02202465571463108,0.5491864085197449,0.6378080248832703,-0.028482114896178246,0.4903673827648163,0.6326712369918823,-0.04293074831366539,0.45692920684814453,0.6275776028633118,-0.05079842358827591,0.42784175276756287,0.6240354776382446,-0.05431321635842323,0.546879768371582,0.6789796352386475,-0.03457409515976906,0.48201626539230347,0.6671741604804993,-0.04396330937743187,0.4434235095977783,0.6575368046760559,-0.04623518884181976,0.4113263189792633,0.6528241634368896,-0.047757744789123535,0.5502840280532837,0.7209176421165466,-0.0381111204624176,0.5016665458679199,0.7266807556152344,-0.044174112379550934,0.517098069190979,0.7172549366950989,-0.03686513751745224,0.5355585813522339,0.7117683291435242,-0.02994401752948761,0.5587338805198669,0.7573748826980591,-0.04137079417705536,0.5246186256408691,0.7499997615814209,-0.041166555136442184,0.5375899076461792,0.7392095923423767,-0.029680317267775536,0.5525832176208496,0.7342973947525024,-0.020106546580791473,0.8129171133041382,0.856792151927948,-0.5275717973709106,0.19067785143852234,0.8510677218437195,-0.5556122064590454,0.6202153563499451,0.7079342007637024,-1.2278649806976318,0.3517276346683502,0.7238286137580872,-1.4191213846206665,Soon
0.3212200105190277,0.7350469827651978,3.3330329074487963e-07,0.3496699929237366,0.6999316215515137,-0.014793997630476952,0.3965417742729187,0.705816388130188,-0.0306978989392519,0.42830872535705566,0.7394851446151733,-0.042724866420030594,0.43294405937194824,0.7650187015533447,-0.05403174087405205,0.3826054334640503,0.6866492629051208,-0.057022321969270706,0.4233472943305969,0.6867382526397705,-0.07785899937152863,0.44872018694877625,0.6854929327964783,-0.09075509756803513,0.4663086533546448,0.6840833425521851,-0.09950730949640274,0.3740735948085785,0.7239307165145874,-0.05867037922143936,0.4215855300426483,0.7323960661888123,-0.08053354173898697,0.45407187938690186,0.7290526032447815,-0.09101247042417526,0.4748733639717102,0.7253779768943787,-0.09974393248558044,0.3682103753089905,0.7646958827972412,-0.05801646411418915,0.42468035221099854,0.7891291975975037,-0.07365801185369492,0.42495623230934143,0.7720676064491272,-0.07116344571113586,0.4117812514305115,0.7540218830108643,-0.0686350092291832,0.3681054413318634,0.8008393049240112,-0.05829264596104622,0.41263923048973083,0.808709442615509,-0.06974667310714722,0.41079816222190857,0.7843870520591736,-0.06760736554861069,0.39775997400283813,0.7653371095657349,-0.0652024894952774,0.6467896699905396,0.7071948647499084,4.211207738080702e-07,0.6097251772880554,0.6566990613937378,0.0018612428102642298,0.5625022649765015,0.6519085168838501,-0.005021699238568544,0.5339875221252441,0.6780471205711365,-0.012288748286664486,0.5187332630157471,0.7097409963607788,-0.021295279264450073,0.5488623976707458,0.6378807425498962,-0.028691312298178673,0.4906117916107178,0.6330237984657288,-0.04333022981882095,0.45713648200035095,0.6278406381607056,-0.051684554666280746,0.4278745651245117,0.624180793762207,-0.05559946596622467,0.5466402769088745,0.6793277859687805,-0.034773070365190506,0.48190006613731384,0.6674993634223938,-0.044031061232089996,0.44303837418556213,0.6576241850852966,-0.04644836485385895,0.4107382893562317,0.6529139280319214,-0.048239853233098984,0.5501570701599121,0.7213448286056519,-0.03821272775530815,0.5009422898292542,0.7273157835006714,-0.04384163022041321,0.5162709355354309,0.7176507711410522,-0.036356884986162186,0.534937858581543,0.711940586566925,-0.02950330637395382,0.5587245225906372,0.757546067237854,-0.04136619344353676,0.5235840082168579,0.7501440644264221,-0.04084419831633568,0.5365382432937622,0.739250123500824,-0.029167868196964264,0.5517572164535522,0.7340604066848755,-0.019540974870324135,0.8109461665153503,0.8567995429039001,-0.5063394904136658,0.19067096710205078,0.8510667085647583,-0.5445874333381653,0.61794513463974,0.7096388339996338,-1.2009625434875488,0.3517741858959198,0.7238377332687378,-1.403280258178711,Soon
0.3211195468902588,0.7364060282707214,3.0648300253233174e-07,0.3484673798084259,0.7054727077484131,-0.014147471636533737,0.39710894227027893,0.7130076885223389,-0.028406837955117226,0.43160462379455566,0.7410743832588196,-0.03893965110182762,0.43685275316238403,0.7588199377059937,-0.04858521372079849,0.3827427327632904,0.688860297203064,-0.050946347415447235,0.42265263199806213,0.6876557469367981,-0.06950636208057404,0.4474506080150604,0.6855764389038086,-0.08045192807912827,0.4644070565700531,0.683694064617157,-0.08767390251159668,0.37542441487312317,0.7245421409606934,-0.05247882753610611,0.42139244079589844,0.7316747903823853,-0.07169796526432037,0.4534919261932373,0.7280543446540833,-0.08030915260314941,0.4743916094303131,0.7240411639213562,-0.08763821423053741,0.36963677406311035,0.7638630270957947,-0.05221247300505638,0.4241413176059723,0.7882834672927856,-0.06767351180315018,0.4237395226955414,0.772452712059021,-0.06590820848941803,0.4104859232902527,0.75509113073349,-0.06353408098220825,0.3687186539173126,0.7991434335708618,-0.05271188169717789,0.41218101978302,0.8088345527648926,-0.06456580758094788,0.4104832112789154,0.7848437428474426,-0.06314586102962494,0.3982483446598053,0.7651264071464539,-0.06112532690167427,0.6478884220123291,0.7077071070671082,4.1779367165872827e-07,0.6107434034347534,0.6576303839683533,0.0023857769556343555,0.5632877349853516,0.6526505947113037,-0.004165870137512684,0.5344858765602112,0.6780887842178345,-0.01114231813699007,0.5188883543014526,0.7093926668167114,-0.019840622320771217,0.5493990778923035,0.638257622718811,-0.028077861294150352,0.49070844054222107,0.6334028244018555,-0.04230855032801628,0.4571041762828827,0.6282438039779663,-0.050332870334386826,0.4278102219104767,0.6246922016143799,-0.054033443331718445,0.5471518635749817,0.6796894073486328,-0.034278929233551025,0.48219555616378784,0.6679142713546753,-0.043171077966690063,0.44343891739845276,0.6579040884971619,-0.045338403433561325,0.41119012236595154,0.6529738903045654,-0.04697248339653015,0.5506111979484558,0.7217292785644531,-0.037805039435625076,0.5008604526519775,0.7281486988067627,-0.0431528277695179,0.5160491466522217,0.7187261581420898,-0.035699691623449326,0.5347136855125427,0.7131407856941223,-0.028918065130710602,0.5590770840644836,0.7579591274261475,-0.040987320244312286,0.5237194895744324,0.7510591745376587,-0.040363945066928864,0.5366069674491882,0.7403244972229004,-0.028786733746528625,0.5517585277557373,0.7351554036140442,-0.01923189125955105,0.8098112344741821,0.8571440577507019,-0.49220284819602966,0.19066017866134644,0.8512270450592041,-0.5323964953422546,0.6168747544288635,0.7115424275398254,-1.1721924543380737,0.3517470955848694,0.7239147424697876,-1.3974578380584717,Soon
0.32119572162628174,0.7361316680908203,3.1912236408970784e-07,0.34932753443717957,0.7018126249313354,-0.013522048480808735,0.3972429037094116,0.7088174819946289,-0.028235234320163727,0.4299671947956085,0.7420421242713928,-0.039373062551021576,0.4349033832550049,0.7658560872077942,-0.04972035065293312,0.3824741244316101,0.6877145171165466,-0.053578879684209824,0.4231221377849579,0.6877368092536926,-0.07298268377780914,0.44816824793815613,0.6872081756591797,-0.08475853502750397,0.465678870677948,0.6865646839141846,-0.09274537116289139,0.3743181824684143,0.7244130373001099,-0.05565892532467842,0.4214879870414734,0.7321186065673828,-0.07625836879014969,0.4538012146949768,0.729174017906189,-0.08605260401964188,0.4749487042427063,0.7254994511604309,-0.09437043964862823,0.3685629963874817,0.7645391821861267,-0.055529914796352386,0.4243985414505005,0.7899883985519409,-0.07098438590765,0.4236980080604553,0.7744519710540771,-0.0688597783446312,0.41028282046318054,0.7567139863967896,-0.06652334332466125,0.3681129515171051,0.8004809617996216,-0.05617484077811241,0.41253602504730225,0.8097802400588989,-0.06752274185419083,0.40990689396858215,0.786543607711792,-0.06551375240087509,0.3966642916202545,0.7675087451934814,-0.06327404081821442,0.6486022472381592,0.7077640891075134,4.1784048221416015e-07,0.6111094355583191,0.6576968431472778,0.0027181694749742746,0.5635146498680115,0.6529341340065002,-0.0036908083129674196,0.5346726775169373,0.6780924797058105,-0.010590855963528156,0.5191131830215454,0.7093877792358398,-0.019178826361894608,0.5489203929901123,0.6382647752761841,-0.027431435883045197,0.4902474880218506,0.6334162950515747,-0.04152776300907135,0.4567594528198242,0.6279779672622681,-0.04958232864737511,0.4276118576526642,0.6241787075996399,-0.05331247299909592,0.5469511151313782,0.6797526478767395,-0.03378366306424141,0.48205044865608215,0.6682852506637573,-0.04247818514704704,0.4436754584312439,0.6581188440322876,-0.0445813424885273,0.4117230176925659,0.6529422998428345,-0.046192098408937454,0.5506380200386047,0.7217378616333008,-0.03748812898993492,0.5010199546813965,0.7286044359207153,-0.04268503934144974,0.5160383582115173,0.7192445397377014,-0.03539629280567169,0.5346165299415588,0.7135525941848755,-0.02879153937101364,0.5592743754386902,0.7578551173210144,-0.04083513095974922,0.5241191387176514,0.7512701749801636,-0.04011772572994232,0.5367699861526489,0.7403860688209534,-0.028696786612272263,0.5516722798347473,0.7348405122756958,-0.019291013479232788,0.8088841438293457,0.857507586479187,-0.48614200949668884,0.19054833054542542,0.8514470458030701,-0.5262430310249329,0.6160433888435364,0.7127447724342346,-1.1653616428375244,0.3516453802585602,0.7241343259811401,-1.3929126262664795,Soon
0.32106202840805054,0.7365810871124268,3.1368099939754757e-07,0.34833815693855286,0.7027955055236816,-0.012958792969584465,0.3958289325237274,0.7083582282066345,-0.027292117476463318,0.42929232120513916,0.7377549409866333,-0.037993233650922775,0.43582382798194885,0.7585141658782959,-0.047952551394701004,0.38321563601493835,0.6892794370651245,-0.05267756059765816,0.4228484034538269,0.6898412704467773,-0.07201657444238663,0.44683292508125305,0.68814617395401,-0.08370525389909744,0.4632115066051483,0.6858996748924255,-0.09140481799840927,0.3748546838760376,0.7245599031448364,-0.054837100207805634,0.421592652797699,0.7333216667175293,-0.0756797194480896,0.4538083076477051,0.7304388284683228,-0.08527462184429169,0.4748370945453644,0.7265922427177429,-0.09302636981010437,0.3688621520996094,0.7637325525283813,-0.05477861315011978,0.4231403172016144,0.7888317704200745,-0.07036393880844116,0.4239398241043091,0.7730871438980103,-0.06801576167345047,0.4122529923915863,0.7556124925613403,-0.06526776403188705,0.36799609661102295,0.7993344664573669,-0.05536840483546257,0.41176140308380127,0.8102319836616516,-0.0663924440741539,0.41017162799835205,0.7875293493270874,-0.06374923139810562,0.39835497736930847,0.769031822681427,-0.06088133156299591,0.6478483080863953,0.708612322807312,4.1872687006616616e-07,0.6100634336471558,0.6582433581352234,0.0030174856074154377,0.562805712223053,0.6532751321792603,-0.003146710805594921,0.5345267653465271,0.6790001392364502,-0.009873852133750916,0.5195020437240601,0.710734486579895,-0.01832139678299427,0.5490868091583252,0.6393431425094604,-0.02725365199148655,0.49046221375465393,0.6336961388587952,-0.04141366854310036,0.45670679211616516,0.6284662485122681,-0.049658097326755524,0.4273039698600769,0.6250064969062805,-0.05354450270533562,0.5469073057174683,0.6808069944381714,-0.03359949216246605,0.48195934295654297,0.6693930625915527,-0.04209357872605324,0.4432613253593445,0.6595678329467773,-0.04424753785133362,0.4108569622039795,0.6549022197723389,-0.04601559042930603,0.5503801703453064,0.7227526307106018,-0.03725002706050873,0.5005778670310974,0.7290792465209961,-0.042046353220939636,0.5155487060546875,0.7191985845565796,-0.03464760258793831,0.5339829921722412,0.7133259773254395,-0.02809421718120575,0.558815598487854,0.7589462995529175,-0.040548983961343765,0.5242621898651123,0.7516922950744629,-0.03950212523341179,0.5368742346763611,0.740660548210144,-0.028002245351672173,0.5516566634178162,0.7352410554885864,-0.018608231097459793,0.8089317083358765,0.8566380143165588,-0.44455185532569885,0.19053098559379578,0.8514469265937805,-0.4964507520198822,0.6160761117935181,0.715099036693573,-1.1193715333938599,0.35146188735961914,0.7252724170684814,-1.3644461631774902,Soon
0.32121795415878296,0.7360248565673828,3.200302103323338e-07,0.34882837533950806,0.7037329077720642,-0.012951213866472244,0.39662206172943115,0.7101299166679382,-0.0271283071488142,0.42950284481048584,0.7407922148704529,-0.0377570241689682,0.43479031324386597,0.7622817754745483,-0.047624651342630386,0.38416439294815063,0.689190149307251,-0.051693376153707504,0.4232032299041748,0.6895989179611206,-0.07086756825447083,0.4470139443874359,0.6877871155738831,-0.08264057338237762,0.4635455012321472,0.6848745346069336,-0.09045353531837463,0.375629186630249,0.723351001739502,-0.05392473191022873,0.42176806926727295,0.7330372929573059,-0.07472837716341019,0.4537535309791565,0.7308236360549927,-0.0843023806810379,0.4745810627937317,0.7267677783966064,-0.09198068827390671,0.3691982924938202,0.7620651721954346,-0.05403422191739082,0.422767698764801,0.7895971536636353,-0.06959011405706406,0.42284095287323,0.7746400237083435,-0.06723730266094208,0.41066306829452515,0.7565405368804932,-0.06444365531206131,0.36793482303619385,0.7973676323890686,-0.05485282093286514,0.4109732508659363,0.8104895949363708,-0.06572633236646652,0.40900319814682007,0.788113534450531,-0.06303580105304718,0.3973310589790344,0.769093930721283,-0.06015001982450485,0.6487115621566772,0.7087988257408142,4.194351390651718e-07,0.6111342310905457,0.6583033204078674,0.0022970528807491064,0.563412070274353,0.6533405184745789,-0.004055626690387726,0.534847617149353,0.6796027421951294,-0.010846429504454136,0.5196046233177185,0.7111483812332153,-0.0192787554115057,0.549555242061615,0.6399761438369751,-0.027340777218341827,0.4905191659927368,0.6342185139656067,-0.04125727340579033,0.45683902502059937,0.6289113759994507,-0.04912508279085159,0.42756152153015137,0.6253874897956848,-0.05274490267038345,0.5472612380981445,0.681663453578949,-0.03338795155286789,0.482481449842453,0.6699968576431274,-0.0420570932328701,0.4441455602645874,0.6599364280700684,-0.04419538378715515,0.4120703339576721,0.6550873517990112,-0.045812271535396576,0.5506612658500671,0.7235604524612427,-0.03682895749807358,0.5007701516151428,0.7289863228797913,-0.042093805968761444,0.515945553779602,0.7186949849128723,-0.03488504886627197,0.5344150066375732,0.7130230665206909,-0.028290782123804092,0.5590328574180603,0.7593523859977722,-0.03994419053196907,0.5241786241531372,0.7511552572250366,-0.039334751665592194,0.5368456244468689,0.7397394180297852,-0.028051406145095825,0.5517041683197021,0.7345624566078186,-0.018710622563958168,0.8089879751205444,0.8551682233810425,-0.4569075107574463,0.19021157920360565,0.8514865636825562,-0.49098268151283264,0.6172106266021729,0.7161327004432678,-1.1405059099197388,0.3514491617679596,0.7257276773452759,-1.3486015796661377,Soon
0.3221963047981262,0.7361013293266296,3.250987106184766e-07,0.34934908151626587,0.7043516635894775,-0.013733156025409698,0.3974961042404175,0.7109859585762024,-0.028607435524463654,0.4307605028152466,0.7414786219596863,-0.03962799906730652,0.43624764680862427,0.761555552482605,-0.049978990107774734,0.38399502635002136,0.6890464425086975,-0.05447406321763992,0.42354950308799744,0.688835859298706,-0.07421190291643143,0.4470767378807068,0.6862679123878479,-0.08608871698379517,0.4635569155216217,0.6828216910362244,-0.09391865879297256,0.37554770708084106,0.722549557685852,-0.0563882477581501,0.4221174716949463,0.7313418388366699,-0.07782646268606186,0.45386600494384766,0.7294034957885742,-0.08736060559749603,0.4746769666671753,0.725447952747345,-0.09500504285097122,0.36930257081985474,0.761189877986908,-0.05606255680322647,0.4231795072555542,0.788701057434082,-0.07220201939344406,0.42222142219543457,0.7749408483505249,-0.06978926807641983,0.40934640169143677,0.7576136589050293,-0.06696835160255432,0.3682323098182678,0.7966665029525757,-0.05644047260284424,0.4112672805786133,0.8100801706314087,-0.0677776038646698,0.4083004295825958,0.7886449694633484,-0.06507858633995056,0.3959779739379883,0.7705289721488953,-0.06220940500497818,0.6488479375839233,0.7088521122932434,4.194989742245525e-07,0.6113333106040955,0.658787727355957,0.00284198927693069,0.5638706684112549,0.6540895104408264,-0.0032073003239929676,0.5352969765663147,0.6798248887062073,-0.009821834042668343,0.5199618339538574,0.7111651301383972,-0.018077725544571877,0.5493353009223938,0.6402398347854614,-0.026426279917359352,0.490595281124115,0.6346110105514526,-0.040142979472875595,0.4569682478904724,0.6292144656181335,-0.047991517931222916,0.4278205335140228,0.6256350874900818,-0.051603853702545166,0.5470357537269592,0.6816248893737793,-0.032651882618665695,0.4823307394981384,0.6703020334243774,-0.04092193767428398,0.4441358149051666,0.660302996635437,-0.042826633900403976,0.41224610805511475,0.6555431485176086,-0.044304706156253815,0.5505937933921814,0.7233622074127197,-0.036279961466789246,0.5008826851844788,0.7300276756286621,-0.041193097829818726,0.5159268379211426,0.7197865843772888,-0.03397105634212494,0.5344083309173584,0.7139238715171814,-0.027433548122644424,0.5592522621154785,0.7592020630836487,-0.03955865651369095,0.5249052047729492,0.7520235180854797,-0.03882470354437828,0.5373518466949463,0.7405767440795898,-0.027652069926261902,0.5520080327987671,0.7351034283638,-0.01839282363653183,0.8090230822563171,0.8544193506240845,-0.45993146300315857,0.19017794728279114,0.8519697189331055,-0.4970587193965912,0.6201798915863037,0.7166131138801575,-1.146091341972351,0.34861376881599426,0.7274326682090759,-1.353501558303833,Soon
0.3225673735141754,0.7359506487846375,3.3423373224650277e-07,0.34853270649909973,0.7039681077003479,-0.014837234281003475,0.39667055010795593,0.7093012928962708,-0.03089148923754692,0.4294590950012207,0.7396774888038635,-0.042855530977249146,0.4358932077884674,0.7619662880897522,-0.05422558635473251,0.38393664360046387,0.6901005506515503,-0.058283817023038864,0.4246717393398285,0.6910260915756226,-0.07930134236812592,0.44719111919403076,0.6880664825439453,-0.09165613353252411,0.4626415967941284,0.6839708089828491,-0.09978771209716797,0.3753533363342285,0.7228072881698608,-0.05999055877327919,0.422247976064682,0.7316697239875793,-0.08336926251649857,0.4531593322753906,0.7300508618354797,-0.09376604855060577,0.4735717177391052,0.726236879825592,-0.1019638255238533,0.36932191252708435,0.7604582905769348,-0.059263426810503006,0.4233715832233429,0.7858508229255676,-0.07603953778743744,0.41974034905433655,0.7727817893028259,-0.07234951108694077,0.40523791313171387,0.756497859954834,-0.0687595009803772,0.3687286078929901,0.7952085137367249,-0.05940164253115654,0.4118695855140686,0.8066478371620178,-0.07066461443901062,0.40697935223579407,0.7874605059623718,-0.06688755005598068,0.39329931139945984,0.7720856666564941,-0.06333265453577042,0.6493225693702698,0.7089500427246094,4.2239193476234504e-07,0.6116299033164978,0.6587731242179871,0.0027253292500972748,0.5639058947563171,0.6543357968330383,-0.003428881289437413,0.5354476571083069,0.6806287169456482,-0.010143394581973553,0.5203227996826172,0.7125484347343445,-0.018480513244867325,0.549489438533783,0.6403940320014954,-0.026479171589016914,0.4906461238861084,0.6349306702613831,-0.04035404697060585,0.4569395184516907,0.6294780969619751,-0.04837433621287346,0.42772847414016724,0.625895082950592,-0.05210738256573677,0.5472304224967957,0.6818733811378479,-0.0327136367559433,0.48229214549064636,0.6706864833831787,-0.04119293391704559,0.4439106583595276,0.6608503460884094,-0.04329262673854828,0.4117647111415863,0.65623939037323,-0.04490005224943161,0.5507286190986633,0.7236751914024353,-0.03636452555656433,0.5008570551872253,0.7301707863807678,-0.04145373776555061,0.5159800052642822,0.7201775908470154,-0.034322164952754974,0.5344241857528687,0.7145285606384277,-0.027803706005215645,0.5592051148414612,0.7594936490058899,-0.03967629373073578,0.5249357223510742,0.7520281076431274,-0.03904113173484802,0.5373976230621338,0.7404518127441406,-0.027937237173318863,0.5519938468933105,0.7348545789718628,-0.018707914277911186,0.8090313076972961,0.8543091416358948,-0.45466452836990356,0.19016647338867188,0.8531529307365417,-0.4884079396724701,0.6214887499809265,0.7172006964683533,-1.1464823484420776,0.34557631611824036,0.7296866178512573,-1.3530776500701904,Soon
0.3215900957584381,0.736016571521759,3.1285526347346604e-07,0.34843260049819946,0.7055639028549194,-0.014528345316648483,0.397953599691391,0.7143513560295105,-0.030039677396416664,0.43043699860572815,0.747434675693512,-0.04149001091718674,0.4330614507198334,0.7693954110145569,-0.05237670987844467,0.38268962502479553,0.6924471259117126,-0.05666869506239891,0.4231892228126526,0.69212806224823,-0.07603101432323456,0.4445840120315552,0.6883975267410278,-0.08649849891662598,0.4588586390018463,0.6837044358253479,-0.09313926100730896,0.37427857518196106,0.7253289818763733,-0.05819042772054672,0.4213104844093323,0.7312858700752258,-0.08049880713224411,0.45302632451057434,0.729253888130188,-0.09009535610675812,0.4735904633998871,0.7254566550254822,-0.09746935218572617,0.3683803975582123,0.7623938918113708,-0.05725473538041115,0.42235618829727173,0.7865045666694641,-0.07418385148048401,0.4203004240989685,0.7763928771018982,-0.07147720456123352,0.4068053960800171,0.7625651955604553,-0.06803958863019943,0.3680076599121094,0.7964511513710022,-0.05695714056491852,0.4120329022407532,0.8062869906425476,-0.06774178147315979,0.4071514904499054,0.7873108386993408,-0.06401561945676804,0.3931417763233185,0.7721970081329346,-0.060446444898843765,0.6487641930580139,0.7102333903312683,4.2882243178610224e-07,0.6109533905982971,0.659076452255249,0.0019527750555425882,0.5630267858505249,0.6541377305984497,-0.0044845533557236195,0.5344246625900269,0.6802576184272766,-0.011337128467857838,0.5194409489631653,0.7122037410736084,-0.019838882610201836,0.5497210621833801,0.640826940536499,-0.027298912405967712,0.4901908040046692,0.6347806453704834,-0.04090507701039314,0.45641061663627625,0.6294868588447571,-0.04837323725223541,0.4271886348724365,0.626139223575592,-0.05165510252118111,0.547235906124115,0.6825118064880371,-0.03325944393873215,0.4820939600467682,0.6711019277572632,-0.04174119606614113,0.4434862732887268,0.661029577255249,-0.043492719531059265,0.4115040898323059,0.6561665534973145,-0.04470282047986984,0.5506521463394165,0.7242976427078247,-0.03668556734919548,0.5007266402244568,0.7303013205528259,-0.041974667459726334,0.5153365135192871,0.7197719216346741,-0.03498931601643562,0.5337009429931641,0.7140308618545532,-0.028453098610043526,0.5591943860054016,0.7599337697029114,-0.039808910340070724,0.5242623686790466,0.7522093057632446,-0.039411064237356186,0.536647379398346,0.7403377890586853,-0.028356395661830902,0.5516204237937927,0.7350783944129944,-0.01908918283879757,0.809043288230896,0.8529747128486633,-0.4466823637485504,0.19003824889659882,0.8541805744171143,-0.4764392375946045,0.6217645406723022,0.7172219753265381,-1.1532503366470337,0.34454217553138733,0.7307720184326172,-1.3371607065200806,Soon
0.3214585781097412,0.7354887127876282,3.220388862246182e-07,0.34953832626342773,0.7043729424476624,-0.014341084286570549,0.39825063943862915,0.7123826146125793,-0.029450489208102226,0.43076491355895996,0.7440453767776489,-0.04073643684387207,0.433825820684433,0.7655452489852905,-0.051379334181547165,0.3838341534137726,0.6898120045661926,-0.0549226850271225,0.4232492744922638,0.6880757808685303,-0.07492619007825851,0.4472877085208893,0.685242772102356,-0.08696042746305466,0.46380841732025146,0.6819249391555786,-0.09495659917593002,0.3750240206718445,0.7236385345458984,-0.056733448058366776,0.42101237177848816,0.7312391400337219,-0.07891163229942322,0.4537528157234192,0.7291454076766968,-0.08925941586494446,0.4746796488761902,0.7254188060760498,-0.09743817150592804,0.36837583780288696,0.7623091340065002,-0.05630673095583916,0.4223974645137787,0.7885414958000183,-0.07310762256383896,0.4223472774028778,0.7749873399734497,-0.07122796028852463,0.4097151458263397,0.7580993175506592,-0.06855705380439758,0.36742278933525085,0.7978026866912842,-0.056619416922330856,0.4108625054359436,0.8094737529754639,-0.068419449031353,0.4081958830356598,0.7874771356582642,-0.06607557833194733,0.3956660032272339,0.7692979574203491,-0.06337946653366089,0.6492754817008972,0.7101733088493347,4.2745736550386937e-07,0.6116138696670532,0.659058690071106,0.0014648293145000935,0.5632422566413879,0.6539321541786194,-0.005314747802913189,0.5342158079147339,0.6803412437438965,-0.012375231832265854,0.5188305377960205,0.7125453352928162,-0.021074550226330757,0.5499154329299927,0.6405754685401917,-0.02822483703494072,0.4900222420692444,0.6349347829818726,-0.042040348052978516,0.45626094937324524,0.6296123266220093,-0.04965847730636597,0.42695677280426025,0.6261070966720581,-0.05308882147073746,0.5476305484771729,0.682644248008728,-0.034062519669532776,0.4822283983230591,0.6716358661651611,-0.042859289795160294,0.4437428116798401,0.6614784598350525,-0.04478764161467552,0.4118800163269043,0.6565189361572266,-0.04616716131567955,0.5510833859443665,0.7246432304382324,-0.03736082464456558,0.500375509262085,0.7302917838096619,-0.04296603426337242,0.5148053169250488,0.7194690108299255,-0.03604567423462868,0.533223032951355,0.7137191891670227,-0.029571644961833954,0.5595048069953918,0.7603866457939148,-0.04037763550877571,0.5236628651618958,0.7519561052322388,-0.04033844172954559,0.5359962582588196,0.7398031949996948,-0.029410846531391144,0.5511441826820374,0.7344672083854675,-0.020231422036886215,0.8090637922286987,0.8520123362541199,-0.4459514617919922,0.18984496593475342,0.8552131056785583,-0.4748452603816986,0.6218797564506531,0.7172427773475647,-1.1567707061767578,0.3439245820045471,0.7315585017204285,-1.332698106765747,Soon
0.3211537301540375,0.7357102036476135,3.211296188965207e-07,0.3480595052242279,0.7091376185417175,-0.014793794602155685,0.3973097503185272,0.7169259190559387,-0.030357077717781067,0.4309738278388977,0.744781494140625,-0.04175920411944389,0.4356992542743683,0.7604780793190002,-0.052472952753305435,0.38327446579933167,0.6921983957290649,-0.05720219016075134,0.42432066798210144,0.6908635497093201,-0.07747413963079453,0.4467507600784302,0.6867984533309937,-0.0890827402472496,0.4625169336795807,0.6819779276847839,-0.0967380478978157,0.374769926071167,0.7221812009811401,-0.05885704979300499,0.42153215408325195,0.7289372086524963,-0.08180283010005951,0.45310842990875244,0.7272899746894836,-0.09203623980283737,0.47418490052223206,0.72411048412323,-0.10005230456590652,0.36844950914382935,0.7580623030662537,-0.058144234120845795,0.4214775562286377,0.7825983166694641,-0.07537803798913956,0.4179246127605438,0.7716804146766663,-0.07254105806350708,0.4036954343318939,0.7574336528778076,-0.06926873326301575,0.3677639067173004,0.7924203276634216,-0.058235052973032,0.4105455279350281,0.8052358031272888,-0.07016446441411972,0.40583816170692444,0.7875797748565674,-0.0671621784567833,0.3926711678504944,0.7733253836631775,-0.0640653595328331,0.649401843547821,0.7108970880508423,4.2993249849132553e-07,0.6118228435516357,0.6594796776771545,0.0014177609700709581,0.5633224844932556,0.6541634798049927,-0.005028973333537579,0.5341105461120605,0.6802928447723389,-0.011764910072088242,0.5188958048820496,0.7124243378639221,-0.02010168321430683,0.5503689050674438,0.641221284866333,-0.027436433359980583,0.490113765001297,0.635047197341919,-0.0407252237200737,0.45619747042655945,0.6295787692070007,-0.047848179936409,0.4268895387649536,0.625885546207428,-0.050889138132333755,0.5476663112640381,0.6830793619155884,-0.033067625015974045,0.482486367225647,0.6713463664054871,-0.041419025510549545,0.4438874423503876,0.6611294150352478,-0.043056026101112366,0.41208648681640625,0.6560543179512024,-0.0441461019217968,0.5508632659912109,0.7248345613479614,-0.03620046004652977,0.5006787180900574,0.730063259601593,-0.04133382812142372,0.5150210857391357,0.7193891406059265,-0.03431595861911774,0.5334304571151733,0.7138165235519409,-0.02777225710451603,0.5591623783111572,0.7603985667228699,-0.039090923964977264,0.5237783193588257,0.7520378232002258,-0.03854777291417122,0.5360841751098633,0.7402136921882629,-0.027482040226459503,0.5512073636054993,0.7353181838989258,-0.01823306456208229,0.8090324401855469,0.8495988845825195,-0.4490959644317627,0.18983253836631775,0.8554662466049194,-0.47088688611984253,0.6218768358230591,0.7172516584396362,-1.1640169620513916,0.34349316358566284,0.7322471141815186,-1.3398149013519287,Soon
0.32076796889305115,0.7350853681564331,3.4202921028736455e-07,0.3487423360347748,0.6981662511825562,-0.013826645910739899,0.39549654722213745,0.7035956382751465,-0.02915889024734497,0.42648398876190186,0.7369152307510376,-0.04096776247024536,0.4316048324108124,0.7632390856742859,-0.05230708420276642,0.38340067863464355,0.687938928604126,-0.05465089529752731,0.4234999716281891,0.6882095336914062,-0.07478713244199753,0.4475906491279602,0.685908854007721,-0.08721373230218887,0.4643339514732361,0.6840380430221558,-0.09567616879940033,0.375091016292572,0.725156843662262,-0.05690000578761101,0.42283767461776733,0.7330238223075867,-0.07837627083063126,0.45444244146347046,0.7305982112884521,-0.08887311816215515,0.4753991365432739,0.7277423739433289,-0.09759188443422318,0.3687605857849121,0.7656221389770508,-0.05678568780422211,0.424547404050827,0.7906602621078491,-0.07268225401639938,0.42065662145614624,0.7752439975738525,-0.06937313079833984,0.4049936830997467,0.7587258219718933,-0.06611739844083786,0.36755526065826416,0.8014513254165649,-0.057487744837999344,0.4114544093608856,0.809769868850708,-0.06866701692342758,0.4062289297580719,0.7877586483955383,-0.06508414447307587,0.3908754587173462,0.7709189057350159,-0.06162426248192787,0.6502631902694702,0.7108848690986633,4.2804487065950525e-07,0.612769365310669,0.6595768332481384,0.0008398987120017409,0.5637091398239136,0.6540191173553467,-0.005897175520658493,0.5339451432228088,0.6802696585655212,-0.012846746481955051,0.5182313919067383,0.7127246260643005,-0.02140084281563759,0.5505218505859375,0.6406591534614563,-0.02778017893433571,0.48994937539100647,0.6355223655700684,-0.04129272699356079,0.4560283124446869,0.6301724910736084,-0.04859837889671326,0.42667898535728455,0.6263381242752075,-0.05179314315319061,0.5479441285133362,0.682563841342926,-0.03331093490123749,0.48264840245246887,0.6718702912330627,-0.04200203716754913,0.44430452585220337,0.6617873907089233,-0.04376283288002014,0.41281983256340027,0.656647801399231,-0.04491020739078522,0.5513169765472412,0.7245376110076904,-0.03642288222908974,0.5005044937133789,0.7305182814598083,-0.04209723323583603,0.5147683024406433,0.7201237678527832,-0.03520753234624863,0.5334449410438538,0.7146943807601929,-0.028655637055635452,0.5597229599952698,0.7605078816413879,-0.03932268172502518,0.5237206220626831,0.7524438500404358,-0.039484985172748566,0.5359920859336853,0.7405880093574524,-0.02870633266866207,0.551351010799408,0.7357022166252136,-0.019551467150449753,0.8091188669204712,0.8487393856048584,-0.45858508348464966,0.18981218338012695,0.8559939861297607,-0.47166624665260315,0.6219226121902466,0.7172769904136658,-1.1874887943267822,0.34329932928085327,0.7330303192138672,-1.3675721883773804,Soon
0.32103240489959717,0.7342692017555237,3.116437028438668e-07,0.3490954041481018,0.7048795819282532,-0.014072682708501816,0.3974030315876007,0.7135775089263916,-0.02833511307835579,0.4307609796524048,0.7421185374259949,-0.03854715824127197,0.4348486661911011,0.7576777338981628,-0.048315513879060745,0.38368210196495056,0.6889391541481018,-0.05387857183814049,0.42290592193603516,0.686592698097229,-0.07270435243844986,0.44748687744140625,0.6833460927009583,-0.08364005386829376,0.465193510055542,0.6802029609680176,-0.0910128653049469,0.375662237405777,0.7225840091705322,-0.05546313524246216,0.4212532639503479,0.7290796041488647,-0.0764952152967453,0.4533398151397705,0.7268470525741577,-0.08624981343746185,0.4740424156188965,0.72311931848526,-0.09406248480081558,0.36896634101867676,0.7611518502235413,-0.05478915944695473,0.4222481846809387,0.7861107587814331,-0.07226799428462982,0.4214189350605011,0.7732690572738647,-0.07144919782876968,0.4087779223918915,0.7581048607826233,-0.06934505701065063,0.36761459708213806,0.7967374324798584,-0.05458512902259827,0.4093524217605591,0.8073281645774841,-0.06779932230710983,0.4056098759174347,0.7859886288642883,-0.0664728656411171,0.3929939568042755,0.7694314122200012,-0.06431163102388382,0.6499922275543213,0.71099454164505,4.292975290809409e-07,0.6127018928527832,0.6597495675086975,0.0008294567232951522,0.5637715458869934,0.6540838479995728,-0.006061396095901728,0.5337789058685303,0.6800822019577026,-0.013157345354557037,0.5178670287132263,0.7125133872032166,-0.02187897078692913,0.550635576248169,0.640343427658081,-0.028274845331907272,0.4896015226840973,0.6353839635848999,-0.04179565608501434,0.4555933475494385,0.6301748752593994,-0.04898572340607643,0.42617082595825195,0.6264396905899048,-0.05206042528152466,0.5481675267219543,0.6824142932891846,-0.033841025084257126,0.48225823044776917,0.6717529892921448,-0.042540762573480606,0.4437060058116913,0.6615762114524841,-0.04418674111366272,0.4120463728904724,0.6562387943267822,-0.04523143172264099,0.5515451431274414,0.724439799785614,-0.03694642707705498,0.5007089376449585,0.7305071353912354,-0.04266710579395294,0.5150901079177856,0.7204978466033936,-0.035731323063373566,0.5338733792304993,0.7152361869812012,-0.02911551482975483,0.5598700046539307,0.7605342864990234,-0.03982488438487053,0.5238304138183594,0.7526359558105469,-0.03998567536473274,0.536217212677002,0.7410077452659607,-0.029112007468938828,0.5516840219497681,0.736309289932251,-0.01986934430897236,0.809441864490509,0.8483958840370178,-0.4712096154689789,0.18959259986877441,0.8566606640815735,-0.48151135444641113,0.6220084428787231,0.7173120975494385,-1.2075612545013428,0.3432656228542328,0.7333552837371826,-1.3899415731430054,Soon
0.32137244939804077,0.7342658638954163,3.2026935059548123e-07,0.3494500517845154,0.7019825577735901,-0.014886455610394478,0.39780765771865845,0.709222674369812,-0.03008146770298481,0.430161714553833,0.7402677536010742,-0.041168078780174255,0.4349333941936493,0.7620847225189209,-0.051699087023735046,0.3835482895374298,0.6888672113418579,-0.05567493662238121,0.4232304096221924,0.6873706579208374,-0.07537006586790085,0.4461763799190521,0.6837155222892761,-0.0867951288819313,0.4621472656726837,0.6803714632987976,-0.09446391463279724,0.3754896819591522,0.7243199348449707,-0.057178229093551636,0.4221211075782776,0.7311899662017822,-0.07925860583782196,0.4536891281604767,0.7287021279335022,-0.08957825601100922,0.4740641117095947,0.7254338264465332,-0.09787702560424805,0.36905035376548767,0.7634993195533752,-0.05638918653130531,0.42338788509368896,0.7875985503196716,-0.0738145038485527,0.41994741559028625,0.773231029510498,-0.07168326526880264,0.4053630232810974,0.7574666738510132,-0.06884431093931198,0.36785608530044556,0.7988789677619934,-0.05626874789595604,0.41013669967651367,0.807529628276825,-0.06894667446613312,0.404812753200531,0.7854956388473511,-0.06646501272916794,0.3904847800731659,0.7689475417137146,-0.06362412124872208,0.65027916431427,0.7111585736274719,4.3007685235352255e-07,0.612838864326477,0.6597693562507629,0.0006497182766906917,0.5635911226272583,0.6541566848754883,-0.006274237297475338,0.5334989428520203,0.680584728717804,-0.013422178104519844,0.5174121856689453,0.713324785232544,-0.022151289507746696,0.5506475567817688,0.6401777267456055,-0.028082584962248802,0.48966383934020996,0.635242760181427,-0.04163574427366257,0.4556247591972351,0.6300128698348999,-0.04879644513130188,0.4261595606803894,0.6262656450271606,-0.05186065286397934,0.5481640100479126,0.6821388006210327,-0.03369379788637161,0.48211878538131714,0.6718747019767761,-0.04278608784079552,0.4432820677757263,0.6617328524589539,-0.044727031141519547,0.41133183240890503,0.6564206480979919,-0.045921534299850464,0.5514706969261169,0.7242871522903442,-0.03687545284628868,0.5000607371330261,0.7303317189216614,-0.04315422102808952,0.5144708752632141,0.7202875018119812,-0.03645598888397217,0.5331568121910095,0.7150782942771912,-0.029849635437130928,0.5596255660057068,0.7605353593826294,-0.03981640189886093,0.5233870148658752,0.7524725794792175,-0.04039600491523743,0.5357604026794434,0.7408044338226318,-0.029721230268478394,0.5511983036994934,0.7361036539077759,-0.020549606531858444,0.8096923828125,0.8481407165527344,-0.47648200392723083,0.189274400472641,0.8574724197387695,-0.4876740574836731,0.6220921874046326,0.7173392176628113,-1.2125887870788574,0.3432459831237793,0.7335456013679504,-1.39785635471344,Soon
0.32055261731147766,0.7336485385894775,3.146618041682814e-07,0.34852319955825806,0.7059019804000854,-0.014024213887751102,0.39777064323425293,0.7154271006584167,-0.028725260868668556,0.43082621693611145,0.745183527469635,-0.039618585258722305,0.43434464931488037,0.7637478113174438,-0.04988427087664604,0.38411474227905273,0.6895318627357483,-0.053459346294403076,0.42376843094825745,0.6872236728668213,-0.07251282036304474,0.44706493616104126,0.6839199066162109,-0.08348097652196884,0.46360376477241516,0.6804563999176025,-0.09087039530277252,0.37571054697036743,0.7219671010971069,-0.05543730780482292,0.42206764221191406,0.7285328507423401,-0.07659237086772919,0.4538290798664093,0.7272438406944275,-0.08600197732448578,0.47495704889297485,0.7245088815689087,-0.09359366446733475,0.3684549033641815,0.7594543099403381,-0.05527285113930702,0.42235520482063293,0.7841081023216248,-0.07208231091499329,0.4195709228515625,0.7726290225982666,-0.06970590353012085,0.4057077467441559,0.7579690217971802,-0.06662718951702118,0.36637812852859497,0.7947959303855896,-0.055803634226322174,0.40893056988716125,0.8068873882293701,-0.06799672544002533,0.4045770466327667,0.7868949174880981,-0.06553397327661514,0.3911548852920532,0.770615816116333,-0.06267230957746506,0.6497272849082947,0.7112947702407837,4.286513330953312e-07,0.612068772315979,0.6598036885261536,0.0007908309926278889,0.5631063580513,0.6537456512451172,-0.006317002233117819,0.5332122445106506,0.6795819997787476,-0.013718584552407265,0.5168870687484741,0.7119757533073425,-0.022702541202306747,0.55073082447052,0.640051543712616,-0.02842823415994644,0.48974937200546265,0.6352550387382507,-0.04224083200097084,0.4556125998497009,0.6303675770759583,-0.04956541582942009,0.4260430932044983,0.6267698407173157,-0.052770793437957764,0.5481967329978943,0.6820188164710999,-0.03424203768372536,0.48174023628234863,0.6718072295188904,-0.043531548231840134,0.44263699650764465,0.6620000004768372,-0.04555409401655197,0.41047433018684387,0.6568260788917542,-0.046890974044799805,0.5513923168182373,0.7243977785110474,-0.03759361803531647,0.499342143535614,0.7299761176109314,-0.04412669688463211,0.5140844583511353,0.7200398445129395,-0.03734699636697769,0.5331104397773743,0.7148531675338745,-0.030697492882609367,0.5594388842582703,0.7609885931015015,-0.040677424520254135,0.5231688022613525,0.7524749040603638,-0.041603103280067444,0.5356629490852356,0.740567147731781,-0.03099125251173973,0.5513132214546204,0.7357141375541687,-0.021839536726474762,0.8101876378059387,0.8477264642715454,-0.4762786030769348,0.18879306316375732,0.8579164147377014,-0.4892424941062927,0.622111439704895,0.7173449993133545,-1.205244541168213,0.3432198762893677,0.7338361144065857,-1.3957635164260864,Soon
0.30358561873435974,0.7300899624824524,3.8671760194119997e-07,0.3348960280418396,0.6867215037345886,-0.009661126881837845,0.3856278657913208,0.6893580555915833,-0.02227015048265457,0.4211634695529938,0.7254183888435364,-0.03235847130417824,0.42873871326446533,0.7536439299583435,-0.04216356948018074,0.37380391359329224,0.6694853901863098,-0.04658302292227745,0.4216875433921814,0.6696777939796448,-0.0623539537191391,0.4506596624851227,0.6684672236442566,-0.07097890228033066,0.47475576400756836,0.6693446636199951,-0.07735444605350494,0.3669939935207367,0.7086973190307617,-0.0509406216442585,0.42365404963493347,0.712481677532196,-0.0685553327202797,0.45756205916404724,0.7049010396003723,-0.07645942270755768,0.4845219850540161,0.7004951238632202,-0.08334910124540329,0.36216455698013306,0.7501879334449768,-0.05293027311563492,0.4260348379611969,0.7755871415138245,-0.0691135972738266,0.4165063500404358,0.7545961141586304,-0.06783884018659592,0.39743831753730774,0.7373586297035217,-0.0650646984577179,0.3607024848461151,0.7861173748970032,-0.05524222180247307,0.40653109550476074,0.7917291522026062,-0.06684134155511856,0.39837679266929626,0.7694830298423767,-0.06479473412036896,0.3823075294494629,0.7555680871009827,-0.06208297237753868,0.6669999957084656,0.6864657402038574,3.819404241767188e-07,0.6318361163139343,0.6368215084075928,-0.0011914783390238881,0.5813601016998291,0.6309331059455872,-0.009797844104468822,0.5493324995040894,0.6614705324172974,-0.018294254317879677,0.531834602355957,0.6952630281448364,-0.028504682704806328,0.5740776658058167,0.6117220520973206,-0.0322914756834507,0.51969313621521,0.6090723276138306,-0.048017457127571106,0.4885719120502472,0.6054062247276306,-0.05717332288622856,0.46009284257888794,0.6035445928573608,-0.06252121925354004,0.5734323859214783,0.6511792540550232,-0.038917865604162216,0.5122860670089722,0.6409450173377991,-0.0515134260058403,0.4742535352706909,0.6334758996963501,-0.05598382279276848,0.4411185383796692,0.6323674917221069,-0.05974647402763367,0.5776726007461548,0.6942578554153442,-0.04313453659415245,0.5211195945739746,0.7094202637672424,-0.054197318851947784,0.5361758470535278,0.7018146514892578,-0.04778226092457771,0.5550714135169983,0.6962745189666748,-0.04114307463169098,0.5863409638404846,0.7337543368339539,-0.04698367416858673,0.5459248423576355,0.7330025434494019,-0.05255379527807236,0.5583724975585938,0.7223537564277649,-0.04327898845076561,0.5746249556541443,0.7158951163291931,-0.03506046533584595,0.8189204335212708,0.8489495515823364,-0.44456642866134644,0.16520465910434723,0.8688924908638,-0.5261654853820801,0.633108377456665,0.6928533315658569,-1.0577131509780884,0.314859539270401,0.7292994260787964,-1.329207181930542,Soon
0.3040781021118164,0.73042231798172,3.80674151756466e-07,0.33455219864845276,0.6874238848686218,-0.010259918868541718,0.3867241144180298,0.6906874179840088,-0.023028623312711716,0.42313969135284424,0.7283600568771362,-0.033124130219221115,0.4284495711326599,0.7555559873580933,-0.0429830364882946,0.3733324110507965,0.6692497134208679,-0.04722791537642479,0.4211733043193817,0.6692437529563904,-0.06259365379810333,0.4501485824584961,0.668279767036438,-0.07068060338497162,0.47428616881370544,0.6692993640899658,-0.07684232294559479,0.366905152797699,0.7081387639045715,-0.05143405869603157,0.4231727421283722,0.7112098336219788,-0.06899462640285492,0.45763492584228516,0.7040367722511292,-0.07679595053195953,0.484697163105011,0.6996533274650574,-0.08372339606285095,0.36245182156562805,0.7497527003288269,-0.053323935717344284,0.42584559321403503,0.7747750878334045,-0.06986234337091446,0.4163767099380493,0.755280077457428,-0.06910976767539978,0.39694106578826904,0.73896324634552,-0.06670018285512924,0.36161714792251587,0.7864294052124023,-0.05555238947272301,0.40724021196365356,0.7910134792327881,-0.067691370844841,0.39883941411972046,0.7698698043823242,-0.06624585390090942,0.38234421610832214,0.7569113373756409,-0.06409111618995667,0.6672852635383606,0.6875494122505188,3.8175488725755713e-07,0.6322960257530212,0.637179970741272,-0.0016974767204374075,0.5818824768066406,0.6310879588127136,-0.010442476719617844,0.5496817827224731,0.6616977453231812,-0.018964573740959167,0.5322759747505188,0.6956636905670166,-0.029146140441298485,0.5748139023780823,0.6124378442764282,-0.03255346417427063,0.5199437737464905,0.609512209892273,-0.048258185386657715,0.4886814057826996,0.6057424545288086,-0.05732197314500809,0.4601117968559265,0.6038308143615723,-0.06260152906179428,0.573862612247467,0.6522628664970398,-0.03885918855667114,0.512829065322876,0.6418118476867676,-0.051677923649549484,0.47470250725746155,0.633716344833374,-0.05619923397898674,0.4413761496543884,0.6321913599967957,-0.05994249880313873,0.5776331424713135,0.6954097151756287,-0.04280627891421318,0.5211779475212097,0.7092984914779663,-0.05394185334444046,0.5362633466720581,0.7007163166999817,-0.047531455755233765,0.5551077127456665,0.695101261138916,-0.040850427001714706,0.5858112573623657,0.7345452308654785,-0.04643961787223816,0.5448492765426636,0.7326538562774658,-0.05186595767736435,0.5571907758712769,0.721676230430603,-0.04252834618091583,0.5734687447547913,0.7155342102050781,-0.034292809665203094,0.818637490272522,0.8492287993431091,-0.44175881147384644,0.164436936378479,0.8688536882400513,-0.5276598334312439,0.6330991387367249,0.6929010152816772,-1.031326174736023,0.314272940158844,0.7292916774749756,-1.3126533031463623,Soon
0.3039249777793884,0.730400562286377,3.895694362654467e-07,0.3343464434146881,0.6871271729469299,-0.009896915405988693,0.3855796456336975,0.6897819638252258,-0.022789038717746735,0.42132195830345154,0.7266753911972046,-0.03316309303045273,0.4284931421279907,0.7546945214271545,-0.0433085635304451,0.3737938106060028,0.6687823534011841,-0.04713134467601776,0.4218394160270691,0.6689398884773254,-0.06266558170318604,0.4507324695587158,0.6673256754875183,-0.07089821994304657,0.4748089015483856,0.6674047708511353,-0.0770837739109993,0.36715009808540344,0.7074244022369385,-0.051584240049123764,0.42370718717575073,0.7111953496932983,-0.06924716383218765,0.4579092264175415,0.7039101123809814,-0.07702109962701797,0.4850200116634369,0.6992147564888,-0.08383435755968094,0.3623884916305542,0.7490469813346863,-0.053692422807216644,0.425691157579422,0.7747235894203186,-0.06999626755714417,0.416522353887558,0.7550297379493713,-0.06899618357419968,0.39750581979751587,0.737920343875885,-0.06644867360591888,0.3610806167125702,0.785967230796814,-0.056124817579984665,0.4069177210330963,0.7916561365127563,-0.06797526776790619,0.39887821674346924,0.7698890566825867,-0.06624893844127655,0.38260695338249207,0.7554932832717896,-0.06384342163801193,0.6670312881469727,0.6875953078269958,3.8328201412696217e-07,0.632358968257904,0.6374241709709167,-0.0015770551981404424,0.5820554494857788,0.6310426592826843,-0.01022912748157978,0.5498703122138977,0.6610197424888611,-0.01870482787489891,0.5326809287071228,0.6948695182800293,-0.028885256499052048,0.5747056603431702,0.6121585369110107,-0.03236616030335426,0.5200579762458801,0.609321117401123,-0.04808896780014038,0.48880839347839355,0.6057330369949341,-0.057181887328624725,0.46029990911483765,0.6039940714836121,-0.06245284900069237,0.5737651586532593,0.6516563296318054,-0.03879702836275101,0.5126885771751404,0.6408924460411072,-0.051386844366788864,0.47457262873649597,0.6331700086593628,-0.055759210139513016,0.44141238927841187,0.631990373134613,-0.05938002094626427,0.5776930451393127,0.6946929693222046,-0.04289693385362625,0.5214051008224487,0.7094635963439941,-0.05392744764685631,0.5363882780075073,0.7015221118927002,-0.04760652035474777,0.5552847385406494,0.6958581209182739,-0.040985021740198135,0.5860763192176819,0.7340950965881348,-0.04667799174785614,0.5456599593162537,0.7331842184066772,-0.05216626822948456,0.5580046772956848,0.722504198551178,-0.04294831305742264,0.5742021799087524,0.7161529660224915,-0.034771211445331573,0.818327784538269,0.8513774275779724,-0.4404624104499817,0.16416682302951813,0.8690963983535767,-0.5283545851707458,0.6332285404205322,0.6933966279029846,-1.022301197052002,0.31364694237709045,0.7293100357055664,-1.3082894086837769,Soon
0.3031383156776428,0.7301968932151794,3.79076567469383e-07,0.33468592166900635,0.6878911256790161,-0.009394184686243534,0.3872101902961731,0.6911600232124329,-0.021845631301403046,0.4234718382358551,0.7274852991104126,-0.03185569494962692,0.4296279847621918,0.7536644339561462,-0.04153187945485115,0.3737033009529114,0.6685163974761963,-0.045776449143886566,0.4208253026008606,0.6690701246261597,-0.061456795781850815,0.44945207238197327,0.668125331401825,-0.07008922845125198,0.47354117035865784,0.6683862805366516,-0.07671861350536346,0.36688023805618286,0.7070359587669373,-0.050606656819581985,0.4230489730834961,0.7112324833869934,-0.06844776123762131,0.45705825090408325,0.7046197056770325,-0.0766526460647583,0.48415812849998474,0.6996991038322449,-0.08389740437269211,0.3618333339691162,0.7483102083206177,-0.05310501903295517,0.4250459671020508,0.774808943271637,-0.06959698349237442,0.41512537002563477,0.757196843624115,-0.06841042637825012,0.39609208703041077,0.7408327460289001,-0.0658392682671547,0.3602929711341858,0.7852916121482849,-0.05593595281243324,0.40513095259666443,0.7916670441627502,-0.06783796101808548,0.39580538868904114,0.7707996964454651,-0.06596221774816513,0.37960734963417053,0.756377637386322,-0.063597671687603,0.6668000221252441,0.68719083070755,3.7801120811309374e-07,0.6321638226509094,0.6366825699806213,-0.0011070931795984507,0.5820478796958923,0.6303090453147888,-0.009449762292206287,0.5500248670578003,0.6605077385902405,-0.017586935311555862,0.5323524475097656,0.6932507157325745,-0.027346709743142128,0.5748242735862732,0.612234890460968,-0.03208628669381142,0.5201095342636108,0.6090559363365173,-0.04743725061416626,0.4889395833015442,0.6054373979568481,-0.05614588409662247,0.4605479836463928,0.603756844997406,-0.06115410849452019,0.5735224485397339,0.6520175337791443,-0.03842226788401604,0.5123046636581421,0.6406895518302917,-0.05065423622727394,0.4745849668979645,0.6326428651809692,-0.054784294217824936,0.4417208433151245,0.631213903427124,-0.05824066326022148,0.5769457817077637,0.6951215267181396,-0.042323485016822815,0.5206899046897888,0.7090648412704468,-0.05280493199825287,0.5357650518417358,0.7004667520523071,-0.046268511563539505,0.5543690323829651,0.6944983601570129,-0.03963747248053551,0.5850312113761902,0.734169065952301,-0.04586091637611389,0.5452368855476379,0.7327860593795776,-0.050847869366407394,0.5576567649841309,0.7215567231178284,-0.04148397594690323,0.573521077632904,0.7147977948188782,-0.033273644745349884,0.8181824684143066,0.8514172434806824,-0.45226019620895386,0.16389480233192444,0.8691192269325256,-0.5386064052581787,0.63327556848526,0.6935664415359497,-1.0504248142242432,0.3131888508796692,0.7293865084648132,-1.326836347579956,Soon
0.30340078473091125,0.7309427857398987,3.8461240592368995e-07,0.33367693424224854,0.6874086260795593,-0.009705567732453346,0.3849991261959076,0.6884285807609558,-0.022534875199198723,0.4209001660346985,0.7233834862709045,-0.03298279643058777,0.4288741946220398,0.7523483037948608,-0.04315584897994995,0.37385764718055725,0.6682826280593872,-0.04705773666501045,0.4215201437473297,0.6687423586845398,-0.06342175602912903,0.45039063692092896,0.6673358082771301,-0.07237106561660767,0.4742555618286133,0.6677381992340088,-0.07892964035272598,0.36684978008270264,0.7072671055793762,-0.05168897286057472,0.42401325702667236,0.7114090323448181,-0.06986632198095322,0.45736563205718994,0.7039979100227356,-0.07771475613117218,0.48378831148147583,0.6993705034255981,-0.08444824069738388,0.3617953360080719,0.7487809062004089,-0.0540330745279789,0.42612868547439575,0.7743174433708191,-0.07056484371423721,0.4170801341533661,0.7547731399536133,-0.06920314580202103,0.39837342500686646,0.7379931211471558,-0.06632653623819351,0.36010587215423584,0.7854272127151489,-0.056718770414590836,0.4070112109184265,0.7917342782020569,-0.06848762184381485,0.3991606533527374,0.7689310312271118,-0.06657160073518753,0.3830937445163727,0.7534409165382385,-0.06397265940904617,0.6671285629272461,0.6875075101852417,3.854088106436393e-07,0.6325355768203735,0.6368665099143982,-0.0012991478433832526,0.5825755000114441,0.6307978630065918,-0.009807826019823551,0.5508579611778259,0.6611019968986511,-0.018094373866915703,0.5335828065872192,0.6945393085479736,-0.028028281405568123,0.5750324726104736,0.612642765045166,-0.03246612846851349,0.5196767449378967,0.6090836524963379,-0.04778439551591873,0.4884978234767914,0.6051316261291504,-0.05640580505132675,0.46006765961647034,0.6032623052597046,-0.06129070371389389,0.5737279653549194,0.6525652408599854,-0.0386471264064312,0.5123011469841003,0.6412810683250427,-0.05094955489039421,0.4744570255279541,0.633165180683136,-0.0551442913711071,0.4414407014846802,0.6317666172981262,-0.05857761204242706,0.5771287679672241,0.6957141160964966,-0.042355429381132126,0.5211229920387268,0.7092028260231018,-0.052796125411987305,0.5361356735229492,0.7005582451820374,-0.04624905809760094,0.5546780228614807,0.6949098110198975,-0.03953980281949043,0.5850444436073303,0.7345158457756042,-0.04570581391453743,0.5450004935264587,0.7322773337364197,-0.05047875642776489,0.5573595762252808,0.7212105989456177,-0.04091106727719307,0.5733870267868042,0.7149895429611206,-0.03252317011356354,0.8181092143058777,0.8514224886894226,-0.4422406554222107,0.1637696772813797,0.8690125942230225,-0.5271824598312378,0.6332863569259644,0.6935886144638062,-1.0456597805023193,0.31270962953567505,0.729412317276001,-1.3173736333847046,Soon
0.30301615595817566,0.7302433252334595,3.826894499070477e-07,0.33370348811149597,0.6889081001281738,-0.009384822100400925,0.38550254702568054,0.6914474368095398,-0.02215804159641266,0.42154157161712646,0.7266430258750916,-0.03256949782371521,0.42945748567581177,0.7517682313919067,-0.042651351541280746,0.3737865388393402,0.6687974333763123,-0.04637717828154564,0.42138242721557617,0.6695196628570557,-0.06274629384279251,0.45014744997024536,0.6688792705535889,-0.07186189293861389,0.4741806089878082,0.6690561175346375,-0.07861199229955673,0.3669060468673706,0.7068702578544617,-0.051426924765110016,0.42333170771598816,0.7111912369728088,-0.06972701847553253,0.4569433629512787,0.7047421336174011,-0.07786848396062851,0.48393502831459045,0.6996763348579407,-0.08490681648254395,0.3616954982280731,0.7478351593017578,-0.054123274981975555,0.4247893989086151,0.7745248079299927,-0.07067891955375671,0.41398051381111145,0.7575032711029053,-0.06851512938737869,0.39453762769699097,0.7409868836402893,-0.06518828123807907,0.3597744405269623,0.7848742008209229,-0.05720415711402893,0.40493640303611755,0.7921187877655029,-0.06884420663118362,0.3952164053916931,0.7719509601593018,-0.06594593822956085,0.3786584436893463,0.7574880123138428,-0.06271429359912872,0.6669865250587463,0.6873328685760498,3.8594336615460634e-07,0.6322076916694641,0.6368164420127869,-0.0010662426939234138,0.582275927066803,0.6305606365203857,-0.009296949952840805,0.5505702495574951,0.6605187058448792,-0.017423000186681747,0.5334033966064453,0.6940440535545349,-0.027202125638723373,0.5743847489356995,0.6123632788658142,-0.031410422176122665,0.519644021987915,0.6089491844177246,-0.04654112085700035,0.4884868860244751,0.6051294207572937,-0.05505850166082382,0.46011728048324585,0.6034739017486572,-0.05986646190285683,0.5730461478233337,0.6520006656646729,-0.03770006075501442,0.5119907855987549,0.6406590938568115,-0.04984651505947113,0.4742071032524109,0.6325909495353699,-0.053919944912195206,0.44139280915260315,0.6311759352684021,-0.057195886969566345,0.5765653848648071,0.6949390172958374,-0.0415947251021862,0.5214852094650269,0.7092732191085815,-0.05200344696640968,0.5366619229316711,0.701081395149231,-0.04555518925189972,0.5552871227264404,0.6953883171081543,-0.03885028138756752,0.5846582055091858,0.7338795065879822,-0.045140426605939865,0.545457661151886,0.7327731251716614,-0.049860693514347076,0.5579221844673157,0.721870481967926,-0.04041239619255066,0.5737624764442444,0.715332567691803,-0.03209816291928291,0.8180767297744751,0.8514279127120972,-0.44520339369773865,0.1635756641626358,0.8690333962440491,-0.5280154347419739,0.6333025693893433,0.6936958432197571,-1.0528167486190796,0.31124812364578247,0.7296854853630066,-1.3289014101028442,Soon
0.3036046028137207,0.7300023436546326,3.8414566461142385e-07,0.33448895812034607,0.6875382661819458,-0.00941638182848692,0.3860100209712982,0.6909734606742859,-0.02198474295437336,0.4220760464668274,0.727746307849884,-0.03206183388829231,0.4288262128829956,0.7532553672790527,-0.041902147233486176,0.3738703429698944,0.6687800884246826,-0.04656798020005226,0.42210590839385986,0.6704168319702148,-0.06216506287455559,0.4515478014945984,0.6700212359428406,-0.07071397453546524,0.4759969115257263,0.6705724596977234,-0.07716096192598343,0.3669007420539856,0.7076429128646851,-0.05123046413064003,0.42263996601104736,0.7112796902656555,-0.06859830021858215,0.45742857456207275,0.7053257822990417,-0.07638053596019745,0.4849711060523987,0.7009458541870117,-0.0834282785654068,0.36187946796417236,0.7492769360542297,-0.053494371473789215,0.4242624044418335,0.7739142179489136,-0.0692361369729042,0.4150351583957672,0.7563850283622742,-0.06762543320655823,0.3958996832370758,0.7402737140655518,-0.06495789438486099,0.36038994789123535,0.7862171530723572,-0.056137051433324814,0.40595775842666626,0.7908957600593567,-0.06754273921251297,0.39777594804763794,0.7706810832023621,-0.06528365612030029,0.3817383348941803,0.7571612596511841,-0.06269722431898117,0.6664196252822876,0.6867677569389343,3.892005508987495e-07,0.6303744912147522,0.6359859704971313,-0.0011169806821271777,0.579870343208313,0.6305662989616394,-0.009529022499918938,0.5486900210380554,0.6626157760620117,-0.017841937020421028,0.5324064493179321,0.6971532106399536,-0.027844253927469254,0.5735067129135132,0.6129081845283508,-0.031475961208343506,0.5189873576164246,0.6092073321342468,-0.046554990112781525,0.4881657063961029,0.6052219867706299,-0.05515843257308006,0.4598035514354706,0.6031685471534729,-0.060176972299814224,0.5724701881408691,0.6528513431549072,-0.03778953477740288,0.5120370388031006,0.6416109800338745,-0.04995576664805412,0.47463908791542053,0.6331030130386353,-0.054193977266550064,0.44176554679870605,0.6312730312347412,-0.057789627462625504,0.5762098431587219,0.6959854960441589,-0.04170023649930954,0.5206854343414307,0.709161102771759,-0.052057404071092606,0.5356247425079346,0.7000209093093872,-0.04572310298681259,0.554164707660675,0.6942078471183777,-0.03925367072224617,0.5844534039497375,0.7348570823669434,-0.04526738077402115,0.5449128150939941,0.7322823405265808,-0.04989785701036453,0.556958019733429,0.7205919027328491,-0.040575169026851654,0.5728736519813538,0.7139779925346375,-0.0325038768351078,0.8178570866584778,0.8517388701438904,-0.4447075426578522,0.16330906748771667,0.8690426349639893,-0.5320726633071899,0.6332597136497498,0.6939021348953247,-1.0527431964874268,0.31088560819625854,0.7298984527587891,-1.3284045457839966,Soon
0.3039931654930115,0.7296456098556519,3.860781134790159e-07,0.3357155919075012,0.6876624226570129,-0.0103041622787714,0.38808757066726685,0.6914504170417786,-0.023354073986411095,0.4242514669895172,0.7279592156410217,-0.033845044672489166,0.4297025501728058,0.7537247538566589,-0.044029854238033295,0.3743405044078827,0.6682165265083313,-0.04675537720322609,0.4209884703159332,0.6693077087402344,-0.06284983456134796,0.4494111239910126,0.6689414978027344,-0.07183337211608887,0.47341394424438477,0.6696661710739136,-0.07866209745407104,0.3675653338432312,0.7066463232040405,-0.0513896606862545,0.42294687032699585,0.7110601663589478,-0.06966090202331543,0.4568530023097992,0.704345703125,-0.07801598310470581,0.48388612270355225,0.6993795037269592,-0.08533696830272675,0.3623397648334503,0.7479227781295776,-0.053768090903759,0.4248303771018982,0.7752443552017212,-0.07046382129192352,0.41464224457740784,0.7571932673454285,-0.06902189552783966,0.3952406644821167,0.7404851913452148,-0.06622665375471115,0.36052054166793823,0.7848419547080994,-0.056597333401441574,0.4057425558567047,0.7914770245552063,-0.06836516410112381,0.39680296182632446,0.7712634801864624,-0.06606753170490265,0.38047242164611816,0.7575791478157043,-0.06340900808572769,0.6662579774856567,0.6876479387283325,3.94997925923235e-07,0.6314584612846375,0.6372057199478149,-0.0013253596844151616,0.5814235806465149,0.631515383720398,-0.009707788936793804,0.5497316122055054,0.661759078502655,-0.017893929034471512,0.5326967835426331,0.6956226229667664,-0.027709830552339554,0.574118971824646,0.612799346446991,-0.03218194842338562,0.5191633105278015,0.6092108488082886,-0.04731573909521103,0.4879510998725891,0.6051528453826904,-0.05583817511796951,0.45944148302078247,0.6032181978225708,-0.0607675239443779,0.5728638768196106,0.6527386903762817,-0.038460083305835724,0.5116250514984131,0.6410247087478638,-0.05061815679073334,0.4735570251941681,0.6323938369750977,-0.05479765310883522,0.44043588638305664,0.6305496692657471,-0.05833566188812256,0.5765441656112671,0.6960061192512512,-0.04232490435242653,0.5203434228897095,0.7099227905273438,-0.052773501724004745,0.5350936651229858,0.7014850378036499,-0.04650125652551651,0.5536454319953918,0.6957075595855713,-0.040084775537252426,0.584712028503418,0.7352033853530884,-0.04585641250014305,0.5451527237892151,0.7335704565048218,-0.05095572769641876,0.5574042201042175,0.722179651260376,-0.041933879256248474,0.573306679725647,0.7154187560081482,-0.0339946411550045,0.8178344964981079,0.8516520261764526,-0.41568177938461304,0.16346004605293274,0.8690014481544495,-0.508752703666687,0.6331354379653931,0.6940344572067261,-0.9993000030517578,0.3104862868785858,0.7302157878875732,-1.2926652431488037,Soon
0.30414286255836487,0.730070948600769,3.927045781892957e-07,0.3353806138038635,0.6873182654380798,-0.010419521480798721,0.3870517611503601,0.6902021765708923,-0.02364390529692173,0.4231337308883667,0.7261006236076355,-0.034258484840393066,0.4294714331626892,0.7529500126838684,-0.04459686577320099,0.3740709722042084,0.6684536933898926,-0.047583069652318954,0.4207099378108978,0.6688845753669739,-0.06393374502658844,0.4494815766811371,0.6678323745727539,-0.07310517132282257,0.47369369864463806,0.6680774092674255,-0.0800391212105751,0.36746761202812195,0.706897497177124,-0.05203581228852272,0.4231545329093933,0.7109142541885376,-0.07038360089063644,0.4571017324924469,0.7038480043411255,-0.07872379571199417,0.4840851426124573,0.698747456073761,-0.0860251784324646,0.36249440908432007,0.7481786012649536,-0.054206158965826035,0.42540743947029114,0.7748269438743591,-0.0708254724740982,0.4158766269683838,0.7564107775688171,-0.06955371797084808,0.3967726230621338,0.7397693991661072,-0.06690464168787003,0.36086148023605347,0.7849754095077515,-0.05681272968649864,0.4064220190048218,0.7914016842842102,-0.06866694241762161,0.39796799421310425,0.7704152464866638,-0.06671610474586487,0.3818221390247345,0.7562295198440552,-0.0642683207988739,0.6663679480552673,0.6880220770835876,3.8498239973705495e-07,0.6316275000572205,0.6372953057289124,-0.0007553441682830453,0.5820208787918091,0.6310569047927856,-0.009035424329340458,0.5505489110946655,0.6606341004371643,-0.017253173515200615,0.5334628224372864,0.6941627264022827,-0.02718682587146759,0.5739319324493408,0.6124960780143738,-0.03171893209218979,0.5191110372543335,0.6093299388885498,-0.0470309816300869,0.4877808094024658,0.605291485786438,-0.05584033206105232,0.4592019319534302,0.6032885909080505,-0.0609065517783165,0.5725855827331543,0.6522874236106873,-0.03826863691210747,0.5113425850868225,0.6410417556762695,-0.050207898020744324,0.47329920530319214,0.6326660513877869,-0.05430486798286438,0.44017428159713745,0.6309184432029724,-0.05780518427491188,0.5762493014335632,0.6954249143600464,-0.0423792339861393,0.5204706788063049,0.709496021270752,-0.052455268800258636,0.5350891947746277,0.7009549736976624,-0.04606105014681816,0.5536603927612305,0.6950654983520508,-0.039623506367206573,0.584501326084137,0.7346411943435669,-0.04613833874464035,0.5447346568107605,0.7333318591117859,-0.05078250169754028,0.5566211342811584,0.7220361232757568,-0.041485968977212906,0.5723834037780762,0.7151449918746948,-0.033395007252693176,0.8178574442863464,0.8514900803565979,-0.4035533368587494,0.16359634697437286,0.8689600825309753,-0.49762940406799316,0.6330509781837463,0.6941115856170654,-0.9802955389022827,0.3101261556148529,0.7305341958999634,-1.278104543685913,Soon
0.30485135316848755,0.7306488752365112,3.9672070784035895e-07,0.335480272769928,0.6868577003479004,-0.01007989700883627,0.38659054040908813,0.6896952986717224,-0.022935032844543457,0.42241212725639343,0.7262132167816162,-0.03327513486146927,0.4286126494407654,0.7533092498779297,-0.043446414172649384,0.3747900724411011,0.6684303879737854,-0.04677895829081535,0.4230072498321533,0.669182538986206,-0.06208885461091995,0.4519786238670349,0.6677140593528748,-0.0701947882771492,0.47611093521118164,0.6678723096847534,-0.07619236409664154,0.36773478984832764,0.707766056060791,-0.051060404628515244,0.4241405725479126,0.7117206454277039,-0.06837024539709091,0.4580189287662506,0.7042897343635559,-0.07589395344257355,0.4848521053791046,0.6995214223861694,-0.08246038854122162,0.3627413511276245,0.7496955394744873,-0.053015485405921936,0.4253968894481659,0.7745423316955566,-0.06893444061279297,0.4163977801799774,0.7545360922813416,-0.06763091683387756,0.3975452780723572,0.7373921871185303,-0.06483646482229233,0.3613114655017853,0.7863429188728333,-0.05533486232161522,0.4077834188938141,0.7909843921661377,-0.0665767639875412,0.40029940009117126,0.7692931890487671,-0.06429529190063477,0.3842180371284485,0.7551892995834351,-0.06150490418076515,0.6667957901954651,0.6872313618659973,3.842506828277692e-07,0.631771981716156,0.636970043182373,-0.0005331937572918832,0.5816261768341064,0.6306467652320862,-0.008790463209152222,0.5500399470329285,0.6603119373321533,-0.017020536586642265,0.5328444838523865,0.6935781240463257,-0.027005035430192947,0.5739879012107849,0.6120960116386414,-0.031685203313827515,0.518783688545227,0.6088549494743347,-0.047133076936006546,0.48720479011535645,0.6046812534332275,-0.05590955913066864,0.4585570693016052,0.6023827791213989,-0.060824550688266754,0.5727615356445312,0.651445746421814,-0.038345690816640854,0.5107898116111755,0.6407220959663391,-0.05027517303824425,0.4727264940738678,0.6327322125434875,-0.05416588857769966,0.43970125913619995,0.6311666965484619,-0.057379476726055145,0.5764265060424805,0.6942799687385559,-0.0425427183508873,0.520989716053009,0.7091794610023499,-0.052652787417173386,0.5359875559806824,0.7010878324508667,-0.04605865851044655,0.5546286106109619,0.6953252553939819,-0.03933995962142944,0.5847551822662354,0.7335867285728455,-0.04634889215230942,0.5450750589370728,0.7331495881080627,-0.05081719905138016,0.5572189688682556,0.7222011089324951,-0.0411812849342823,0.5729631185531616,0.7153596878051758,-0.03277644142508507,0.8176272511482239,0.8509528040885925,-0.40243035554885864,0.16385695338249207,0.8687389492988586,-0.499642938375473,0.6332108378410339,0.6940729022026062,-0.9852732419967651,0.31006407737731934,0.7305442094802856,-1.2991297245025635,Soon
0.30456116795539856,0.729851484298706,3.8464065710286377e-07,0.3356325626373291,0.6872321963310242,-0.010118679143488407,0.38720041513442993,0.6911066770553589,-0.02319779433310032,0.42275136709213257,0.7279030084609985,-0.03350038453936577,0.4295177161693573,0.7517744302749634,-0.04356064647436142,0.37455496191978455,0.66885906457901,-0.04862378537654877,0.422623872756958,0.6702986359596252,-0.06504461169242859,0.4510502517223358,0.6696268916130066,-0.07426963746547699,0.4751109480857849,0.6705880165100098,-0.08103261888027191,0.36698344349861145,0.7078043222427368,-0.05293570086359978,0.42393410205841064,0.7120528221130371,-0.07110545039176941,0.45782843232154846,0.7045558094978333,-0.07956267893314362,0.4849788546562195,0.7002597451210022,-0.08700001239776611,0.3618902564048767,0.7494677901268005,-0.0546591579914093,0.42541933059692383,0.7749407887458801,-0.07052262127399445,0.4151640236377716,0.754962682723999,-0.06833216547966003,0.3959164619445801,0.7386839389801025,-0.06523130089044571,0.3606448173522949,0.7862043380737305,-0.056797392666339874,0.40652093291282654,0.7903370261192322,-0.06775282323360443,0.39757755398750305,0.7693052291870117,-0.06447777152061462,0.3813319802284241,0.7567411661148071,-0.06110366806387901,0.6672284603118896,0.6874756217002869,3.8426185255957535e-07,0.6323083639144897,0.6370835304260254,-0.00025081943022087216,0.5826506018638611,0.6307289600372314,-0.00851480569690466,0.5512090921401978,0.6600162982940674,-0.016824418678879738,0.5337343215942383,0.6929516196250916,-0.026886245235800743,0.5739741325378418,0.6117056608200073,-0.031715549528598785,0.5188264846801758,0.6085627675056458,-0.04755878821015358,0.48713141679763794,0.6042829751968384,-0.056770820170640945,0.4582812190055847,0.601977527141571,-0.06198650225996971,0.5725472569465637,0.6511250734329224,-0.038463886827230453,0.5107624530792236,0.6397695541381836,-0.050494082272052765,0.47269725799560547,0.6318188905715942,-0.054478343576192856,0.43937715888023376,0.6302222609519958,-0.0577968955039978,0.5760857462882996,0.6941516995429993,-0.042742714285850525,0.5206990838050842,0.7088719606399536,-0.052878934890031815,0.5359822511672974,0.7012696862220764,-0.046227384358644485,0.5547701716423035,0.6956055760383606,-0.03948165476322174,0.5843486785888672,0.7336292266845703,-0.046628206968307495,0.5451298952102661,0.7330946326255798,-0.05115877091884613,0.557346522808075,0.7225139141082764,-0.041520893573760986,0.5730714201927185,0.7157081365585327,-0.03307734429836273,0.8174059987068176,0.8508603572845459,-0.41869688034057617,0.16412994265556335,0.8687154650688171,-0.5245830416679382,0.6332681775093079,0.693993866443634,-1.0484943389892578,0.30948659777641296,0.7307682633399963,-1.3576805591583252,Soon
0.3043053150177002,0.7295185327529907,3.9182114619507047e-07,0.3358972370624542,0.6861829161643982,-0.010149994865059853,0.3877801299095154,0.689313530921936,-0.023099742829799652,0.42347800731658936,0.7252781987190247,-0.03336574137210846,0.4297705292701721,0.7521027326583862,-0.043378833681344986,0.37465235590934753,0.6679314970970154,-0.04791029542684555,0.4220737814903259,0.6691579818725586,-0.06400879472494125,0.45081472396850586,0.6686559319496155,-0.07307390123605728,0.474912166595459,0.6701666116714478,-0.07984042912721634,0.36726537346839905,0.7071371674537659,-0.05212976410984993,0.42363250255584717,0.7117176055908203,-0.07004808634519577,0.4574049711227417,0.703856885433197,-0.07834292203187943,0.4842908978462219,0.6994292140007019,-0.08571438491344452,0.3619166612625122,0.7487587332725525,-0.05383889749646187,0.42572644352912903,0.7750647664070129,-0.06944821774959564,0.4157872200012207,0.7548097372055054,-0.06715700775384903,0.3965335488319397,0.7384359240531921,-0.06399083882570267,0.36011525988578796,0.7851396203041077,-0.05600673332810402,0.4065089821815491,0.7906544208526611,-0.06681834161281586,0.39800024032592773,0.7690258622169495,-0.0637359619140625,0.38163888454437256,0.7558660507202148,-0.06049865856766701,0.6673076748847961,0.6877646446228027,3.820069593984954e-07,0.6321943998336792,0.6368052363395691,-0.0007931204163469374,0.5819146037101746,0.6300607919692993,-0.009166400879621506,0.5498374700546265,0.6594107747077942,-0.017522599548101425,0.5321274399757385,0.6925092339515686,-0.027666393667459488,0.5735833644866943,0.6112461686134338,-0.031916286796331406,0.5186381340026855,0.608096182346344,-0.04776431620121002,0.4870772361755371,0.6038382053375244,-0.05697539076209068,0.45815330743789673,0.6014224290847778,-0.06223911792039871,0.5723941922187805,0.6509348750114441,-0.03854002058506012,0.5105507373809814,0.6403718590736389,-0.05089934170246124,0.47242945432662964,0.6322821378707886,-0.0551016740500927,0.438961386680603,0.6304949522018433,-0.058563679456710815,0.5762454271316528,0.6940651535987854,-0.04274817928671837,0.5206499695777893,0.7089698910713196,-0.05349547415971756,0.5359964966773987,0.7008810639381409,-0.04711012914776802,0.5549915432929993,0.6950907111167908,-0.040404774248600006,0.5846983194351196,0.7335244417190552,-0.04657627269625664,0.5447611808776855,0.7330072522163391,-0.05157184228301048,0.556941568851471,0.7221035957336426,-0.04210018366575241,0.5729582905769348,0.7152890563011169,-0.03373207896947861,0.8172733187675476,0.8509228229522705,-0.424185186624527,0.1642705500125885,0.8686218857765198,-0.5299327969551086,0.6335968971252441,0.693808913230896,-1.0732492208480835,0.30913326144218445,0.7310826778411865,-1.369624376296997,Soon
0.30439049005508423,0.7299671173095703,3.8558565051971527e-07,0.3352685570716858,0.6866492033004761,-0.009788676165044308,0.3861992061138153,0.6891292929649353,-0.022513970732688904,0.42188841104507446,0.7248764038085938,-0.03266560286283493,0.42959854006767273,0.7522029876708984,-0.04252631217241287,0.37460577487945557,0.6681627035140991,-0.04740653932094574,0.4225732684135437,0.6688863635063171,-0.06323282420635223,0.45158207416534424,0.6674187183380127,-0.07203395664691925,0.47578704357147217,0.6680209636688232,-0.07860929518938065,0.36742767691612244,0.706748366355896,-0.051583584398031235,0.42340385913848877,0.710501492023468,-0.06925232708454132,0.4574369192123413,0.7023289203643799,-0.07740210741758347,0.4846043884754181,0.6976813673973083,-0.08465024828910828,0.3624137341976166,0.747832715511322,-0.05331238731741905,0.4259282052516937,0.7741497159004211,-0.06889437139034271,0.41748759150505066,0.7542385458946228,-0.06744169443845749,0.3991087079048157,0.7379207015037537,-0.06486576050519943,0.3608708381652832,0.7838537096977234,-0.055438023060560226,0.4073280394077301,0.7905206084251404,-0.06649438291788101,0.4000183641910553,0.7687689065933228,-0.06436985731124878,0.3843384385108948,0.754941999912262,-0.06180988624691963,0.6676850318908691,0.6878596544265747,3.804156563091965e-07,0.6328021287918091,0.6370975375175476,-0.001041898620314896,0.5830304622650146,0.6294128894805908,-0.009446176700294018,0.5512385368347168,0.6575425267219543,-0.01782442256808281,0.5337677001953125,0.6903335452079773,-0.027958083897829056,0.5738553404808044,0.6110013723373413,-0.031716737896203995,0.5191832780838013,0.6078550219535828,-0.04774116724729538,0.48755156993865967,0.6033550500869751,-0.05740787088871002,0.4585726857185364,0.6007935404777527,-0.06298297643661499,0.5728347897529602,0.6507049202919006,-0.03822862356901169,0.5114901065826416,0.6403440833091736,-0.05077558383345604,0.4731888175010681,0.6320942044258118,-0.05542593076825142,0.4394180476665497,0.630279541015625,-0.05924432724714279,0.5767296552658081,0.6937941908836365,-0.042365480214357376,0.5211461186408997,0.7078036665916443,-0.053127843886613846,0.5360130071640015,0.6998595595359802,-0.04693468660116196,0.5547463893890381,0.6944370865821838,-0.04038849100470543,0.5849503874778748,0.7332903146743774,-0.0461651086807251,0.5444930791854858,0.7320230603218079,-0.051042262464761734,0.5565528273582458,0.7214639186859131,-0.041492968797683716,0.5726954936981201,0.7151078581809998,-0.03309628367424011,0.8169937133789062,0.8513724207878113,-0.43112713098526,0.16427907347679138,0.8686465620994568,-0.5363084673881531,0.6340842843055725,0.6935683488845825,-1.067177414894104,0.3087533712387085,0.7315938472747803,-1.3600997924804688,Soon
0.30474355816841125,0.7309192419052124,3.8844854088893044e-07,0.3354509472846985,0.6867207288742065,-0.009699605405330658,0.3851178288459778,0.6879165172576904,-0.022468995302915573,0.4201553463935852,0.7227398157119751,-0.03263162076473236,0.4299513101577759,0.7505477070808411,-0.04258427768945694,0.3749317526817322,0.668473482131958,-0.04775448516011238,0.4230595529079437,0.6704258322715759,-0.06378676742315292,0.4521542191505432,0.6697019338607788,-0.07287949323654175,0.476381778717041,0.6706050038337708,-0.07948675751686096,0.3678314983844757,0.7076594829559326,-0.051794059574604034,0.42508548498153687,0.7110267877578735,-0.06892901659011841,0.45902588963508606,0.7035008668899536,-0.07676222175359726,0.48629456758499146,0.6992067098617554,-0.08384060114622116,0.3632001280784607,0.7490626573562622,-0.053338926285505295,0.42763516306877136,0.7738024592399597,-0.06862856447696686,0.4191846549510956,0.752865195274353,-0.0672120749950409,0.40081658959388733,0.7361004948616028,-0.06469620764255524,0.3618625998497009,0.7846091985702515,-0.05521000176668167,0.40897712111473083,0.7904078364372253,-0.06605683267116547,0.40200695395469666,0.7680671215057373,-0.06377482414245605,0.3864901065826416,0.7539712190628052,-0.06104348227381706,0.6676464676856995,0.687930703163147,3.834211668163334e-07,0.6325533986091614,0.6369372010231018,-0.0009908182546496391,0.58217453956604,0.6294201016426086,-0.009396721608936787,0.5505834817886353,0.6591829657554626,-0.017804965376853943,0.5336240530014038,0.6923269629478455,-0.028086110949516296,0.5735861659049988,0.6112120747566223,-0.03149973228573799,0.5194682478904724,0.6083428263664246,-0.04736165702342987,0.48812660574913025,0.6040674448013306,-0.05681159347295761,0.4595048427581787,0.6014116406440735,-0.062176354229450226,0.5725637078285217,0.6513090133666992,-0.03800162300467491,0.5114684700965881,0.6413804292678833,-0.05054635927081108,0.4736282527446747,0.6324160099029541,-0.055077262222766876,0.44028037786483765,0.6296942234039307,-0.058659132570028305,0.5764704346656799,0.6943327188491821,-0.04209526255726814,0.5215798020362854,0.7082611322402954,-0.05282853916287422,0.5366261601448059,0.7000688910484314,-0.0465993769466877,0.5550986528396606,0.6945269107818604,-0.03992152959108353,0.584920346736908,0.7335140705108643,-0.04582745209336281,0.5448413491249084,0.7321329116821289,-0.05043678358197212,0.5573339462280273,0.7214367985725403,-0.04059532657265663,0.5735762715339661,0.7151350975036621,-0.031957827508449554,0.8166160583496094,0.8518548607826233,-0.4318616986274719,0.16501058638095856,0.8685685396194458,-0.5355937480926514,0.634524941444397,0.693559467792511,-1.063302993774414,0.30933481454849243,0.7318878173828125,-1.3469111919403076,Soon
0.3048746585845947,0.7313644289970398,3.9506281268586463e-07,0.33512672781944275,0.6871567368507385,-0.00946190394461155,0.3854113817214966,0.6875724196434021,-0.021992234513163567,0.42042213678359985,0.7221617102622986,-0.03210962936282158,0.43017178773880005,0.7506160736083984,-0.042146485298871994,0.3759755790233612,0.6684947609901428,-0.0465598963201046,0.4247951805591583,0.6714403033256531,-0.06207355856895447,0.4539148509502411,0.6713369488716125,-0.07053941488265991,0.47827571630477905,0.6725749373435974,-0.07668853551149368,0.3686511516571045,0.7074369788169861,-0.05083388090133667,0.42658451199531555,0.7114859819412231,-0.06772226095199585,0.4600524306297302,0.7044939398765564,-0.07515140622854233,0.4870215058326721,0.7000753879547119,-0.0817573070526123,0.3637391924858093,0.7488112449645996,-0.052703969180583954,0.42877396941185,0.7738695740699768,-0.06837102770805359,0.41936808824539185,0.7543859481811523,-0.06711602956056595,0.4005020558834076,0.738033652305603,-0.06444934010505676,0.36225786805152893,0.7847316861152649,-0.05482959747314453,0.4094460904598236,0.7906269431114197,-0.06606439501047134,0.4015312194824219,0.7693365812301636,-0.06389644742012024,0.38541096448898315,0.7555450797080994,-0.061108943074941635,0.6675163507461548,0.6874600648880005,3.8948169844843505e-07,0.631676971912384,0.6364959478378296,-0.0011774580925703049,0.5807512998580933,0.6296485662460327,-0.009684798307716846,0.5489705801010132,0.6609684228897095,-0.018227072432637215,0.5323478579521179,0.6951889991760254,-0.028640421107411385,0.5730717778205872,0.6114749908447266,-0.031271953135728836,0.5195925831794739,0.608450174331665,-0.04726053401827812,0.4883571267127991,0.6042876243591309,-0.05672547221183777,0.45964887738227844,0.6017379760742188,-0.062171027064323425,0.5721396207809448,0.6511058211326599,-0.03788118436932564,0.5113354921340942,0.6410595178604126,-0.05079668387770653,0.4734671115875244,0.6326398253440857,-0.05555199459195137,0.44000697135925293,0.6301577091217041,-0.0592297688126564,0.5763345956802368,0.6939858198165894,-0.04213229939341545,0.5220640897750854,0.7093682289123535,-0.053495459258556366,0.5376081466674805,0.7019194960594177,-0.04740043357014656,0.5562828183174133,0.6963465213775635,-0.04062579572200775,0.5852105617523193,0.7333099842071533,-0.04600749909877777,0.5460367202758789,0.7332889437675476,-0.05102250352501869,0.5587400794029236,0.7227993607521057,-0.041336700320243835,0.574903666973114,0.716168999671936,-0.03275085240602493,0.8162099123001099,0.8522007465362549,-0.42768150568008423,0.16572053730487823,0.8678129315376282,-0.5277206301689148,0.6345456838607788,0.6934985518455505,-1.040595293045044,0.3105602562427521,0.7319796085357666,-1.3083910942077637,Soon
0.304235577583313,0.7315146327018738,3.9190339862216206e-07,0.3344195485115051,0.6872243285179138,-0.009086250327527523,0.3842003345489502,0.6882768273353577,-0.021231653168797493,0.4183335304260254,0.7234246730804443,-0.031003473326563835,0.42881640791893005,0.7503156065940857,-0.04068693518638611,0.37618714570999146,0.6690942049026489,-0.045462362468242645,0.42545604705810547,0.6719321012496948,-0.06060973182320595,0.45458611845970154,0.6719894409179688,-0.06893709301948547,0.4791495203971863,0.6737720370292664,-0.07493709027767181,0.3688194751739502,0.7089238166809082,-0.04972948879003525,0.4266895353794098,0.7123501300811768,-0.066195048391819,0.46024107933044434,0.7052119970321655,-0.07379082590341568,0.4875273108482361,0.7014071941375732,-0.08053243160247803,0.36374935507774353,0.750770092010498,-0.05149034038186073,0.42836079001426697,0.7744157910346985,-0.06679454445838928,0.41761133074760437,0.7549248933792114,-0.0649452954530716,0.39793986082077026,0.7393468618392944,-0.06185028329491615,0.36193594336509705,0.7868561148643494,-0.05347760021686554,0.4081321954727173,0.7908432483673096,-0.06440150737762451,0.39924710988998413,0.7698107361793518,-0.06139635667204857,0.3827531039714813,0.7568461894989014,-0.057897888123989105,0.6684228181838989,0.6873952150344849,3.89159907854264e-07,0.6324352025985718,0.6369103193283081,-8.237289875978604e-05,0.5824623107910156,0.6304214596748352,-0.008253498934209347,0.5515028834342957,0.6606463193893433,-0.016659384593367577,0.5347011089324951,0.6940738558769226,-0.026916582137346268,0.5738905668258667,0.612078070640564,-0.030840903520584106,0.519915759563446,0.6091692447662354,-0.04687466099858284,0.488556832075119,0.6046279668807983,-0.05651559308171272,0.45984548330307007,0.6016333103179932,-0.062061458826065063,0.5728325247764587,0.6513415575027466,-0.03771094232797623,0.5117648839950562,0.6415203213691711,-0.05019719526171684,0.4738893508911133,0.6331114768981934,-0.05480428412556648,0.44036704301834106,0.6303640007972717,-0.05854714661836624,0.5768963694572449,0.6940985918045044,-0.042124342173337936,0.5218256115913391,0.7094868421554565,-0.05271197855472565,0.5371359586715698,0.7023921012878418,-0.04641144722700119,0.5558330416679382,0.696799635887146,-0.03975945711135864,0.5856084823608398,0.7332308292388916,-0.04611260071396828,0.5464379787445068,0.7330909371376038,-0.050752706825733185,0.5588346719741821,0.7226690053939819,-0.04113251343369484,0.5748271346092224,0.7157052755355835,-0.032650064677000046,0.8160088658332825,0.8523114919662476,-0.437563419342041,0.16618099808692932,0.8678058385848999,-0.5276785492897034,0.6345701217651367,0.6933601498603821,-1.0674474239349365,0.3124263286590576,0.7320031523704529,-1.307257890701294,Soon
0.3077019155025482,0.7308192253112793,3.9358229741992545e-07,0.3378385305404663,0.6861695647239685,-0.009892805479466915,0.3884129822254181,0.6880386471748352,-0.022505246102809906,0.4244045317173004,0.7232475876808167,-0.03242209926247597,0.4327099621295929,0.7502648830413818,-0.04216957837343216,0.3784715235233307,0.6692002415657043,-0.0478745773434639,0.4284665584564209,0.6719017028808594,-0.0631013959646225,0.45797181129455566,0.6714829206466675,-0.07082842290401459,0.4824129343032837,0.6733497381210327,-0.07633138447999954,0.37091609835624695,0.7086705565452576,-0.05158763751387596,0.4292750656604767,0.7124339938163757,-0.06830809265375137,0.4631039500236511,0.7047303318977356,-0.07506341487169266,0.4900103807449341,0.7010432481765747,-0.08108624070882797,0.3658847510814667,0.7503171563148499,-0.052801888436079025,0.42994898557662964,0.7746171355247498,-0.06845350563526154,0.42012178897857666,0.751939594745636,-0.0668536052107811,0.4010954797267914,0.7341140508651733,-0.06381411850452423,0.36417368054389954,0.7861563563346863,-0.05424569547176361,0.41075199842453003,0.791572093963623,-0.06524155288934708,0.40287864208221436,0.7689626216888428,-0.06272754073143005,0.38695311546325684,0.7548646330833435,-0.05964506044983864,0.6692706942558289,0.688349187374115,3.86490114578919e-07,0.6337904334068298,0.6370289921760559,-0.0012604109942913055,0.5831268429756165,0.6303044557571411,-0.00948260072618723,0.5511911511421204,0.6603599786758423,-0.017679892480373383,0.5338662266731262,0.6938164830207825,-0.027626143768429756,0.574432909488678,0.6125349998474121,-0.030655745416879654,0.520252525806427,0.6089157462120056,-0.046205583959817886,0.48898547887802124,0.60443514585495,-0.05552713945508003,0.46012938022613525,0.6021326184272766,-0.06092770770192146,0.5732918381690979,0.6519911885261536,-0.03694101795554161,0.5129138231277466,0.6410333514213562,-0.04937819391489029,0.4748440682888031,0.6324775218963623,-0.05405110493302345,0.44084489345550537,0.6306699514389038,-0.057829778641462326,0.5772806406021118,0.6948713660240173,-0.040927279740571976,0.5226277709007263,0.7085872292518616,-0.05168973281979561,0.538129448890686,0.6998491883277893,-0.0454864576458931,0.5567789077758789,0.6943462491035461,-0.0388488844037056,0.5859005451202393,0.7339485883712769,-0.044584061950445175,0.5456199645996094,0.7323009371757507,-0.04935751482844353,0.5580837726593018,0.721265435218811,-0.039700716733932495,0.5742685794830322,0.7150152325630188,-0.031210115179419518,0.8159987330436707,0.8521144390106201,-0.45789656043052673,0.16736896336078644,0.8676108717918396,-0.5457556843757629,0.634602427482605,0.6933157444000244,-1.106654405593872,0.31443125009536743,0.7322074174880981,-1.3559792041778564,Soon
0.30744367837905884,0.7312884330749512,3.74933335933747e-07,0.33761295676231384,0.688107967376709,-0.009550708346068859,0.38943180441856384,0.6912561655044556,-0.02202601172029972,0.4256666898727417,0.7267839908599854,-0.031867388635873795,0.4326627850532532,0.7510460615158081,-0.04146518558263779,0.37949138879776,0.6691726446151733,-0.046526700258255005,0.42807650566101074,0.6719365119934082,-0.06172872707247734,0.45653054118156433,0.6717028617858887,-0.06997356563806534,0.48004350066185,0.6730780601501465,-0.0760844275355339,0.37207508087158203,0.7090275287628174,-0.0507841482758522,0.4288831949234009,0.7133747935295105,-0.06773684918880463,0.462490975856781,0.7060846090316772,-0.07532282173633575,0.48922207951545715,0.7021772265434265,-0.08217287063598633,0.36646199226379395,0.7509798407554626,-0.05251121520996094,0.42945608496665955,0.7756710648536682,-0.06766911596059799,0.41882434487342834,0.7560287117958069,-0.06497211009263992,0.39934083819389343,0.7399942874908447,-0.06154604256153107,0.36421746015548706,0.7875636219978333,-0.054589856415987015,0.40951573848724365,0.79198157787323,-0.06502923369407654,0.4005420207977295,0.7715307474136353,-0.061411939561367035,0.38436269760131836,0.7591916918754578,-0.05778331309556961,0.6691610217094421,0.6882192492485046,3.8372004951270355e-07,0.6338639259338379,0.6372262239456177,-0.0012992037227377295,0.583092451095581,0.6304770708084106,-0.00964481383562088,0.5508633255958557,0.6606453657150269,-0.017917923629283905,0.5332921147346497,0.6942705512046814,-0.027957044541835785,0.5745494365692139,0.6120758056640625,-0.03126757591962814,0.5203540325164795,0.6087723970413208,-0.04711824283003807,0.48897677659988403,0.6045234799385071,-0.056649722158908844,0.4599642753601074,0.6021396517753601,-0.062220338732004166,0.5735052824020386,0.6515446305274963,-0.03760400041937828,0.5127962231636047,0.641186535358429,-0.05001259595155716,0.4747888445854187,0.632810115814209,-0.05456699803471565,0.44092392921447754,0.6309345364570618,-0.05837198719382286,0.577511191368103,0.6943798065185547,-0.04164804145693779,0.5225706100463867,0.7086460590362549,-0.052417878061532974,0.5380114316940308,0.6999911665916443,-0.046223945915699005,0.5567944645881653,0.6942611932754517,-0.03970358893275261,0.5860913991928101,0.7335883975028992,-0.0453827828168869,0.5462759137153625,0.7323574423789978,-0.05044526606798172,0.5586462020874023,0.7212238907814026,-0.04113415628671646,0.574681282043457,0.7146828770637512,-0.032919589430093765,0.8159922361373901,0.8519471883773804,-0.4640316367149353,0.16816088557243347,0.8674497008323669,-0.5529438257217407,0.6346341371536255,0.6932689547538757,-1.1153180599212646,0.3157605528831482,0.7323614358901978,-1.3715709447860718,Soon
0.3082441985607147,0.7303093671798706,3.781918849199428e-07,0.3387320041656494,0.6874959468841553,-0.009647111408412457,0.39033153653144836,0.690315842628479,-0.02230442501604557,0.4257168173789978,0.7260215878486633,-0.032366927713155746,0.4328451156616211,0.7521333694458008,-0.0422210767865181,0.3798463046550751,0.6696321368217468,-0.047456853091716766,0.4284151494503021,0.6711372137069702,-0.06292576342821121,0.45697182416915894,0.6702951788902283,-0.07127764075994492,0.4808211922645569,0.6712501645088196,-0.07739420235157013,0.37221357226371765,0.7088218927383423,-0.05169408768415451,0.4293098747730255,0.7131264805793762,-0.06872185319662094,0.46289315819740295,0.7052892446517944,-0.07613801211118698,0.4898831844329834,0.700965404510498,-0.0828012153506279,0.3666599988937378,0.750360369682312,-0.053391776978969574,0.43067580461502075,0.7758007049560547,-0.06852387636899948,0.4203226864337921,0.7550894618034363,-0.0659235492348671,0.40098071098327637,0.7384844422340393,-0.06247872859239578,0.3645317554473877,0.786497175693512,-0.05546993389725685,0.4110530614852905,0.7916824221611023,-0.06587108224630356,0.4026894271373749,0.770398736000061,-0.06239636242389679,0.38650834560394287,0.7577057480812073,-0.05878584831953049,0.6691105365753174,0.6878871321678162,3.8774493305027136e-07,0.6340032815933228,0.6365905404090881,-0.001703903079032898,0.5830196142196655,0.6295836567878723,-0.010190618224442005,0.5506895780563354,0.6602557301521301,-0.01852205954492092,0.5336236357688904,0.6942054033279419,-0.028653042390942574,0.5748109817504883,0.6118760108947754,-0.03158094733953476,0.5205064415931702,0.6083648204803467,-0.047219567000865936,0.489070326089859,0.6043558716773987,-0.05632487311959267,0.46015501022338867,0.6022570729255676,-0.061520643532276154,0.573631227016449,0.6517080664634705,-0.037842269986867905,0.512433648109436,0.6409951448440552,-0.05028653144836426,0.47422459721565247,0.6325731873512268,-0.054574497044086456,0.4405370354652405,0.6309173107147217,-0.05798529088497162,0.5775346755981445,0.6946239471435547,-0.04183671250939369,0.5225135087966919,0.7087128162384033,-0.052876148372888565,0.5379992127418518,0.6999790072441101,-0.0467170849442482,0.5568538904190063,0.6943888068199158,-0.04000215604901314,0.5861513018608093,0.7338476181030273,-0.04551396891474724,0.5457200407981873,0.7324066758155823,-0.05052896961569786,0.5581905245780945,0.7213660478591919,-0.040946416556835175,0.5743861794471741,0.7151435613632202,-0.0324745699763298,0.8160161972045898,0.8519138097763062,-0.49017995595932007,0.16880133748054504,0.8676006197929382,-0.5683376789093018,0.6346441507339478,0.6931772232055664,-1.1379964351654053,0.32030773162841797,0.7321215271949768,-1.3809547424316406,Soon
0.3086946904659271,0.7304352521896362,3.781731550134282e-07,0.3394279479980469,0.6880273222923279,-0.009894323535263538,0.3912642300128937,0.690659761428833,-0.02281840331852436,0.42681849002838135,0.7263444066047668,-0.033075228333473206,0.4327760636806488,0.7525040507316589,-0.0431024394929409,0.38020968437194824,0.6689403653144836,-0.04825287684798241,0.4280126392841339,0.6702398061752319,-0.06446526944637299,0.456658273935318,0.6699056625366211,-0.07365131378173828,0.48043522238731384,0.6712185144424438,-0.08046014606952667,0.37258651852607727,0.7080351710319519,-0.05266332998871803,0.4288617968559265,0.7122287750244141,-0.07040596753358841,0.4626564085483551,0.7050167918205261,-0.07842707633972168,0.48937350511550903,0.7009323835372925,-0.08560933917760849,0.36696362495422363,0.7498555183410645,-0.05454609543085098,0.4305002689361572,0.7755665183067322,-0.06995092332363129,0.4211212694644928,0.7555833458900452,-0.06743873655796051,0.40222248435020447,0.7389658689498901,-0.06422452628612518,0.3648536801338196,0.7865468859672546,-0.05688225477933884,0.4108692705631256,0.7918270230293274,-0.06760356575250626,0.4024955928325653,0.7707090377807617,-0.06428521126508713,0.3862515985965729,0.7579289674758911,-0.0608774870634079,0.669316291809082,0.687988817691803,3.878948291458073e-07,0.6341149210929871,0.6367449164390564,-0.001500968704931438,0.5833775401115417,0.6299294233322144,-0.010096766985952854,0.5512853860855103,0.6602603197097778,-0.018582895398139954,0.5343512892723083,0.6942704319953918,-0.028917696326971054,0.5750187635421753,0.6121140718460083,-0.032163526862859726,0.520245373249054,0.6085745692253113,-0.047940660268068314,0.4889259338378906,0.6043619513511658,-0.05721702054142952,0.459972083568573,0.6021668314933777,-0.0625750795006752,0.5740818381309509,0.6519186496734619,-0.03852658346295357,0.5129385590553284,0.6410742402076721,-0.05105292424559593,0.47464895248413086,0.6325479745864868,-0.055502235889434814,0.4406663179397583,0.6310702562332153,-0.05916252359747887,0.5781104564666748,0.6950341463088989,-0.042527422308921814,0.5226673483848572,0.7084746360778809,-0.053392719477415085,0.5381900668144226,0.6991205215454102,-0.046995945274829865,0.5570183396339417,0.6934512257575989,-0.04025878757238388,0.5867136716842651,0.7343513369560242,-0.046205196529626846,0.5453779697418213,0.7324479222297668,-0.051141392439603806,0.5578230619430542,0.7213230133056641,-0.04131930693984032,0.5742199420928955,0.7154792547225952,-0.032728735357522964,0.8160043954849243,0.8518649339675903,-0.48989415168762207,0.1694447100162506,0.8675981760025024,-0.5684307813644409,0.634620189666748,0.6927216053009033,-1.1299413442611694,0.3225308954715729,0.7318640351295471,-1.3793179988861084,Soon
0.5183185935020447,0.6241754293441772,1.4783056201395084e-07,0.5223350524902344,0.5749576091766357,-0.0015487250639125705,0.5056893825531006,0.53719562292099,-0.002196749672293663,0.4826659858226776,0.5185990929603577,-0.0025726305320858955,0.4682575464248657,0.4995560050010681,-0.003106603631749749,0.46632182598114014,0.5393418669700623,-0.005328333470970392,0.43483585119247437,0.5191622376441956,-0.009657807648181915,0.41610535979270935,0.5087073445320129,-0.012438585981726646,0.4014582633972168,0.5018541812896729,-0.014086044393479824,0.4540543258190155,0.5627020001411438,-0.007075553759932518,0.4210403263568878,0.5364500284194946,-0.01113057043403387,0.40020763874053955,0.5207779407501221,-0.01349668763577938,0.38450759649276733,0.5091348886489868,-0.014945030212402344,0.44712167978286743,0.587678074836731,-0.008683599531650543,0.41610339283943176,0.561582088470459,-0.012077723629772663,0.3968619704246521,0.5452900528907776,-0.014117536135017872,0.38305890560150146,0.5332695841789246,-0.015416638925671577,0.4449143409729004,0.6147687435150146,-0.0101497583091259,0.4200778901576996,0.594710111618042,-0.013065049424767494,0.4050375819206238,0.5820111036300659,-0.013482008129358292,0.39352846145629883,0.5715779662132263,-0.013090945780277252,0.0,0.0,0.0,0.0,0.0,0.0,0.0,0.0,0.0,0.0,0.0,0.0,0.0,0.0,0.0,0.0,0.0,0.0,0.0,0.0,0.0,0.0,0.0,0.0,0.0,0.0,0.0,0.0,0.0,0.0,0.0,0.0,0.0,0.0,0.0,0.0,0.0,0.0,0.0,0.0,0.0,0.0,0.0,0.0,0.0,0.0,0.0,0.0,0.0,0.0,0.0,0.0,0.0,0.0,0.0,0.0,0.0,0.0,0.0,0.0,0.0,0.0,0.0,0.7149612307548523,0.860113263130188,-0.5909277200698853,0.2569355368614197,0.8612991571426392,0.0714116320014,0.5370309948921204,0.6474308371543884,-1.3150622844696045,0.23068401217460632,1.1292576789855957,-0.34448111057281494,Please
0.519877016544342,0.6250733137130737,1.4648718149601336e-07,0.5229963064193726,0.5753180980682373,-0.001556668896228075,0.5059438943862915,0.5375112295150757,-0.0022773633245378733,0.482718825340271,0.5186745524406433,-0.0028617859352380037,0.46806275844573975,0.49981826543807983,-0.003595843678340316,0.46636536717414856,0.5389834642410278,-0.004591836594045162,0.4345425069332123,0.5192319750785828,-0.008898977190256119,0.41578221321105957,0.5090993046760559,-0.01190459169447422,0.40096166729927063,0.5023130178451538,-0.013777385465800762,0.4539816379547119,0.5623493194580078,-0.006487248465418816,0.42109185457229614,0.5364486575126648,-0.010209864936769009,0.4003005027770996,0.5209149718284607,-0.012737704440951347,0.3846229314804077,0.5092359781265259,-0.014442823827266693,0.4470462203025818,0.587566077709198,-0.00832061655819416,0.4162554442882538,0.5614809393882751,-0.011432558298110962,0.39703771471977234,0.5450902581214905,-0.013492210768163204,0.38328078389167786,0.5327718257904053,-0.014997389167547226,0.4448082745075226,0.614870548248291,-0.01006946712732315,0.4202409088611603,0.5949791669845581,-0.012989319860935211,0.4052972197532654,0.5821521282196045,-0.01342679187655449,0.39383018016815186,0.571462094783783,-0.013114646077156067,0.0,0.0,0.0,0.0,0.0,0.0,0.0,0.0,0.0,0.0,0.0,0.0,0.0,0.0,0.0,0.0,0.0,0.0,0.0,0.0,0.0,0.0,0.0,0.0,0.0,0.0,0.0,0.0,0.0,0.0,0.0,0.0,0.0,0.0,0.0,0.0,0.0,0.0,0.0,0.0,0.0,0.0,0.0,0.0,0.0,0.0,0.0,0.0,0.0,0.0,0.0,0.0,0.0,0.0,0.0,0.0,0.0,0.0,0.0,0.0,0.0,0.0,0.0,0.7147082090377808,0.8625982999801636,-0.6111717224121094,0.25414931774139404,0.8596546649932861,0.025458622723817825,0.536536455154419,0.6476131081581116,-1.355804681777954,0.22824855148792267,1.127729892730713,-0.4262470304965973,Please
0.5210350155830383,0.6261048913002014,1.4669387837784598e-07,0.5235758423805237,0.5757341384887695,-0.0009393442305736244,0.5059321522712708,0.5386613011360168,-0.0013206053990870714,0.4825967848300934,0.519986093044281,-0.0018278190400451422,0.46833890676498413,0.5009695291519165,-0.0025418743025511503,0.46602559089660645,0.5396513938903809,-0.0032909680157899857,0.4343923330307007,0.5197392702102661,-0.00743563799187541,0.415877103805542,0.5093865990638733,-0.010494587011635303,0.40114644169807434,0.5023948550224304,-0.01245544757694006,0.453944593667984,0.5628092885017395,-0.005632613319903612,0.42102134227752686,0.5364903211593628,-0.009333204478025436,0.40017643570899963,0.5207485556602478,-0.011901295743882656,0.38419026136398315,0.508842945098877,-0.013572685420513153,0.4475138187408447,0.5879901051521301,-0.007955385372042656,0.41662919521331787,0.5614497661590576,-0.011188364587724209,0.3973202705383301,0.544882595539093,-0.013258222490549088,0.38317346572875977,0.5321434140205383,-0.014681300148367882,0.4458399713039398,0.6157426238059998,-0.010158738121390343,0.4210655093193054,0.5956526398658752,-0.013116051442921162,0.4060881733894348,0.5824052095413208,-0.013472769409418106,0.39449796080589294,0.5710587501525879,-0.013075592927634716,0.0,0.0,0.0,0.0,0.0,0.0,0.0,0.0,0.0,0.0,0.0,0.0,0.0,0.0,0.0,0.0,0.0,0.0,0.0,0.0,0.0,0.0,0.0,0.0,0.0,0.0,0.0,0.0,0.0,0.0,0.0,0.0,0.0,0.0,0.0,0.0,0.0,0.0,0.0,0.0,0.0,0.0,0.0,0.0,0.0,0.0,0.0,0.0,0.0,0.0,0.0,0.0,0.0,0.0,0.0,0.0,0.0,0.0,0.0,0.0,0.0,0.0,0.0,0.7135850191116333,0.8649114966392517,-0.6113902926445007,0.2502281367778778,0.8596211075782776,0.017827946692705154,0.536130964756012,0.6476117372512817,-1.3455748558044434,0.2278645783662796,1.1268173456192017,-0.43624192476272583,Please
0.5237444043159485,0.6270685195922852,1.4988013674610556e-07,0.5247395038604736,0.5768073797225952,-0.0013812397373840213,0.5069963932037354,0.5400716066360474,-0.002557974075898528,0.4833248555660248,0.5213104486465454,-0.0038148569874465466,0.469011127948761,0.5016134977340698,-0.00537262624129653,0.46913087368011475,0.5417602062225342,-0.00470786402001977,0.43660250306129456,0.5214449167251587,-0.009814227931201458,0.41729938983917236,0.5104587078094482,-0.013429896906018257,0.4018624424934387,0.5025357604026794,-0.01571684330701828,0.45714834332466125,0.5640448331832886,-0.007281014695763588,0.42256471514701843,0.5375003218650818,-0.011588267050683498,0.4008055627346039,0.5211387276649475,-0.014553033746778965,0.3838493824005127,0.5079317688941956,-0.0165674090385437,0.4501788914203644,0.5887296199798584,-0.009843060746788979,0.4175497889518738,0.5620860457420349,-0.013755319640040398,0.3974934220314026,0.5449596047401428,-0.01631294935941696,0.38262414932250977,0.5310581922531128,-0.018099438399076462,0.4476589858531952,0.6162039637565613,-0.012281691655516624,0.4222079813480377,0.5961572527885437,-0.01604418084025383,0.407045841217041,0.5827209949493408,-0.01685643568634987,0.39504384994506836,0.5706989765167236,-0.01677420549094677,0.0,0.0,0.0,0.0,0.0,0.0,0.0,0.0,0.0,0.0,0.0,0.0,0.0,0.0,0.0,0.0,0.0,0.0,0.0,0.0,0.0,0.0,0.0,0.0,0.0,0.0,0.0,0.0,0.0,0.0,0.0,0.0,0.0,0.0,0.0,0.0,0.0,0.0,0.0,0.0,0.0,0.0,0.0,0.0,0.0,0.0,0.0,0.0,0.0,0.0,0.0,0.0,0.0,0.0,0.0,0.0,0.0,0.0,0.0,0.0,0.0,0.0,0.0,0.7130982875823975,0.8667579889297485,-0.6076964139938354,0.24642698466777802,0.860420286655426,0.001425695139914751,0.5359073877334595,0.6480678915977478,-1.3242865800857544,0.2235637903213501,1.1333850622177124,-0.4395667612552643,Please
0.5243560075759888,0.6304467916488647,1.5544095788300183e-07,0.5256026387214661,0.579859733581543,-0.0013402379117906094,0.5080786943435669,0.5425295829772949,-0.0027268549893051386,0.484083890914917,0.5241398215293884,-0.004146412014961243,0.46981382369995117,0.504834771156311,-0.005916598718613386,0.4708223342895508,0.5434330105781555,-0.005845887586474419,0.43715959787368774,0.5218580365180969,-0.011268551461398602,0.41750624775886536,0.5107060670852661,-0.014930485747754574,0.4017930030822754,0.5030943751335144,-0.017199179157614708,0.4586196839809418,0.567017138004303,-0.008424732834100723,0.42334842681884766,0.5391308069229126,-0.013131634332239628,0.4012629985809326,0.5225317478179932,-0.0163877010345459,0.3841530680656433,0.5097478032112122,-0.01858481578528881,0.4515117406845093,0.5922080278396606,-0.010835378430783749,0.4184449315071106,0.5645565986633301,-0.014822187833487988,0.3980303108692169,0.54728102684021,-0.017409013584256172,0.3831876218318939,0.5340111255645752,-0.019251417368650436,0.44881340861320496,0.6193089485168457,-0.013095526956021786,0.42317846417427063,0.5979725122451782,-0.016868408769369125,0.40785273909568787,0.5846737623214722,-0.017639106139540672,0.39582696557044983,0.5733509659767151,-0.017494235187768936,0.0,0.0,0.0,0.0,0.0,0.0,0.0,0.0,0.0,0.0,0.0,0.0,0.0,0.0,0.0,0.0,0.0,0.0,0.0,0.0,0.0,0.0,0.0,0.0,0.0,0.0,0.0,0.0,0.0,0.0,0.0,0.0,0.0,0.0,0.0,0.0,0.0,0.0,0.0,0.0,0.0,0.0,0.0,0.0,0.0,0.0,0.0,0.0,0.0,0.0,0.0,0.0,0.0,0.0,0.0,0.0,0.0,0.0,0.0,0.0,0.0,0.0,0.0,0.7127916216850281,0.8686600923538208,-0.5867025256156921,0.24742212891578674,0.8626786470413208,0.0008315800805576146,0.5363019108772278,0.6500732898712158,-1.2957344055175781,0.22373370826244354,1.1349657773971558,-0.4348771572113037,Please
0.524783194065094,0.6306746006011963,1.5413705511946318e-07,0.5259251594543457,0.5804896950721741,-0.0013208267046138644,0.5082219839096069,0.5428283214569092,-0.002614528639242053,0.48407813906669617,0.524838387966156,-0.0039289421401917934,0.47004151344299316,0.5054171681404114,-0.00558518385514617,0.47112029790878296,0.5428858399391174,-0.005855528172105551,0.43724873661994934,0.5216947793960571,-0.011210445314645767,0.4173637628555298,0.5102996826171875,-0.014802886173129082,0.40140300989151,0.5022932887077332,-0.01704813726246357,0.458927184343338,0.5664550065994263,-0.008417883887887001,0.42351070046424866,0.5391098856925964,-0.01303708553314209,0.4013911783695221,0.5224957466125488,-0.016259899362921715,0.3843224346637726,0.5096050500869751,-0.018463434651494026,0.4516288638114929,0.5916728377342224,-0.010795692913234234,0.4187280535697937,0.5645622611045837,-0.014592482708394527,0.39830219745635986,0.5472170114517212,-0.017095455899834633,0.38345861434936523,0.5337961912155151,-0.01893046498298645,0.448686420917511,0.618858814239502,-0.013045177794992924,0.42318588495254517,0.5974804162979126,-0.01657305285334587,0.407829225063324,0.5842337608337402,-0.017216624692082405,0.3957509994506836,0.5728926062583923,-0.01702931895852089,0.0,0.0,0.0,0.0,0.0,0.0,0.0,0.0,0.0,0.0,0.0,0.0,0.0,0.0,0.0,0.0,0.0,0.0,0.0,0.0,0.0,0.0,0.0,0.0,0.0,0.0,0.0,0.0,0.0,0.0,0.0,0.0,0.0,0.0,0.0,0.0,0.0,0.0,0.0,0.0,0.0,0.0,0.0,0.0,0.0,0.0,0.0,0.0,0.0,0.0,0.0,0.0,0.0,0.0,0.0,0.0,0.0,0.0,0.0,0.0,0.0,0.0,0.0,0.7124998569488525,0.8705518841743469,-0.5871478319168091,0.2464277744293213,0.8667272925376892,-0.024943003430962563,0.5374270081520081,0.6529482007026672,-1.2928072214126587,0.21898803114891052,1.1447285413742065,-0.4598124921321869,Please
0.5259194374084473,0.632157564163208,1.589706499771637e-07,0.5271062850952148,0.5812156796455383,-0.0023207543417811394,0.5097647905349731,0.5438424944877625,-0.004419231787323952,0.4849894344806671,0.526033878326416,-0.006504759192466736,0.47102829813957214,0.505107581615448,-0.00897128228098154,0.47307929396629333,0.5449307560920715,-0.006626988761126995,0.4389306604862213,0.5231835842132568,-0.012675607576966286,0.4187704920768738,0.5117590427398682,-0.016781527549028397,0.4023957848548889,0.5035582780838013,-0.019366562366485596,0.4603787660598755,0.568500816822052,-0.009089581668376923,0.424976646900177,0.540219247341156,-0.0142408711835742,0.4023657441139221,0.5233884453773499,-0.01791963540017605,0.3845062255859375,0.5100409984588623,-0.02047695964574814,0.4528343975543976,0.5936843752861023,-0.011476850137114525,0.41959521174430847,0.56534343957901,-0.015885010361671448,0.3989841639995575,0.5479429960250854,-0.018600765615701675,0.383736252784729,0.5343495607376099,-0.02054605819284916,0.449602872133255,0.6207754015922546,-0.01379918772727251,0.42375388741493225,0.5986711978912354,-0.017983488738536835,0.4081850051879883,0.584886372089386,-0.018830064684152603,0.3957187533378601,0.5730053782463074,-0.018729139119386673,0.0,0.0,0.0,0.0,0.0,0.0,0.0,0.0,0.0,0.0,0.0,0.0,0.0,0.0,0.0,0.0,0.0,0.0,0.0,0.0,0.0,0.0,0.0,0.0,0.0,0.0,0.0,0.0,0.0,0.0,0.0,0.0,0.0,0.0,0.0,0.0,0.0,0.0,0.0,0.0,0.0,0.0,0.0,0.0,0.0,0.0,0.0,0.0,0.0,0.0,0.0,0.0,0.0,0.0,0.0,0.0,0.0,0.0,0.0,0.0,0.0,0.0,0.0,0.7125913500785828,0.8706938028335571,-0.5688797831535339,0.24740688502788544,0.8675610423088074,-0.013052262365818024,0.5387392044067383,0.6545762419700623,-1.2675801515579224,0.21991035342216492,1.1417858600616455,-0.42275887727737427,Please
0.527076005935669,0.6334744095802307,1.6164852922884165e-07,0.528055727481842,0.5829451680183411,-0.0016215251525864005,0.5098477005958557,0.5452872514724731,-0.0033009524922817945,0.48493146896362305,0.5271397233009338,-0.005048252642154694,0.4712352752685547,0.5058040618896484,-0.007267406210303307,0.47304803133010864,0.5459291934967041,-0.006576408166438341,0.4390469193458557,0.5239624977111816,-0.01232583075761795,0.41884562373161316,0.5117983222007751,-0.016164574772119522,0.4023483991622925,0.5029107928276062,-0.018658598884940147,0.46087831258773804,0.5694849491119385,-0.009369270876049995,0.42534369230270386,0.5409667491912842,-0.014358043670654297,0.40272530913352966,0.5235723853111267,-0.01784687489271164,0.38492661714553833,0.5098447203636169,-0.020314546301960945,0.4537236988544464,0.594992458820343,-0.011978600174188614,0.42027878761291504,0.566689670085907,-0.01627848856151104,0.39958927035331726,0.5488609671592712,-0.019061224535107613,0.38442641496658325,0.534846842288971,-0.021120497956871986,0.45080387592315674,0.6230339407920837,-0.014442658983170986,0.42475786805152893,0.6012600064277649,-0.018759429454803467,0.4089720845222473,0.5872055292129517,-0.019858451560139656,0.39646777510643005,0.5748113393783569,-0.019969230517745018,0.0,0.0,0.0,0.0,0.0,0.0,0.0,0.0,0.0,0.0,0.0,0.0,0.0,0.0,0.0,0.0,0.0,0.0,0.0,0.0,0.0,0.0,0.0,0.0,0.0,0.0,0.0,0.0,0.0,0.0,0.0,0.0,0.0,0.0,0.0,0.0,0.0,0.0,0.0,0.0,0.0,0.0,0.0,0.0,0.0,0.0,0.0,0.0,0.0,0.0,0.0,0.0,0.0,0.0,0.0,0.0,0.0,0.0,0.0,0.0,0.0,0.0,0.0,0.7124345302581787,0.8705514073371887,-0.5697506666183472,0.24914351105690002,0.8663470149040222,0.0009911272209137678,0.5394717454910278,0.6558855175971985,-1.2700998783111572,0.22211632132530212,1.128900408744812,-0.36373013257980347,Please
0.5284017324447632,0.6358951330184937,1.6482752585034177e-07,0.5293701887130737,0.5850765705108643,-0.001714343554340303,0.5105255246162415,0.5468496680259705,-0.0032372327987104654,0.4857219457626343,0.5282189249992371,-0.0049566589295864105,0.47200173139572144,0.5067039132118225,-0.0071422564797103405,0.47255781292915344,0.5467513799667358,-0.0058600641787052155,0.4388172924518585,0.5252975821495056,-0.0118005545809865,0.41864871978759766,0.5127459168434143,-0.01604548655450344,0.40211522579193115,0.5033662915229797,-0.018858706578612328,0.46075621247291565,0.5703911781311035,-0.008839746937155724,0.42513102293014526,0.5422917604446411,-0.014036494307219982,0.4023536145687103,0.5246726274490356,-0.017879115417599678,0.3843154311180115,0.5106882452964783,-0.020592140033841133,0.45395809412002563,0.5963073372840881,-0.011755396611988544,0.4204614460468292,0.5681674480438232,-0.01635655388236046,0.39949947595596313,0.5502452850341797,-0.019429806619882584,0.38414466381073,0.536152184009552,-0.02162313275039196,0.4513014256954193,0.6252056956291199,-0.014575951732695103,0.42525213956832886,0.6033396124839783,-0.019132981076836586,0.4092199206352234,0.5891143679618835,-0.020433882251381874,0.3965495228767395,0.5765507221221924,-0.020662158727645874,0.0,0.0,0.0,0.0,0.0,0.0,0.0,0.0,0.0,0.0,0.0,0.0,0.0,0.0,0.0,0.0,0.0,0.0,0.0,0.0,0.0,0.0,0.0,0.0,0.0,0.0,0.0,0.0,0.0,0.0,0.0,0.0,0.0,0.0,0.0,0.0,0.0,0.0,0.0,0.0,0.0,0.0,0.0,0.0,0.0,0.0,0.0,0.0,0.0,0.0,0.0,0.0,0.0,0.0,0.0,0.0,0.0,0.0,0.0,0.0,0.0,0.0,0.0,0.7123430967330933,0.87016361951828,-0.5664800405502319,0.2502584755420685,0.8663126826286316,0.01190867554396391,0.5403138399124146,0.6573611497879028,-1.2671401500701904,0.2267698347568512,1.1138874292373657,-0.33229804039001465,Please
0.5290234088897705,0.6364303231239319,1.6123861712458165e-07,0.5296953320503235,0.5851074457168579,-0.0013487705728039145,0.5105870366096497,0.5465331077575684,-0.0024904392194002867,0.4856989085674286,0.5283382534980774,-0.0038927572313696146,0.47204527258872986,0.506913959980011,-0.005685900803655386,0.4721658229827881,0.5464097261428833,-0.00462300144135952,0.43835383653640747,0.5253304839134216,-0.010166100226342678,0.4181872606277466,0.5128815174102783,-0.014233177527785301,0.40167903900146484,0.5034168362617493,-0.0169419776648283,0.4602961838245392,0.5700594186782837,-0.007605677470564842,0.42459142208099365,0.5424267053604126,-0.012328039854764938,0.4019286334514618,0.5250208973884583,-0.01597101427614689,0.3840501010417938,0.511002779006958,-0.018558140844106674,0.45342138409614563,0.5958479046821594,-0.010559077374637127,0.4202229380607605,0.5680748820304871,-0.014688871800899506,0.3993331789970398,0.5502502918243408,-0.017564041540026665,0.38403332233428955,0.5360814929008484,-0.019666235893964767,0.45084503293037415,0.6244786977767944,-0.01343710906803608,0.4251285195350647,0.6026755571365356,-0.017478562891483307,0.4091895520687103,0.5886231660842896,-0.018490074202418327,0.39654481410980225,0.5762431621551514,-0.01854623295366764,0.0,0.0,0.0,0.0,0.0,0.0,0.0,0.0,0.0,0.0,0.0,0.0,0.0,0.0,0.0,0.0,0.0,0.0,0.0,0.0,0.0,0.0,0.0,0.0,0.0,0.0,0.0,0.0,0.0,0.0,0.0,0.0,0.0,0.0,0.0,0.0,0.0,0.0,0.0,0.0,0.0,0.0,0.0,0.0,0.0,0.0,0.0,0.0,0.0,0.0,0.0,0.0,0.0,0.0,0.0,0.0,0.0,0.0,0.0,0.0,0.0,0.0,0.0,0.712337851524353,0.8696010112762451,-0.5513771772384644,0.2510676085948944,0.8662131428718567,0.03930412977933884,0.5420801639556885,0.6593248248100281,-1.2390923500061035,0.2282615453004837,1.0908318758010864,-0.2974090278148651,Please
0.5299087762832642,0.6382720470428467,1.528064643707694e-07,0.5305542349815369,0.5863066911697388,-0.0009733861079439521,0.5117217898368835,0.5479322671890259,-0.0021269808057695627,0.48686736822128296,0.5291358232498169,-0.0036429029423743486,0.4730203449726105,0.507763147354126,-0.005677646491676569,0.4735725224018097,0.5478547811508179,-0.005008060950785875,0.4395207166671753,0.5262713432312012,-0.01076843123883009,0.41942694783210754,0.5144104361534119,-0.014883995987474918,0.4028862714767456,0.505807638168335,-0.017607126384973526,0.46156343817710876,0.5714607834815979,-0.008348571136593819,0.42554178833961487,0.5429733991622925,-0.013473664410412312,0.40249037742614746,0.5256350636482239,-0.01721365936100483,0.3841225206851959,0.5118799805641174,-0.019835088402032852,0.4547286331653595,0.5974209904670715,-0.011609196662902832,0.4209781885147095,0.5686376690864563,-0.01624823361635208,0.39980363845825195,0.5505964159965515,-0.01931098662316799,0.3840639591217041,0.5363921523094177,-0.021473634988069534,0.45217761397361755,0.6264218091964722,-0.014701779931783676,0.4258056581020355,0.6039391756057739,-0.019203266128897667,0.40968388319015503,0.5896547436714172,-0.020331328734755516,0.3967927098274231,0.5772345066070557,-0.020443761721253395,0.0,0.0,0.0,0.0,0.0,0.0,0.0,0.0,0.0,0.0,0.0,0.0,0.0,0.0,0.0,0.0,0.0,0.0,0.0,0.0,0.0,0.0,0.0,0.0,0.0,0.0,0.0,0.0,0.0,0.0,0.0,0.0,0.0,0.0,0.0,0.0,0.0,0.0,0.0,0.0,0.0,0.0,0.0,0.0,0.0,0.0,0.0,0.0,0.0,0.0,0.0,0.0,0.0,0.0,0.0,0.0,0.0,0.0,0.0,0.0,0.0,0.0,0.0,0.712314248085022,0.8694740533828735,-0.5346067547798157,0.2516668438911438,0.865809440612793,0.06771817058324814,0.5444058775901794,0.6625452041625977,-1.204963207244873,0.22846028208732605,1.0831595659255981,-0.2521275281906128,Please
0.5307707190513611,0.640592634677887,1.6015394521673443e-07,0.5316421985626221,0.5880991220474243,-0.0009465386974625289,0.5129626393318176,0.5497077107429504,-0.0020852014422416687,0.48793554306030273,0.5303703546524048,-0.003532476257532835,0.4739817678928375,0.5085915327072144,-0.005470090080052614,0.4747174084186554,0.5496622920036316,-0.004976741503924131,0.43993669748306274,0.5273734331130981,-0.010528896003961563,0.4194382131099701,0.5149730443954468,-0.014361518435180187,0.40268057584762573,0.5058543682098389,-0.016848338767886162,0.4624806046485901,0.572938084602356,-0.00809787679463625,0.42585885524749756,0.5441348552703857,-0.012981414794921875,0.4025951623916626,0.5266280770301819,-0.01649366319179535,0.38427066802978516,0.5125046372413635,-0.01892714388668537,0.45536425709724426,0.5986613035202026,-0.011099589057266712,0.42116808891296387,0.5696649551391602,-0.015493838116526604,0.3998565077781677,0.5518065094947815,-0.018318163231015205,0.38411909341812134,0.5377898812294006,-0.020280927419662476,0.4525895118713379,0.6273914575576782,-0.013918677344918251,0.4259527623653412,0.6049021482467651,-0.018160825595259666,0.4098500907421112,0.5906554460525513,-0.019079843536019325,0.39696428179740906,0.5783689022064209,-0.018994037061929703,0.0,0.0,0.0,0.0,0.0,0.0,0.0,0.0,0.0,0.0,0.0,0.0,0.0,0.0,0.0,0.0,0.0,0.0,0.0,0.0,0.0,0.0,0.0,0.0,0.0,0.0,0.0,0.0,0.0,0.0,0.0,0.0,0.0,0.0,0.0,0.0,0.0,0.0,0.0,0.0,0.0,0.0,0.0,0.0,0.0,0.0,0.0,0.0,0.0,0.0,0.0,0.0,0.0,0.0,0.0,0.0,0.0,0.0,0.0,0.0,0.0,0.0,0.0,0.7119661569595337,0.8693334460258484,-0.5158908367156982,0.25207263231277466,0.8640166521072388,0.06163536384701729,0.5472763776779175,0.6662527918815613,-1.1840025186538696,0.22862227261066437,1.0783785581588745,-0.26092928647994995,Please
0.5313588380813599,0.6408193111419678,1.6235112809681596e-07,0.5318204164505005,0.5881409049034119,-0.0008963932632468641,0.5134287476539612,0.5500118732452393,-0.002115539275109768,0.48827651143074036,0.5305296182632446,-0.003610356245189905,0.4742617905139923,0.5086821913719177,-0.005583588499575853,0.47559231519699097,0.5505042672157288,-0.005182946100831032,0.4403909146785736,0.5281089544296265,-0.01069790031760931,0.41986697912216187,0.5153691172599792,-0.014429459348320961,0.4031972885131836,0.5057621002197266,-0.016812428832054138,0.46321743726730347,0.5738747119903564,-0.008269928395748138,0.42621955275535583,0.5447559356689453,-0.013080532662570477,0.40286970138549805,0.5270180702209473,-0.01648647151887417,0.38472241163253784,0.5126971006393433,-0.018854260444641113,0.4559110105037689,0.5994971990585327,-0.011208578944206238,0.4215293526649475,0.570359468460083,-0.015453442931175232,0.4002290964126587,0.552212655544281,-0.018229195848107338,0.3847615718841553,0.5379086136817932,-0.020192032679915428,0.45287835597991943,0.6279023885726929,-0.01396036148071289,0.4261428713798523,0.6053207516670227,-0.018053030595183372,0.41010165214538574,0.5909824967384338,-0.018919073045253754,0.3974073827266693,0.5785219669342041,-0.018819551914930344,0.0,0.0,0.0,0.0,0.0,0.0,0.0,0.0,0.0,0.0,0.0,0.0,0.0,0.0,0.0,0.0,0.0,0.0,0.0,0.0,0.0,0.0,0.0,0.0,0.0,0.0,0.0,0.0,0.0,0.0,0.0,0.0,0.0,0.0,0.0,0.0,0.0,0.0,0.0,0.0,0.0,0.0,0.0,0.0,0.0,0.0,0.0,0.0,0.0,0.0,0.0,0.0,0.0,0.0,0.0,0.0,0.0,0.0,0.0,0.0,0.0,0.0,0.0,0.7117085456848145,0.8683250546455383,-0.5143000483512878,0.2523321807384491,0.857782781124115,0.025508955121040344,0.5497236847877502,0.6693732142448425,-1.1869016885757446,0.22882644832134247,1.0673668384552002,-0.38255733251571655,Please
0.5314196348190308,0.6414468288421631,1.6258934465440689e-07,0.5323076844215393,0.5889708399772644,-0.0007243113941513002,0.5138478875160217,0.5504491925239563,-0.0017460223753005266,0.48881930112838745,0.5306910276412964,-0.002971239387989044,0.4746096134185791,0.5089753270149231,-0.004654218442738056,0.47580933570861816,0.5504761934280396,-0.005498481448739767,0.44049209356307983,0.5281804800033569,-0.010851151309907436,0.4200807511806488,0.5153016448020935,-0.014334636740386486,0.403550386428833,0.5054806470870972,-0.016532152891159058,0.4633154571056366,0.573964536190033,-0.008515379391610622,0.42621293663978577,0.5449108481407166,-0.013227266259491444,0.4029986262321472,0.5270586013793945,-0.016402002424001694,0.38500502705574036,0.5126378536224365,-0.018576353788375854,0.4559687077999115,0.5996091961860657,-0.01131991297006607,0.4217195212841034,0.5707721710205078,-0.015398130752146244,0.40037330985069275,0.5526977181434631,-0.01804310455918312,0.3848455846309662,0.5384756922721863,-0.01991020143032074,0.4530550241470337,0.6278321146965027,-0.013913767412304878,0.4264836609363556,0.6053469777107239,-0.017789969220757484,0.41045624017715454,0.5910358428955078,-0.018574003130197525,0.3977203965187073,0.5785093903541565,-0.01842629350721836,0.0,0.0,0.0,0.0,0.0,0.0,0.0,0.0,0.0,0.0,0.0,0.0,0.0,0.0,0.0,0.0,0.0,0.0,0.0,0.0,0.0,0.0,0.0,0.0,0.0,0.0,0.0,0.0,0.0,0.0,0.0,0.0,0.0,0.0,0.0,0.0,0.0,0.0,0.0,0.0,0.0,0.0,0.0,0.0,0.0,0.0,0.0,0.0,0.0,0.0,0.0,0.0,0.0,0.0,0.0,0.0,0.0,0.0,0.0,0.0,0.0,0.0,0.0,0.7115892171859741,0.8676518797874451,-0.5209195613861084,0.2525385022163391,0.8563869595527649,0.01085659023374319,0.5503875017166138,0.6708624362945557,-1.210374116897583,0.22893886268138885,1.0654048919677734,-0.44801679253578186,Please
0.5321617722511292,0.6418137550354004,1.6004148051251832e-07,0.5331512689590454,0.5893856287002563,-0.0010825759964063764,0.5146993398666382,0.5504634380340576,-0.0021116225980222225,0.4894345700740814,0.5302895307540894,-0.003303786739706993,0.4749591052532196,0.5086953043937683,-0.004869489930570126,0.47643959522247314,0.5507585406303406,-0.005026331637054682,0.44113826751708984,0.5281327366828918,-0.010293735191226006,0.42064613103866577,0.5153818130493164,-0.013881690800189972,0.40403783321380615,0.5059669613838196,-0.016142498701810837,0.46387457847595215,0.5740563273429871,-0.007819555699825287,0.4268634021282196,0.5449345111846924,-0.012209574691951275,0.4036773443222046,0.5271778702735901,-0.015343363396823406,0.38568630814552307,0.5130473375320435,-0.01752319559454918,0.45646998286247253,0.599406898021698,-0.010498595423996449,0.42226555943489075,0.5705631375312805,-0.014260053634643555,0.40109825134277344,0.5523657202720642,-0.016758039593696594,0.385750412940979,0.5381485819816589,-0.01856999658048153,0.45345908403396606,0.6272791624069214,-0.013045196421444416,0.4269411861896515,0.6047789454460144,-0.016676075756549835,0.4110567569732666,0.5906097292900085,-0.017299266532063484,0.39846640825271606,0.5783340334892273,-0.017051849514245987,0.0,0.0,0.0,0.0,0.0,0.0,0.0,0.0,0.0,0.0,0.0,0.0,0.0,0.0,0.0,0.0,0.0,0.0,0.0,0.0,0.0,0.0,0.0,0.0,0.0,0.0,0.0,0.0,0.0,0.0,0.0,0.0,0.0,0.0,0.0,0.0,0.0,0.0,0.0,0.0,0.0,0.0,0.0,0.0,0.0,0.0,0.0,0.0,0.0,0.0,0.0,0.0,0.0,0.0,0.0,0.0,0.0,0.0,0.0,0.0,0.0,0.0,0.0,0.710353434085846,0.8663572669029236,-0.5420436859130859,0.25281864404678345,0.8543796539306641,0.021817397326231003,0.5503886938095093,0.6708078384399414,-1.2594921588897705,0.23288461565971375,1.0644980669021606,-0.42427220940589905,Please
0.5324958562850952,0.6414110064506531,1.6207613384722208e-07,0.5336585640907288,0.5890166759490967,-0.0016911218408495188,0.5151061415672302,0.5503566265106201,-0.0029945559799671173,0.4893486797809601,0.5303918719291687,-0.004375893156975508,0.4753856956958771,0.5082054138183594,-0.006084867287427187,0.47701606154441833,0.5508009195327759,-0.00517999054864049,0.44182685017585754,0.5279802083969116,-0.010513443499803543,0.42115235328674316,0.5152748823165894,-0.0141836479306221,0.4044591188430786,0.5059523582458496,-0.01650814153254032,0.4644321799278259,0.5737994909286499,-0.007642964832484722,0.4275798201560974,0.5446174144744873,-0.011958785355091095,0.4043509364128113,0.5269400477409363,-0.015060245990753174,0.386357843875885,0.5128800868988037,-0.017254138365387917,0.45686474442481995,0.5988990068435669,-0.010067924857139587,0.42276731133461,0.570200502872467,-0.013772500678896904,0.40170183777809143,0.5522395372390747,-0.016202429309487343,0.3865278363227844,0.5382592082023621,-0.018002096563577652,0.4534676671028137,0.626587450504303,-0.01243532169610262,0.4272639751434326,0.6044420003890991,-0.01605258882045746,0.4114105999469757,0.5903828740119934,-0.01672952249646187,0.3988739550113678,0.5782661437988281,-0.016541417688131332,0.0,0.0,0.0,0.0,0.0,0.0,0.0,0.0,0.0,0.0,0.0,0.0,0.0,0.0,0.0,0.0,0.0,0.0,0.0,0.0,0.0,0.0,0.0,0.0,0.0,0.0,0.0,0.0,0.0,0.0,0.0,0.0,0.0,0.0,0.0,0.0,0.0,0.0,0.0,0.0,0.0,0.0,0.0,0.0,0.0,0.0,0.0,0.0,0.0,0.0,0.0,0.0,0.0,0.0,0.0,0.0,0.0,0.0,0.0,0.0,0.0,0.0,0.0,0.7093319892883301,0.8661999106407166,-0.5532617568969727,0.25410985946655273,0.8503513932228088,0.017407966777682304,0.5503169894218445,0.6706711649894714,-1.280078649520874,0.23574070632457733,1.0600165128707886,-0.4654146134853363,Please
0.5326178073883057,0.6413325667381287,1.644409195478147e-07,0.5336360931396484,0.5891994833946228,-0.0017447099089622498,0.5151321887969971,0.5505123138427734,-0.003162858309224248,0.48946893215179443,0.5305622220039368,-0.004646841902285814,0.475574254989624,0.5082319974899292,-0.006489025894552469,0.47711068391799927,0.550603449344635,-0.005432393401861191,0.4420081079006195,0.5276965498924255,-0.010805302299559116,0.42130935192108154,0.5149338841438293,-0.0145406574010849,0.40445882081985474,0.5055747628211975,-0.01692672073841095,0.46461838483810425,0.5735473036766052,-0.007933063432574272,0.4278913140296936,0.544310986995697,-0.012233804911375046,0.4046596586704254,0.5266700387001038,-0.015404529869556427,0.38655853271484375,0.512759804725647,-0.017696132883429527,0.45710840821266174,0.598725438117981,-0.010375969111919403,0.4230058193206787,0.5701174736022949,-0.014035896398127079,0.4020022749900818,0.5522779822349548,-0.01648598723113537,0.38682588934898376,0.5385162830352783,-0.018338534981012344,0.4536324143409729,0.6265762448310852,-0.012766611762344837,0.42721647024154663,0.6043233871459961,-0.016377853229641914,0.41131532192230225,0.59018474817276,-0.017076868563890457,0.398695170879364,0.578054666519165,-0.016930142417550087,0.0,0.0,0.0,0.0,0.0,0.0,0.0,0.0,0.0,0.0,0.0,0.0,0.0,0.0,0.0,0.0,0.0,0.0,0.0,0.0,0.0,0.0,0.0,0.0,0.0,0.0,0.0,0.0,0.0,0.0,0.0,0.0,0.0,0.0,0.0,0.0,0.0,0.0,0.0,0.0,0.0,0.0,0.0,0.0,0.0,0.0,0.0,0.0,0.0,0.0,0.0,0.0,0.0,0.0,0.0,0.0,0.0,0.0,0.0,0.0,0.0,0.0,0.0,0.7086920738220215,0.8661059141159058,-0.5573776960372925,0.254711776971817,0.8478360772132874,0.0118538374081254,0.5502665042877197,0.6705698370933533,-1.282193660736084,0.23713672161102295,1.0581834316253662,-0.4742976129055023,Please
0.5320379734039307,0.6415442824363708,1.6168067418220744e-07,0.5337355136871338,0.5893711447715759,-0.001619498012587428,0.5156747698783875,0.5502246022224426,-0.0028155313339084387,0.48997020721435547,0.5301124453544617,-0.00405284995213151,0.4760815501213074,0.5079123973846436,-0.005627094767987728,0.4774494171142578,0.550409197807312,-0.004918679594993591,0.4422658681869507,0.5274675488471985,-0.010024512186646461,0.4216596782207489,0.5147955417633057,-0.01357217412441969,0.40496331453323364,0.505491316318512,-0.0158702302724123,0.464663565158844,0.5735146999359131,-0.007329826708883047,0.4280039072036743,0.5441917181015015,-0.01147279143333435,0.4048477113246918,0.5265998244285583,-0.0146567914634943,0.3868767023086548,0.5125792622566223,-0.01697850599884987,0.45700517296791077,0.5985486507415771,-0.009681696072220802,0.42312392592430115,0.5699009895324707,-0.013241120614111423,0.40212270617485046,0.5521403551101685,-0.01579306274652481,0.3869369626045227,0.5383065938949585,-0.017744384706020355,0.45353466272354126,0.6259655356407166,-0.011961841955780983,0.4273296594619751,0.6037023663520813,-0.015515998005867004,0.4115625321865082,0.5895655751228333,-0.01630258932709694,0.3990093171596527,0.5772050023078918,-0.01624327339231968,0.0,0.0,0.0,0.0,0.0,0.0,0.0,0.0,0.0,0.0,0.0,0.0,0.0,0.0,0.0,0.0,0.0,0.0,0.0,0.0,0.0,0.0,0.0,0.0,0.0,0.0,0.0,0.0,0.0,0.0,0.0,0.0,0.0,0.0,0.0,0.0,0.0,0.0,0.0,0.0,0.0,0.0,0.0,0.0,0.0,0.0,0.0,0.0,0.0,0.0,0.0,0.0,0.0,0.0,0.0,0.0,0.0,0.0,0.0,0.0,0.0,0.0,0.0,0.7085345983505249,0.8661827445030212,-0.5547119379043579,0.25581392645835876,0.8465575575828552,0.014919780194759369,0.5502784848213196,0.6704747676849365,-1.269761085510254,0.2390097826719284,1.059613823890686,-0.4448021948337555,Please
0.5326745510101318,0.6405735611915588,1.5554418553165306e-07,0.5338677763938904,0.5885136127471924,-0.0009509850642643869,0.5158835053443909,0.5497280955314636,-0.0020358420442789793,0.49053141474723816,0.5300182700157166,-0.0032696290872991085,0.4765506386756897,0.5081718564033508,-0.004949589725583792,0.47779351472854614,0.5499112010002136,-0.005100843962281942,0.44258803129196167,0.5267922878265381,-0.010243063792586327,0.42205411195755005,0.5143360495567322,-0.013689628802239895,0.4055071473121643,0.5053799152374268,-0.015873830765485764,0.4652576446533203,0.573040783405304,-0.007898290641605854,0.4283813238143921,0.54348224401474,-0.012128662317991257,0.405173659324646,0.5261362791061401,-0.015210848301649094,0.3873438537120819,0.5126240253448486,-0.017421245574951172,0.45788857340812683,0.5982813239097595,-0.010534091852605343,0.4234975576400757,0.5692453980445862,-0.014166902750730515,0.402458131313324,0.5515733957290649,-0.01668960228562355,0.3872736990451813,0.5379856824874878,-0.01861223578453064,0.4547865688800812,0.6261712908744812,-0.012996689416468143,0.42805424332618713,0.6039692163467407,-0.016719281673431396,0.41206926107406616,0.589884877204895,-0.017513088881969452,0.39932960271835327,0.5777000188827515,-0.01742366887629032,0.0,0.0,0.0,0.0,0.0,0.0,0.0,0.0,0.0,0.0,0.0,0.0,0.0,0.0,0.0,0.0,0.0,0.0,0.0,0.0,0.0,0.0,0.0,0.0,0.0,0.0,0.0,0.0,0.0,0.0,0.0,0.0,0.0,0.0,0.0,0.0,0.0,0.0,0.0,0.0,0.0,0.0,0.0,0.0,0.0,0.0,0.0,0.0,0.0,0.0,0.0,0.0,0.0,0.0,0.0,0.0,0.0,0.0,0.0,0.0,0.0,0.0,0.0,0.7085115909576416,0.8670444488525391,-0.5513641834259033,0.25633692741394043,0.8449259996414185,0.01749652437865734,0.5503455400466919,0.6705899834632874,-1.2350742816925049,0.23105081915855408,1.0681668519973755,-0.4344620704650879,Please
0.5327455401420593,0.6402223706245422,1.527770336906542e-07,0.5336799621582031,0.5878320932388306,-0.0008284662617370486,0.5154629945755005,0.5492083430290222,-0.001899939146824181,0.4902605414390564,0.529816210269928,-0.00324410293251276,0.4764402210712433,0.5079132318496704,-0.005118320696055889,0.4781472086906433,0.5498377680778503,-0.0052598826587200165,0.44290822744369507,0.5269575715065002,-0.010780912823975086,0.42234307527542114,0.5143573880195618,-0.01440848782658577,0.40578317642211914,0.5051876902580261,-0.016699714586138725,0.46594831347465515,0.5728224515914917,-0.008351973257958889,0.4289129972457886,0.5435180068016052,-0.013090353459119797,0.4056818187236786,0.5263108015060425,-0.016356078907847404,0.3877468705177307,0.5128864049911499,-0.018621431663632393,0.45878079533576965,0.5981199145317078,-0.011296958662569523,0.4240342080593109,0.5691697597503662,-0.015449599362909794,0.4027763307094574,0.5517309904098511,-0.018060745671391487,0.38732075691223145,0.5383020639419556,-0.019955573603510857,0.455740749835968,0.6263458132743835,-0.014050167985260487,0.4289700984954834,0.6043478846549988,-0.0181780606508255,0.41292688250541687,0.5902937054634094,-0.019070127978920937,0.400124192237854,0.5781094431877136,-0.019012657925486565,0.0,0.0,0.0,0.0,0.0,0.0,0.0,0.0,0.0,0.0,0.0,0.0,0.0,0.0,0.0,0.0,0.0,0.0,0.0,0.0,0.0,0.0,0.0,0.0,0.0,0.0,0.0,0.0,0.0,0.0,0.0,0.0,0.0,0.0,0.0,0.0,0.0,0.0,0.0,0.0,0.0,0.0,0.0,0.0,0.0,0.0,0.0,0.0,0.0,0.0,0.0,0.0,0.0,0.0,0.0,0.0,0.0,0.0,0.0,0.0,0.0,0.0,0.0,0.7084858417510986,0.8670632839202881,-0.5585330724716187,0.2570132613182068,0.8432490825653076,0.040125470608472824,0.5501489639282227,0.6705402731895447,-1.2364599704742432,0.2281871736049652,1.0721513032913208,-0.39350026845932007,Please
0.6331457495689392,0.406247615814209,1.6604542452114401e-07,0.5987755656242371,0.4255136251449585,-0.009362717159092426,0.5634459257125854,0.4317041337490082,-0.014687476679682732,0.5357089042663574,0.4345038831233978,-0.020404774695634842,0.5140551924705505,0.4405641555786133,-0.02606087736785412,0.5533900856971741,0.37645867466926575,-0.002989651169627905,0.5228293538093567,0.35408592224121094,-0.012989507988095284,0.5050393342971802,0.3398018181324005,-0.02184157632291317,0.48994967341423035,0.32647284865379333,-0.02787294052541256,0.5599225759506226,0.3564281165599823,-0.005713250953704119,0.5253059267997742,0.3314051032066345,-0.013930180110037327,0.5042778849601746,0.31606465578079224,-0.02096451073884964,0.4861418604850769,0.30313578248023987,-0.025758439674973488,0.5705018043518066,0.33952632546424866,-0.010631193406879902,0.5375652313232422,0.31621137261390686,-0.018291430547833443,0.5169211030006409,0.30231839418411255,-0.022504743188619614,0.4993600845336914,0.2918025553226471,-0.02497098408639431,0.58524090051651,0.32485783100128174,-0.01686782017350197,0.5598085522651672,0.3047432005405426,-0.022211195901036263,0.5428310632705688,0.2940511703491211,-0.023262370377779007,0.5277330279350281,0.2867794632911682,-0.023696240037679672,0.0,0.0,0.0,0.0,0.0,0.0,0.0,0.0,0.0,0.0,0.0,0.0,0.0,0.0,0.0,0.0,0.0,0.0,0.0,0.0,0.0,0.0,0.0,0.0,0.0,0.0,0.0,0.0,0.0,0.0,0.0,0.0,0.0,0.0,0.0,0.0,0.0,0.0,0.0,0.0,0.0,0.0,0.0,0.0,0.0,0.0,0.0,0.0,0.0,0.0,0.0,0.0,0.0,0.0,0.0,0.0,0.0,0.0,0.0,0.0,0.0,0.0,0.0,0.8284908533096313,0.6797314286231995,-0.26408320665359497,0.25187069177627563,0.9030513167381287,-0.14027585089206696,0.6483681797981262,0.4143896698951721,-0.6650269031524658,0.1959587186574936,1.2079795598983765,-0.3374088704586029,Welcome
0.6330298781394958,0.4058395028114319,1.6741506669859518e-07,0.5986014604568481,0.4254083037376404,-0.009566989727318287,0.5632234215736389,0.4319172501564026,-0.014925546944141388,0.535404622554779,0.434872567653656,-0.020612185820937157,0.5136906504631042,0.4407893419265747,-0.026169558987021446,0.5531666278839111,0.37625443935394287,-0.003142591565847397,0.5225362181663513,0.35380983352661133,-0.013113602064549923,0.50472491979599,0.3394069969654083,-0.02189241535961628,0.48966649174690247,0.3260857164859772,-0.02783605456352234,0.5597391724586487,0.3565194606781006,-0.005680815316736698,0.5252826809883118,0.3315559923648834,-0.013791462406516075,0.504423975944519,0.31625431776046753,-0.020637985318899155,0.4864899218082428,0.3032176196575165,-0.025288788601756096,0.5702739357948303,0.33974024653434753,-0.010441957972943783,0.5377297401428223,0.31675946712493896,-0.017948398366570473,0.5172783732414246,0.30292224884033203,-0.021974951028823853,0.4999895989894867,0.29233404994010925,-0.02430908940732479,0.584971010684967,0.32500550150871277,-0.016566194593906403,0.5597614049911499,0.3049299120903015,-0.021723132580518723,0.5429925918579102,0.2942202687263489,-0.02262634038925171,0.5281275510787964,0.2868654727935791,-0.0229535810649395,0.0,0.0,0.0,0.0,0.0,0.0,0.0,0.0,0.0,0.0,0.0,0.0,0.0,0.0,0.0,0.0,0.0,0.0,0.0,0.0,0.0,0.0,0.0,0.0,0.0,0.0,0.0,0.0,0.0,0.0,0.0,0.0,0.0,0.0,0.0,0.0,0.0,0.0,0.0,0.0,0.0,0.0,0.0,0.0,0.0,0.0,0.0,0.0,0.0,0.0,0.0,0.0,0.0,0.0,0.0,0.0,0.0,0.0,0.0,0.0,0.0,0.0,0.0,0.8275715112686157,0.6798256635665894,-0.2686574459075928,0.25198012590408325,0.9032726287841797,-0.13957691192626953,0.6476201415061951,0.4144080579280853,-0.6721189022064209,0.1965247094631195,1.205944538116455,-0.34057798981666565,Welcome
0.6330008506774902,0.40546396374702454,1.655898813623935e-07,0.5984098315238953,0.42528027296066284,-0.009336164221167564,0.5629948973655701,0.4319372773170471,-0.014561884105205536,0.5353024005889893,0.43508845567703247,-0.020137876272201538,0.513740599155426,0.4411240220069885,-0.025624237954616547,0.5533406734466553,0.37662145495414734,-0.0030460485722869635,0.5229196548461914,0.35458964109420776,-0.012997976504266262,0.5052006244659424,0.34027713537216187,-0.021779892966151237,0.4902271628379822,0.32691895961761475,-0.027715548872947693,0.5598289370536804,0.35669657588005066,-0.005705143790692091,0.5253129005432129,0.33186477422714233,-0.013734430074691772,0.5045390725135803,0.3163270950317383,-0.02052432671189308,0.48666316270828247,0.3030465245246887,-0.025140319019556046,0.570275604724884,0.3398517370223999,-0.010568742640316486,0.5375480055809021,0.31694549322128296,-0.018036095425486565,0.5172482132911682,0.30292385816574097,-0.02203882485628128,0.5000569224357605,0.29223155975341797,-0.02434861660003662,0.5848353505134583,0.32512784004211426,-0.016763824969530106,0.5594713687896729,0.30518168210983276,-0.021870896220207214,0.5426872372627258,0.2944110631942749,-0.022726939991116524,0.5277459621429443,0.287002831697464,-0.023030351847410202,0.0,0.0,0.0,0.0,0.0,0.0,0.0,0.0,0.0,0.0,0.0,0.0,0.0,0.0,0.0,0.0,0.0,0.0,0.0,0.0,0.0,0.0,0.0,0.0,0.0,0.0,0.0,0.0,0.0,0.0,0.0,0.0,0.0,0.0,0.0,0.0,0.0,0.0,0.0,0.0,0.0,0.0,0.0,0.0,0.0,0.0,0.0,0.0,0.0,0.0,0.0,0.0,0.0,0.0,0.0,0.0,0.0,0.0,0.0,0.0,0.0,0.0,0.0,0.8267917633056641,0.679871678352356,-0.27821260690689087,0.25214070081710815,0.9037076234817505,-0.15345372259616852,0.6471709609031677,0.4147292375564575,-0.7260171175003052,0.19686177372932434,1.2057249546051025,-0.3713216185569763,Welcome
0.6331595182418823,0.4057919681072235,1.64006692671137e-07,0.5988477468490601,0.42544451355934143,-0.009137317538261414,0.5631991028785706,0.431670606136322,-0.014084571972489357,0.5355045199394226,0.43484723567962646,-0.019411470741033554,0.5141192078590393,0.44129478931427,-0.024644464254379272,0.5536269545555115,0.37647634744644165,-0.002536606043577194,0.523142397403717,0.354836642742157,-0.012105376459658146,0.5054372549057007,0.3408222198486328,-0.02065366506576538,0.4905379116535187,0.3276623487472534,-0.026477942243218422,0.5599532127380371,0.35681965947151184,-0.005246730521321297,0.5252223610877991,0.3322180211544037,-0.013022883795201778,0.5043476819992065,0.3166843354701996,-0.019742099568247795,0.48654767870903015,0.3033256232738495,-0.024301765486598015,0.5703498721122742,0.3401053547859192,-0.010144557803869247,0.5373077392578125,0.3172290325164795,-0.017529701814055443,0.5168085098266602,0.30318737030029297,-0.021663524210453033,0.49952009320259094,0.2924407720565796,-0.02406018041074276,0.584924578666687,0.32541972398757935,-0.01634100452065468,0.5595610737800598,0.30537623167037964,-0.021413596346974373,0.5427102446556091,0.29466360807418823,-0.02234608866274357,0.5277820825576782,0.28733429312705994,-0.022724885493516922,0.0,0.0,0.0,0.0,0.0,0.0,0.0,0.0,0.0,0.0,0.0,0.0,0.0,0.0,0.0,0.0,0.0,0.0,0.0,0.0,0.0,0.0,0.0,0.0,0.0,0.0,0.0,0.0,0.0,0.0,0.0,0.0,0.0,0.0,0.0,0.0,0.0,0.0,0.0,0.0,0.0,0.0,0.0,0.0,0.0,0.0,0.0,0.0,0.0,0.0,0.0,0.0,0.0,0.0,0.0,0.0,0.0,0.0,0.0,0.0,0.0,0.0,0.0,0.8266565203666687,0.6800897121429443,-0.2818198502063751,0.25213927030563354,0.9041544198989868,-0.15545734763145447,0.6469981074333191,0.41521400213241577,-0.7350552082061768,0.19715642929077148,1.2059332132339478,-0.3710402846336365,Welcome
0.633222758769989,0.40580734610557556,1.639402427144887e-07,0.5987929701805115,0.4254550337791443,-0.009131021797657013,0.5632175803184509,0.43169447779655457,-0.01412497740238905,0.5355451703071594,0.43487268686294556,-0.01951124146580696,0.5141515731811523,0.4412310719490051,-0.024816622957587242,0.55362868309021,0.37644681334495544,-0.0025612092576920986,0.5231853127479553,0.35471978783607483,-0.012225299142301083,0.5054367184638977,0.34070083498954773,-0.020857423543930054,0.4904787838459015,0.32754799723625183,-0.026743998751044273,0.5599824786186218,0.35676437616348267,-0.00530625507235527,0.5252435803413391,0.3321130573749542,-0.013179824687540531,0.5042837858200073,0.31661903858184814,-0.01998150534927845,0.4863516688346863,0.30330967903137207,-0.024604370817542076,0.5704098343849182,0.34007692337036133,-0.010241435840725899,0.5373251438140869,0.31713157892227173,-0.01769549399614334,0.5167330503463745,0.3031565845012665,-0.02187815122306347,0.4993298649787903,0.2924942374229431,-0.024312984198331833,0.5850301384925842,0.32545381784439087,-0.01647615246474743,0.5596746206283569,0.30540841817855835,-0.021634766831994057,0.542736291885376,0.2946838140487671,-0.022628281265497208,0.5276824235916138,0.2873269021511078,-0.02304466813802719,0.0,0.0,0.0,0.0,0.0,0.0,0.0,0.0,0.0,0.0,0.0,0.0,0.0,0.0,0.0,0.0,0.0,0.0,0.0,0.0,0.0,0.0,0.0,0.0,0.0,0.0,0.0,0.0,0.0,0.0,0.0,0.0,0.0,0.0,0.0,0.0,0.0,0.0,0.0,0.0,0.0,0.0,0.0,0.0,0.0,0.0,0.0,0.0,0.0,0.0,0.0,0.0,0.0,0.0,0.0,0.0,0.0,0.0,0.0,0.0,0.0,0.0,0.0,0.8265362977981567,0.6802588701248169,-0.2872540056705475,0.2521321773529053,0.9045354127883911,-0.15666170418262482,0.6469616293907166,0.41573140025138855,-0.73624187707901,0.19734080135822296,1.2066606283187866,-0.37064188718795776,Welcome
0.6330360770225525,0.40601617097854614,1.6356263188299636e-07,0.5986786484718323,0.4254613220691681,-0.009053854271769524,0.5631193518638611,0.43153706192970276,-0.014021974056959152,0.5354427099227905,0.43454086780548096,-0.01939612813293934,0.5141053795814514,0.4411017596721649,-0.024725094437599182,0.5534332394599915,0.3762900233268738,-0.0025261177215725183,0.5230945348739624,0.35457664728164673,-0.012102138251066208,0.5053255558013916,0.340635746717453,-0.02072148025035858,0.49033212661743164,0.3275054395198822,-0.026623982936143875,0.5597308874130249,0.3565240204334259,-0.005297041963785887,0.5249653458595276,0.33185046911239624,-0.013095321133732796,0.5039461255073547,0.31633642315864563,-0.01991700753569603,0.48600634932518005,0.3030069172382355,-0.024564353749155998,0.5702154040336609,0.3398822546005249,-0.010224583558738232,0.5370625853538513,0.31674373149871826,-0.01763053983449936,0.5163793563842773,0.30283719301223755,-0.021840708330273628,0.4989054799079895,0.29223883152008057,-0.024307070299983025,0.5850127339363098,0.3254123032093048,-0.016436386853456497,0.559568464756012,0.3052261471748352,-0.021604908630251884,0.5426198840141296,0.29460376501083374,-0.02261376939713955,0.5275980234146118,0.28736570477485657,-0.023031406104564667,0.0,0.0,0.0,0.0,0.0,0.0,0.0,0.0,0.0,0.0,0.0,0.0,0.0,0.0,0.0,0.0,0.0,0.0,0.0,0.0,0.0,0.0,0.0,0.0,0.0,0.0,0.0,0.0,0.0,0.0,0.0,0.0,0.0,0.0,0.0,0.0,0.0,0.0,0.0,0.0,0.0,0.0,0.0,0.0,0.0,0.0,0.0,0.0,0.0,0.0,0.0,0.0,0.0,0.0,0.0,0.0,0.0,0.0,0.0,0.0,0.0,0.0,0.0,0.8265209197998047,0.6802828907966614,-0.28707796335220337,0.25210660696029663,0.905188798904419,-0.15770837664604187,0.6468196511268616,0.41575491428375244,-0.7248583436012268,0.19732508063316345,1.2069369554519653,-0.36957788467407227,Welcome
0.6329354047775269,0.4063640832901001,1.632941888374262e-07,0.5984981656074524,0.4254671335220337,-0.009169149212539196,0.56317138671875,0.43165138363838196,-0.014335407875478268,0.5355677008628845,0.43467023968696594,-0.019916681572794914,0.514150083065033,0.4409162998199463,-0.025445183739066124,0.5536178946495056,0.3762609660625458,-0.002843277994543314,0.5232307314872742,0.35447293519973755,-0.012672517448663712,0.5053696036338806,0.3407084047794342,-0.02144642546772957,0.49027031660079956,0.32779330015182495,-0.027449460700154305,0.5598114728927612,0.35666346549987793,-0.005647622514516115,0.5250161290168762,0.33195701241493225,-0.01370200514793396,0.5039138197898865,0.3164283037185669,-0.020634105429053307,0.4858451187610626,0.303051620721817,-0.02536850795149803,0.5701902508735657,0.34016382694244385,-0.010635978542268276,0.5371177196502686,0.3167090117931366,-0.018236320465803146,0.5165033340454102,0.3024972379207611,-0.022519821301102638,0.49903351068496704,0.291628360748291,-0.025040578097105026,0.584873378276825,0.3258509635925293,-0.016923345625400543,0.559789776802063,0.30545774102211,-0.022266389802098274,0.5428352952003479,0.29449817538261414,-0.023397067561745644,0.5277612805366516,0.2868749797344208,-0.023903893306851387,0.0,0.0,0.0,0.0,0.0,0.0,0.0,0.0,0.0,0.0,0.0,0.0,0.0,0.0,0.0,0.0,0.0,0.0,0.0,0.0,0.0,0.0,0.0,0.0,0.0,0.0,0.0,0.0,0.0,0.0,0.0,0.0,0.0,0.0,0.0,0.0,0.0,0.0,0.0,0.0,0.0,0.0,0.0,0.0,0.0,0.0,0.0,0.0,0.0,0.0,0.0,0.0,0.0,0.0,0.0,0.0,0.0,0.0,0.0,0.0,0.0,0.0,0.0,0.826534628868103,0.6806170344352722,-0.2996777892112732,0.252109557390213,0.9054387211799622,-0.15705659985542297,0.6466323137283325,0.4156751334667206,-0.7400292158126831,0.19745033979415894,1.2072385549545288,-0.3668074905872345,Welcome
0.6330081820487976,0.4063228666782379,1.6358058019250166e-07,0.5986039042472839,0.4254392683506012,-0.009228110313415527,0.5632225871086121,0.4316403865814209,-0.014435713179409504,0.535575270652771,0.43467476963996887,-0.020050058141350746,0.5141034126281738,0.44087734818458557,-0.025599805638194084,0.5536657571792603,0.3761289417743683,-0.002919125370681286,0.5232043266296387,0.3543394207954407,-0.012802422046661377,0.5053212642669678,0.340503454208374,-0.021612145006656647,0.49022793769836426,0.32753270864486694,-0.02763049490749836,0.5598558187484741,0.35657262802124023,-0.005699403118342161,0.5250406265258789,0.33186548948287964,-0.013797860592603683,0.5039340853691101,0.31631994247436523,-0.02074376866221428,0.48586755990982056,0.3029145300388336,-0.02547680027782917,0.5702245235443115,0.34007176756858826,-0.010668876580893993,0.537140965461731,0.31662529706954956,-0.018292421475052834,0.516502320766449,0.3024226725101471,-0.022574234753847122,0.4990243911743164,0.2915518879890442,-0.025083499029278755,0.58489990234375,0.3257651925086975,-0.01694481261074543,0.559795618057251,0.3054182827472687,-0.022299502044916153,0.5428481101989746,0.2944837808609009,-0.023427987471222878,0.5277958512306213,0.28687289357185364,-0.02392255887389183,0.0,0.0,0.0,0.0,0.0,0.0,0.0,0.0,0.0,0.0,0.0,0.0,0.0,0.0,0.0,0.0,0.0,0.0,0.0,0.0,0.0,0.0,0.0,0.0,0.0,0.0,0.0,0.0,0.0,0.0,0.0,0.0,0.0,0.0,0.0,0.0,0.0,0.0,0.0,0.0,0.0,0.0,0.0,0.0,0.0,0.0,0.0,0.0,0.0,0.0,0.0,0.0,0.0,0.0,0.0,0.0,0.0,0.0,0.0,0.0,0.0,0.0,0.0,0.8265283703804016,0.6808173060417175,-0.30718347430229187,0.25211721658706665,0.9057050347328186,-0.1569964736700058,0.6462306976318359,0.4154370427131653,-0.7458575963973999,0.19750963151454926,1.2077265977859497,-0.36587637662887573,Welcome
0.6336131691932678,0.4071825444698334,1.5871856362537073e-07,0.5992705225944519,0.4257967472076416,-0.009333568625152111,0.5639498829841614,0.43178266286849976,-0.014547471888363361,0.5362882614135742,0.4349204897880554,-0.020168157294392586,0.5147600769996643,0.441272109746933,-0.025684861466288567,0.5544785857200623,0.37568339705467224,-0.002810416743159294,0.5237987041473389,0.3535020351409912,-0.012554796412587166,0.5057963132858276,0.3397444486618042,-0.021224241703748703,0.49061697721481323,0.32706916332244873,-0.02717217616736889,0.5607322454452515,0.35627201199531555,-0.005500896368175745,0.5262246131896973,0.33135831356048584,-0.01354325469583273,0.5053436160087585,0.31595492362976074,-0.020398080348968506,0.4874899089336395,0.3028351962566376,-0.025089016184210777,0.5709731578826904,0.3398158550262451,-0.010416021570563316,0.5380769968032837,0.3162173628807068,-0.018014289438724518,0.5177289843559265,0.30211731791496277,-0.022235846146941185,0.5005499720573425,0.29149550199508667,-0.02471117489039898,0.5854260921478271,0.32540762424468994,-0.016660990193486214,0.5604663491249084,0.30480557680130005,-0.022027045488357544,0.5435703992843628,0.29395389556884766,-0.023214399814605713,0.5285322666168213,0.286708801984787,-0.023762868717312813,0.0,0.0,0.0,0.0,0.0,0.0,0.0,0.0,0.0,0.0,0.0,0.0,0.0,0.0,0.0,0.0,0.0,0.0,0.0,0.0,0.0,0.0,0.0,0.0,0.0,0.0,0.0,0.0,0.0,0.0,0.0,0.0,0.0,0.0,0.0,0.0,0.0,0.0,0.0,0.0,0.0,0.0,0.0,0.0,0.0,0.0,0.0,0.0,0.0,0.0,0.0,0.0,0.0,0.0,0.0,0.0,0.0,0.0,0.0,0.0,0.0,0.0,0.0,0.8269298672676086,0.681340217590332,-0.31902769207954407,0.25219112634658813,0.9060533046722412,-0.14492203295230865,0.6459157466888428,0.41509395837783813,-0.7654045224189758,0.19754233956336975,1.208461880683899,-0.3517889380455017,Welcome
0.6327375769615173,0.4071391224861145,1.6536233715669368e-07,0.5986424088478088,0.42569541931152344,-0.009623710066080093,0.5640496611595154,0.431532084941864,-0.015139003284275532,0.5364260077476501,0.4345385432243347,-0.021022705361247063,0.5149434804916382,0.4405270516872406,-0.026835020631551743,0.5545704364776611,0.375509649515152,-0.003529180306941271,0.5240444540977478,0.3532445728778839,-0.013583595864474773,0.506023108959198,0.3391333818435669,-0.022464243695139885,0.490909218788147,0.32605621218681335,-0.028538525104522705,0.5607467889785767,0.35622116923332214,-0.006158142816275358,0.5260657668113708,0.3308849334716797,-0.01451863069087267,0.5050013065338135,0.3153117597103119,-0.021498074755072594,0.4869133532047272,0.3020361661911011,-0.02619471400976181,0.5710009932518005,0.33972784876823425,-0.010995451360940933,0.5373155474662781,0.3154679238796234,-0.01896289363503456,0.5162339806556702,0.30106252431869507,-0.023394335061311722,0.4983364939689636,0.2899163067340851,-0.025943594053387642,0.585572361946106,0.3254079222679138,-0.017153965309262276,0.5605897903442383,0.30446818470954895,-0.02290487289428711,0.5435711145401001,0.2932509779930115,-0.024263592436909676,0.5283897519111633,0.285561740398407,-0.024854600429534912,0.0,0.0,0.0,0.0,0.0,0.0,0.0,0.0,0.0,0.0,0.0,0.0,0.0,0.0,0.0,0.0,0.0,0.0,0.0,0.0,0.0,0.0,0.0,0.0,0.0,0.0,0.0,0.0,0.0,0.0,0.0,0.0,0.0,0.0,0.0,0.0,0.0,0.0,0.0,0.0,0.0,0.0,0.0,0.0,0.0,0.0,0.0,0.0,0.0,0.0,0.0,0.0,0.0,0.0,0.0,0.0,0.0,0.0,0.0,0.0,0.0,0.0,0.0,0.8273481130599976,0.6817405223846436,-0.32459259033203125,0.2521631121635437,0.9069742560386658,-0.15464363992214203,0.6458906531333923,0.4151054918766022,-0.7833967804908752,0.19761720299720764,1.2095800638198853,-0.3703077733516693,Welcome
0.6327745914459229,0.40648770332336426,1.6102200106615783e-07,0.5993462800979614,0.4253939390182495,-0.009886746294796467,0.5648209452629089,0.43117964267730713,-0.015446838922798634,0.537116289138794,0.4339678883552551,-0.021374639123678207,0.5154697299003601,0.43980079889297485,-0.02720501832664013,0.5549696683883667,0.37453147768974304,-0.0033523922320455313,0.5244205594062805,0.35272493958473206,-0.01341198105365038,0.5062369704246521,0.33862367272377014,-0.022416315972805023,0.4911584258079529,0.32557740807533264,-0.028587710112333298,0.5609414577484131,0.3552655875682831,-0.0058424100279808044,0.5263400077819824,0.33023807406425476,-0.014260525815188885,0.5052391886711121,0.31472259759902954,-0.021308060735464096,0.4874137043952942,0.30152857303619385,-0.026008687913417816,0.5709944367408752,0.33862578868865967,-0.01058660726994276,0.5373613238334656,0.3141639530658722,-0.018646592274308205,0.5164127945899963,0.29978543519973755,-0.0230000801384449,0.4989219009876251,0.2886979579925537,-0.025407250970602036,0.5854832530021667,0.3240531086921692,-0.01669403351843357,0.5604504346847534,0.30279022455215454,-0.022517606616020203,0.5434845089912415,0.291456937789917,-0.02383427508175373,0.5285459756851196,0.2838302254676819,-0.024326141923666,0.0,0.0,0.0,0.0,0.0,0.0,0.0,0.0,0.0,0.0,0.0,0.0,0.0,0.0,0.0,0.0,0.0,0.0,0.0,0.0,0.0,0.0,0.0,0.0,0.0,0.0,0.0,0.0,0.0,0.0,0.0,0.0,0.0,0.0,0.0,0.0,0.0,0.0,0.0,0.0,0.0,0.0,0.0,0.0,0.0,0.0,0.0,0.0,0.0,0.0,0.0,0.0,0.0,0.0,0.0,0.0,0.0,0.0,0.0,0.0,0.0,0.0,0.0,0.8273636102676392,0.6818142533302307,-0.3331115245819092,0.252174973487854,0.9072929620742798,-0.16430900990962982,0.6453501582145691,0.41468748450279236,-0.7960091829299927,0.19769522547721863,1.209635615348816,-0.40378904342651367,Welcome
0.6326695084571838,0.40619325637817383,1.6828087723297358e-07,0.5992681384086609,0.4251633882522583,-0.010121111758053303,0.5651618242263794,0.43156230449676514,-0.01609226129949093,0.537656307220459,0.43406498432159424,-0.02239086478948593,0.5158733129501343,0.439471572637558,-0.028598299250006676,0.5543474555015564,0.3747676610946655,-0.003933349624276161,0.5241430997848511,0.3524929881095886,-0.014356412924826145,0.506101667881012,0.33825016021728516,-0.023645766079425812,0.4909217953681946,0.32510340213775635,-0.030001649633049965,0.5605239272117615,0.3553941249847412,-0.0064627258107066154,0.5261633396148682,0.3300940692424774,-0.015223631635308266,0.5050097107887268,0.31432124972343445,-0.02249102294445038,0.48689156770706177,0.30084991455078125,-0.027351632714271545,0.5708432197570801,0.3389117121696472,-0.0112644387409091,0.5376440286636353,0.31413212418556213,-0.019578153267502785,0.5167021155357361,0.2993967533111572,-0.02403917722404003,0.49907028675079346,0.28804558515548706,-0.02651512809097767,0.5856345295906067,0.3244648575782776,-0.017445623874664307,0.5607212781906128,0.30286896228790283,-0.02351519651710987,0.5435572266578674,0.2913261950016022,-0.024954156950116158,0.5282922387123108,0.2835361361503601,-0.025498786941170692,0.0,0.0,0.0,0.0,0.0,0.0,0.0,0.0,0.0,0.0,0.0,0.0,0.0,0.0,0.0,0.0,0.0,0.0,0.0,0.0,0.0,0.0,0.0,0.0,0.0,0.0,0.0,0.0,0.0,0.0,0.0,0.0,0.0,0.0,0.0,0.0,0.0,0.0,0.0,0.0,0.0,0.0,0.0,0.0,0.0,0.0,0.0,0.0,0.0,0.0,0.0,0.0,0.0,0.0,0.0,0.0,0.0,0.0,0.0,0.0,0.0,0.0,0.0,0.8273895382881165,0.6819269061088562,-0.33908218145370483,0.25221681594848633,0.9074708223342896,-0.16623178124427795,0.6451116800308228,0.4146372675895691,-0.8074067234992981,0.19776231050491333,1.2096197605133057,-0.41363173723220825,Welcome
0.6330698132514954,0.4066371023654938,1.6832954941037315e-07,0.5993424654006958,0.4249797463417053,-0.010084346868097782,0.5648910403251648,0.4307496249675751,-0.016031518578529358,0.5371705293655396,0.4335094392299652,-0.02232077158987522,0.5153291821479797,0.4390746057033539,-0.028512950986623764,0.5553333759307861,0.3739907741546631,-0.0039763557724654675,0.5246672034263611,0.35174939036369324,-0.0143978800624609,0.5066027641296387,0.33768460154533386,-0.02362053282558918,0.49142131209373474,0.3244677484035492,-0.029916342347860336,0.5614580512046814,0.3548029065132141,-0.006537070032209158,0.5267238616943359,0.32947269082069397,-0.015374857932329178,0.5054750442504883,0.31375932693481445,-0.022755639627575874,0.48720782995224,0.300203800201416,-0.027680877596139908,0.5716517567634583,0.3383932113647461,-0.01134757325053215,0.5379985570907593,0.3137873411178589,-0.01972087472677231,0.5167902708053589,0.29910513758659363,-0.024329224601387978,0.49892595410346985,0.28777340054512024,-0.02690153941512108,0.586108386516571,0.32412484288215637,-0.017511755228042603,0.5608466267585754,0.30295154452323914,-0.02350042387843132,0.5436388254165649,0.29143190383911133,-0.024927865713834763,0.5284202694892883,0.28353869915008545,-0.02550443448126316,0.0,0.0,0.0,0.0,0.0,0.0,0.0,0.0,0.0,0.0,0.0,0.0,0.0,0.0,0.0,0.0,0.0,0.0,0.0,0.0,0.0,0.0,0.0,0.0,0.0,0.0,0.0,0.0,0.0,0.0,0.0,0.0,0.0,0.0,0.0,0.0,0.0,0.0,0.0,0.0,0.0,0.0,0.0,0.0,0.0,0.0,0.0,0.0,0.0,0.0,0.0,0.0,0.0,0.0,0.0,0.0,0.0,0.0,0.0,0.0,0.0,0.0,0.0,0.8273947834968567,0.6823801398277283,-0.33531033992767334,0.2522987425327301,0.9074543118476868,-0.16578027606010437,0.6450432538986206,0.41493141651153564,-0.8136466145515442,0.19779537618160248,1.2075120210647583,-0.4196956753730774,Welcome
0.6329959034919739,0.4059932231903076,1.6635569011214102e-07,0.5991811752319336,0.42442649602890015,-0.00953612755984068,0.5644621253013611,0.4302314817905426,-0.015063386410474777,0.5369860529899597,0.4333679676055908,-0.020973850041627884,0.5154179334640503,0.438971608877182,-0.02682703174650669,0.5546878576278687,0.37369251251220703,-0.003488198621198535,0.524239182472229,0.35118627548217773,-0.013560689054429531,0.5061157941818237,0.3371833264827728,-0.022542499005794525,0.490845263004303,0.3244140148162842,-0.028688499704003334,0.5608188509941101,0.35438936948776245,-0.006204128265380859,0.5262484550476074,0.3285016417503357,-0.014618360437452793,0.5048859119415283,0.31260865926742554,-0.021771026775240898,0.48653215169906616,0.2990820109844208,-0.026587802916765213,0.57115238904953,0.3380182981491089,-0.011112854816019535,0.5376393795013428,0.3131612539291382,-0.019016094505786896,0.5166470408439636,0.29834461212158203,-0.02346505969762802,0.4988783299922943,0.2869293689727783,-0.026026029139757156,0.5858359336853027,0.3239242732524872,-0.01734507642686367,0.5605911612510681,0.3025849759578705,-0.023019006475806236,0.5433831810951233,0.2909153699874878,-0.024300605058670044,0.528053343296051,0.28271588683128357,-0.024821031838655472,0.0,0.0,0.0,0.0,0.0,0.0,0.0,0.0,0.0,0.0,0.0,0.0,0.0,0.0,0.0,0.0,0.0,0.0,0.0,0.0,0.0,0.0,0.0,0.0,0.0,0.0,0.0,0.0,0.0,0.0,0.0,0.0,0.0,0.0,0.0,0.0,0.0,0.0,0.0,0.0,0.0,0.0,0.0,0.0,0.0,0.0,0.0,0.0,0.0,0.0,0.0,0.0,0.0,0.0,0.0,0.0,0.0,0.0,0.0,0.0,0.0,0.0,0.0,0.8273845911026001,0.6824443340301514,-0.33302098512649536,0.2525899410247803,0.9073894023895264,-0.15549799799919128,0.6446051597595215,0.4148901402950287,-0.8184735178947449,0.1979409158229828,1.20556640625,-0.4141673445701599,Welcome
0.6335967779159546,0.4051244854927063,1.6310514183714986e-07,0.5997076630592346,0.4239233732223511,-0.009561607614159584,0.5644311904907227,0.42997297644615173,-0.01494995690882206,0.5367438793182373,0.4331521689891815,-0.020672066137194633,0.5151857137680054,0.43912819027900696,-0.026279587298631668,0.5545493364334106,0.373183012008667,-0.00332145974971354,0.5239012241363525,0.3505500853061676,-0.013161682523787022,0.5058000683784485,0.33651527762413025,-0.021936170756816864,0.49057337641716003,0.3238360285758972,-0.027955830097198486,0.560834527015686,0.3538646697998047,-0.005898567382246256,0.5263570547103882,0.3282559812068939,-0.014050676487386227,0.505236029624939,0.312588632106781,-0.02099817618727684,0.4870798885822296,0.2992110252380371,-0.02571868896484375,0.5712024569511414,0.33755531907081604,-0.010684046894311905,0.5379472374916077,0.3130496144294739,-0.01837853528559208,0.5171791315078735,0.29857754707336426,-0.022748567163944244,0.499576210975647,0.2874569892883301,-0.025310227647423744,0.5858650803565979,0.3234095871448517,-0.016798771917819977,0.5610213279724121,0.3022889792919159,-0.022342832759022713,0.5439834594726562,0.2909792959690094,-0.02366061508655548,0.5287472009658813,0.2831612825393677,-0.02424793690443039,0.0,0.0,0.0,0.0,0.0,0.0,0.0,0.0,0.0,0.0,0.0,0.0,0.0,0.0,0.0,0.0,0.0,0.0,0.0,0.0,0.0,0.0,0.0,0.0,0.0,0.0,0.0,0.0,0.0,0.0,0.0,0.0,0.0,0.0,0.0,0.0,0.0,0.0,0.0,0.0,0.0,0.0,0.0,0.0,0.0,0.0,0.0,0.0,0.0,0.0,0.0,0.0,0.0,0.0,0.0,0.0,0.0,0.0,0.0,0.0,0.0,0.0,0.0,0.8274245262145996,0.6824671030044556,-0.336892694234848,0.25283828377723694,0.9074036478996277,-0.1525300145149231,0.6443368792533875,0.41483229398727417,-0.8237864375114441,0.19821631908416748,1.204897403717041,-0.40996354818344116,Welcome
0.6338158845901489,0.405301958322525,1.645903040525809e-07,0.5997893810272217,0.42406725883483887,-0.009587054140865803,0.5643853545188904,0.43006011843681335,-0.014991442672908306,0.5366308093070984,0.43313196301460266,-0.02073177695274353,0.5150121450424194,0.4389483630657196,-0.026351192966103554,0.5543873310089111,0.37318986654281616,-0.0032425830140709877,0.5238478183746338,0.3505478799343109,-0.01310600433498621,0.5058454871177673,0.33650755882263184,-0.021924350410699844,0.4906373918056488,0.3237590789794922,-0.027990909293293953,0.560757040977478,0.353863388299942,-0.005837056785821915,0.5263144969940186,0.32831883430480957,-0.014030039310455322,0.5052552819252014,0.3126894235610962,-0.021033627912402153,0.4870491921901703,0.2993219494819641,-0.025789162144064903,0.5712206959724426,0.33757704496383667,-0.010649438947439194,0.53795325756073,0.31317606568336487,-0.01839994080364704,0.5171557068824768,0.2987251877784729,-0.02278083562850952,0.4994385540485382,0.28758716583251953,-0.02535080537199974,0.5859813690185547,0.32349467277526855,-0.016792573034763336,0.5611118078231812,0.3024902939796448,-0.02237456850707531,0.5440715551376343,0.2911955714225769,-0.023701844736933708,0.528799831867218,0.283351331949234,-0.02430041879415512,0.0,0.0,0.0,0.0,0.0,0.0,0.0,0.0,0.0,0.0,0.0,0.0,0.0,0.0,0.0,0.0,0.0,0.0,0.0,0.0,0.0,0.0,0.0,0.0,0.0,0.0,0.0,0.0,0.0,0.0,0.0,0.0,0.0,0.0,0.0,0.0,0.0,0.0,0.0,0.0,0.0,0.0,0.0,0.0,0.0,0.0,0.0,0.0,0.0,0.0,0.0,0.0,0.0,0.0,0.0,0.0,0.0,0.0,0.0,0.0,0.0,0.0,0.0,0.8275030851364136,0.6824983358383179,-0.34227317571640015,0.25298255681991577,0.9074028730392456,-0.1513330340385437,0.6441657543182373,0.4147818684577942,-0.8303359746932983,0.19837994873523712,1.2042292356491089,-0.4073573052883148,Welcome
0.6344627737998962,0.40511539578437805,1.623147198870356e-07,0.6003476977348328,0.424063503742218,-0.009363051503896713,0.5646340250968933,0.42984718084335327,-0.014399245381355286,0.5366449952125549,0.4326547086238861,-0.019839106127619743,0.5149799585342407,0.43837177753448486,-0.025150548666715622,0.5552239418029785,0.373263955116272,-0.0026247177738696337,0.5243253707885742,0.3508484363555908,-0.01232281606644392,0.5062068700790405,0.33669984340667725,-0.021013293415308,0.4909506142139435,0.3236726224422455,-0.026977255940437317,0.5612810850143433,0.3538592755794525,-0.005252296570688486,0.5264623761177063,0.32837384939193726,-0.01332854013890028,0.5052695870399475,0.3126002848148346,-0.020283576101064682,0.487057089805603,0.29909250140190125,-0.024973127990961075,0.5714613199234009,0.3372648358345032,-0.010108781978487968,0.5376818776130676,0.31290438771247864,-0.017849458381533623,0.5165784955024719,0.2982030212879181,-0.02235856093466282,0.49873244762420654,0.2869489789009094,-0.024953927844762802,0.5859114527702332,0.3227415382862091,-0.01627616584300995,0.5605984926223755,0.3014763295650482,-0.02179088070988655,0.5434139966964722,0.2900528907775879,-0.02313610538840294,0.5281258225440979,0.28228139877319336,-0.023740055039525032,0.0,0.0,0.0,0.0,0.0,0.0,0.0,0.0,0.0,0.0,0.0,0.0,0.0,0.0,0.0,0.0,0.0,0.0,0.0,0.0,0.0,0.0,0.0,0.0,0.0,0.0,0.0,0.0,0.0,0.0,0.0,0.0,0.0,0.0,0.0,0.0,0.0,0.0,0.0,0.0,0.0,0.0,0.0,0.0,0.0,0.0,0.0,0.0,0.0,0.0,0.0,0.0,0.0,0.0,0.0,0.0,0.0,0.0,0.0,0.0,0.0,0.0,0.0,0.8275269269943237,0.6825056076049805,-0.3402647376060486,0.2533299922943115,0.9073736667633057,-0.13914354145526886,0.6441477537155151,0.41458815336227417,-0.8249160051345825,0.198973149061203,1.2039610147476196,-0.38683244585990906,Welcome
0.6345757842063904,0.40440160036087036,1.6648377254568913e-07,0.6001410484313965,0.4234512150287628,-0.009841936640441418,0.5647458434104919,0.4293724298477173,-0.01522436086088419,0.5368033051490784,0.4324512481689453,-0.02094215527176857,0.5150145292282104,0.4381357729434967,-0.026495052501559258,0.5552147030830383,0.3732883334159851,-0.0030794318299740553,0.5245316028594971,0.35119009017944336,-0.013157692737877369,0.5065078735351562,0.3369227349758148,-0.022119922563433647,0.4912746548652649,0.32364606857299805,-0.028241358697414398,0.5611468553543091,0.35354676842689514,-0.005540852900594473,0.5263721942901611,0.328372985124588,-0.013883190229535103,0.5051515102386475,0.31261155009269714,-0.020948639139533043,0.4868355989456177,0.29911309480667114,-0.02571587823331356,0.5712177157402039,0.3367982804775238,-0.01028544083237648,0.5375838875770569,0.3127012848854065,-0.018196366727352142,0.5165198445320129,0.29810500144958496,-0.022630194202065468,0.4986726939678192,0.28701910376548767,-0.025170356035232544,0.5856641530990601,0.32230377197265625,-0.01639925129711628,0.5605701208114624,0.30140820145606995,-0.022014960646629333,0.5434390306472778,0.2900790274143219,-0.023325517773628235,0.528157651424408,0.2824806272983551,-0.02389095164835453,0.0,0.0,0.0,0.0,0.0,0.0,0.0,0.0,0.0,0.0,0.0,0.0,0.0,0.0,0.0,0.0,0.0,0.0,0.0,0.0,0.0,0.0,0.0,0.0,0.0,0.0,0.0,0.0,0.0,0.0,0.0,0.0,0.0,0.0,0.0,0.0,0.0,0.0,0.0,0.0,0.0,0.0,0.0,0.0,0.0,0.0,0.0,0.0,0.0,0.0,0.0,0.0,0.0,0.0,0.0,0.0,0.0,0.0,0.0,0.0,0.0,0.0,0.0,0.8277028203010559,0.682307779788971,-0.3592572808265686,0.2536887526512146,0.9073716402053833,-0.13799290359020233,0.6440775394439697,0.4140889048576355,-0.841610312461853,0.19941279292106628,1.2032235860824585,-0.40305933356285095,Welcome
0.6347693800926208,0.40412256121635437,1.6749196163345914e-07,0.6004709005355835,0.42343106865882874,-0.009986385703086853,0.5649720430374146,0.4294804036617279,-0.015409196726977825,0.5369342565536499,0.4325546324253082,-0.021127723157405853,0.5151776671409607,0.43842950463294983,-0.026675665751099586,0.5552263259887695,0.3728545010089874,-0.0032677145209163427,0.5244348645210266,0.35073813796043396,-0.013289771042764187,0.5063863396644592,0.3365464508533478,-0.02222738415002823,0.49110954999923706,0.323352187871933,-0.028345640748739243,0.5612226724624634,0.3532235622406006,-0.005661899223923683,0.526352047920227,0.32809770107269287,-0.013969874009490013,0.5051716566085815,0.31253689527511597,-0.02097933739423752,0.48690417408943176,0.2991750240325928,-0.02568221651017666,0.5713269710540771,0.3364211320877075,-0.010335800237953663,0.5376249551773071,0.3126726448535919,-0.018206803128123283,0.5164220929145813,0.2982683777809143,-0.022567661479115486,0.4985182583332062,0.28724205493927,-0.025054093450307846,0.5857760906219482,0.32174763083457947,-0.01639416441321373,0.5606106519699097,0.30108994245529175,-0.021888088434934616,0.5435660481452942,0.28979265689849854,-0.02306777611374855,0.5284484028816223,0.282062292098999,-0.023547891527414322,0.0,0.0,0.0,0.0,0.0,0.0,0.0,0.0,0.0,0.0,0.0,0.0,0.0,0.0,0.0,0.0,0.0,0.0,0.0,0.0,0.0,0.0,0.0,0.0,0.0,0.0,0.0,0.0,0.0,0.0,0.0,0.0,0.0,0.0,0.0,0.0,0.0,0.0,0.0,0.0,0.0,0.0,0.0,0.0,0.0,0.0,0.0,0.0,0.0,0.0,0.0,0.0,0.0,0.0,0.0,0.0,0.0,0.0,0.0,0.0,0.0,0.0,0.0,0.8277433514595032,0.6822027564048767,-0.3757811188697815,0.25372225046157837,0.9073873162269592,-0.1387317031621933,0.6439933776855469,0.4133651554584503,-0.8884419202804565,0.1994539499282837,1.2024298906326294,-0.4267210066318512,Welcome
0.6348040699958801,0.4042915999889374,1.680931802638952e-07,0.6005257368087769,0.4234361946582794,-0.010035430081188679,0.5650619268417358,0.42945948243141174,-0.015533971600234509,0.5370175242424011,0.43253466486930847,-0.02132238820195198,0.5152226090431213,0.43837660551071167,-0.026943430304527283,0.5551743507385254,0.3728960454463959,-0.0034313725773245096,0.5243399143218994,0.3506491482257843,-0.01355654839426279,0.5062922239303589,0.33640509843826294,-0.022545985877513885,0.4910314381122589,0.32313835620880127,-0.028689168393611908,0.5611842274665833,0.35321733355522156,-0.005819008219987154,0.5262829065322876,0.3280307352542877,-0.01420461107045412,0.5050872564315796,0.3124406039714813,-0.021229341626167297,0.486814022064209,0.29905375838279724,-0.02594541572034359,0.5712890625,0.3363770842552185,-0.010490274988114834,0.5376227498054504,0.3126133680343628,-0.018387848511338234,0.5164498686790466,0.2982321083545685,-0.022713791579008102,0.49857956171035767,0.2872215807437897,-0.025184793397784233,0.58574378490448,0.3216794431209564,-0.016555925831198692,0.5605739951133728,0.30105364322662354,-0.022064197808504105,0.5435117483139038,0.28978848457336426,-0.023236742243170738,0.5283783674240112,0.2821182906627655,-0.023713814094662666,0.0,0.0,0.0,0.0,0.0,0.0,0.0,0.0,0.0,0.0,0.0,0.0,0.0,0.0,0.0,0.0,0.0,0.0,0.0,0.0,0.0,0.0,0.0,0.0,0.0,0.0,0.0,0.0,0.0,0.0,0.0,0.0,0.0,0.0,0.0,0.0,0.0,0.0,0.0,0.0,0.0,0.0,0.0,0.0,0.0,0.0,0.0,0.0,0.0,0.0,0.0,0.0,0.0,0.0,0.0,0.0,0.0,0.0,0.0,0.0,0.0,0.0,0.0,0.8277578353881836,0.6821232438087463,-0.37966713309288025,0.2537510097026825,0.9073907136917114,-0.13890478014945984,0.6439396142959595,0.41287052631378174,-0.8939040899276733,0.19949336349964142,1.2016342878341675,-0.4327847361564636,Welcome
0.5917611718177795,0.7759689688682556,3.998825093276537e-07,0.5816127061843872,0.7333009243011475,-0.026856375858187675,0.5574607849121094,0.7063353061676025,-0.039988718926906586,0.5349211692810059,0.6845065355300903,-0.04758763685822487,0.5216347575187683,0.661980926990509,-0.05366240441799164,0.5096297264099121,0.756645917892456,-0.03409125655889511,0.4619181454181671,0.7377942204475403,-0.04587867483496666,0.4316983222961426,0.726534366607666,-0.05348237231373787,0.40852558612823486,0.7191728353500366,-0.05751727893948555,0.5060077905654907,0.7732288241386414,-0.023221440613269806,0.4607808291912079,0.749740719795227,-0.035263318568468094,0.4319148659706116,0.7310039401054382,-0.04136527329683304,0.4100050926208496,0.7159087061882019,-0.044102415442466736,0.5043438673019409,0.7777839303016663,-0.01322197075933218,0.46474042534828186,0.7552895545959473,-0.022018561139702797,0.4385184049606323,0.7376664280891418,-0.025509655475616455,0.4190027713775635,0.7226781845092773,-0.026401573792099953,0.5046676993370056,0.7750361561775208,-0.005396565422415733,0.472934752702713,0.7558308243751526,-0.010209660977125168,0.4513091444969177,0.7422192096710205,-0.011376607231795788,0.43557679653167725,0.7296096682548523,-0.010982269421219826,0.0,0.0,0.0,0.0,0.0,0.0,0.0,0.0,0.0,0.0,0.0,0.0,0.0,0.0,0.0,0.0,0.0,0.0,0.0,0.0,0.0,0.0,0.0,0.0,0.0,0.0,0.0,0.0,0.0,0.0,0.0,0.0,0.0,0.0,0.0,0.0,0.0,0.0,0.0,0.0,0.0,0.0,0.0,0.0,0.0,0.0,0.0,0.0,0.0,0.0,0.0,0.0,0.0,0.0,0.0,0.0,0.0,0.0,0.0,0.0,0.0,0.0,0.0,0.7776466608047485,0.8293565511703491,-0.44617772102355957,0.2641045153141022,0.8953475952148438,-0.06348973512649536,0.6004770994186401,0.7741257548332214,-1.211759328842163,0.2356145828962326,1.1732802391052246,-0.49198117852211,Welcome
0.5917750597000122,0.7759318947792053,3.9972056242731924e-07,0.5816588401794434,0.733128011226654,-0.026795661076903343,0.5575065016746521,0.7062065601348877,-0.03988729789853096,0.5348904728889465,0.6844735145568848,-0.04746803641319275,0.5216857194900513,0.6619667410850525,-0.05351446941494942,0.5096220970153809,0.7566987872123718,-0.033851634711027145,0.46191245317459106,0.7377791404724121,-0.04555368050932884,0.43171194195747375,0.7265013456344604,-0.05311736837029457,0.40856847167015076,0.7191962599754333,-0.05714208260178566,0.5059719681739807,0.7733529806137085,-0.023029549047350883,0.4607456922531128,0.7497376799583435,-0.03499928116798401,0.4318851828575134,0.7310073971748352,-0.041086819022893906,0.4099573791027069,0.7159509062767029,-0.04382043704390526,0.5042608976364136,0.7779460549354553,-0.013084474951028824,0.4646640717983246,0.7552785873413086,-0.021808745339512825,0.43846169114112854,0.7375891208648682,-0.02526364102959633,0.41895297169685364,0.7225854396820068,-0.026140952482819557,0.5045391321182251,0.7751819491386414,-0.005319161806255579,0.4728366732597351,0.7558196187019348,-0.010058357380330563,0.45123496651649475,0.7421578168869019,-0.011180575005710125,0.43551206588745117,0.7295639514923096,-0.010764122009277344,0.0,0.0,0.0,0.0,0.0,0.0,0.0,0.0,0.0,0.0,0.0,0.0,0.0,0.0,0.0,0.0,0.0,0.0,0.0,0.0,0.0,0.0,0.0,0.0,0.0,0.0,0.0,0.0,0.0,0.0,0.0,0.0,0.0,0.0,0.0,0.0,0.0,0.0,0.0,0.0,0.0,0.0,0.0,0.0,0.0,0.0,0.0,0.0,0.0,0.0,0.0,0.0,0.0,0.0,0.0,0.0,0.0,0.0,0.0,0.0,0.0,0.0,0.0,0.7778035402297974,0.8294729590415955,-0.44798725843429565,0.2640412449836731,0.8953216671943665,-0.06480687111616135,0.6004542112350464,0.7741047143936157,-1.2112776041030884,0.23585012555122375,1.173336386680603,-0.4906599521636963,Welcome
0.5919492840766907,0.7755235433578491,3.9454141642636387e-07,0.5816528797149658,0.7325477600097656,-0.026041412726044655,0.5570353865623474,0.7056632041931152,-0.03850157931447029,0.5341891050338745,0.6834973096847534,-0.04547693580389023,0.5208832025527954,0.6606673002243042,-0.050920259207487106,0.5097770094871521,0.7561158537864685,-0.03319001942873001,0.46176034212112427,0.7369828820228577,-0.044457051903009415,0.43145105242729187,0.7259130477905273,-0.05159361660480499,0.4082656502723694,0.7188180685043335,-0.055286895483732224,0.5061091184616089,0.7730660438537598,-0.022423546761274338,0.4608065187931061,0.7493599653244019,-0.03403940796852112,0.4319625794887543,0.7306833267211914,-0.03969195857644081,0.41013699769973755,0.7157571911811829,-0.042057137936353683,0.5044933557510376,0.7779556512832642,-0.01246121060103178,0.4649016261100769,0.7552723288536072,-0.02102210558950901,0.4390120506286621,0.7374009490013123,-0.024264467880129814,0.41981711983680725,0.72243332862854,-0.024921836331486702,0.5049128532409668,0.7754338979721069,-0.004574888851493597,0.47324082255363464,0.7560381293296814,-0.009145645424723625,0.4519128203392029,0.7421514987945557,-0.010038761422038078,0.4365848898887634,0.7294111847877502,-0.009413512423634529,0.0,0.0,0.0,0.0,0.0,0.0,0.0,0.0,0.0,0.0,0.0,0.0,0.0,0.0,0.0,0.0,0.0,0.0,0.0,0.0,0.0,0.0,0.0,0.0,0.0,0.0,0.0,0.0,0.0,0.0,0.0,0.0,0.0,0.0,0.0,0.0,0.0,0.0,0.0,0.0,0.0,0.0,0.0,0.0,0.0,0.0,0.0,0.0,0.0,0.0,0.0,0.0,0.0,0.0,0.0,0.0,0.0,0.0,0.0,0.0,0.0,0.0,0.0,0.7778143286705017,0.8296448588371277,-0.45504093170166016,0.263971745967865,0.8954814076423645,-0.07198067009449005,0.6004022359848022,0.7741347551345825,-1.2193690538406372,0.23504522442817688,1.1732254028320312,-0.5044447779655457,Welcome
0.591400682926178,0.7748717069625854,4.003429978638451e-07,0.580987811088562,0.7321662306785583,-0.026166748255491257,0.5567701458930969,0.7055206298828125,-0.03897519037127495,0.5343681573867798,0.6835612654685974,-0.046254709362983704,0.5212797522544861,0.6610288619995117,-0.05200451612472534,0.5095648765563965,0.7563779354095459,-0.03410744667053223,0.46152350306510925,0.736926257610321,-0.04561946913599968,0.4312919080257416,0.7257521152496338,-0.05287376791238785,0.40809956192970276,0.7186183333396912,-0.05663110688328743,0.5056445598602295,0.7736841440200806,-0.02344575896859169,0.46036669611930847,0.7492549419403076,-0.03513098508119583,0.43163034319877625,0.7301958799362183,-0.04077167809009552,0.4099610447883606,0.7150254249572754,-0.04317887872457504,0.5038064122200012,0.7787038087844849,-0.013547285459935665,0.464214563369751,0.7552217841148376,-0.022057585418224335,0.4386541545391083,0.7369279861450195,-0.025138605386018753,0.41979455947875977,0.7215945720672607,-0.025764184072613716,0.5040192008018494,0.77607262134552,-0.005746031645685434,0.47244635224342346,0.756140947341919,-0.010301095433533192,0.4513186812400818,0.7417827844619751,-0.011056311428546906,0.43614912033081055,0.7286086082458496,-0.010350321419537067,0.0,0.0,0.0,0.0,0.0,0.0,0.0,0.0,0.0,0.0,0.0,0.0,0.0,0.0,0.0,0.0,0.0,0.0,0.0,0.0,0.0,0.0,0.0,0.0,0.0,0.0,0.0,0.0,0.0,0.0,0.0,0.0,0.0,0.0,0.0,0.0,0.0,0.0,0.0,0.0,0.0,0.0,0.0,0.0,0.0,0.0,0.0,0.0,0.0,0.0,0.0,0.0,0.0,0.0,0.0,0.0,0.0,0.0,0.0,0.0,0.0,0.0,0.0,0.7779649496078491,0.8298872113227844,-0.45679983496665955,0.2639504075050354,0.8954910635948181,-0.07633928954601288,0.6004844903945923,0.7741995453834534,-1.2154889106750488,0.2341800183057785,1.1730290651321411,-0.5085121989250183,Welcome
0.5914995670318604,0.7752389907836914,4.0056121974885173e-07,0.5813364386558533,0.7325372099876404,-0.026659920811653137,0.557127058506012,0.7056478261947632,-0.039625875651836395,0.5344052314758301,0.6836376786231995,-0.046937499195337296,0.521221399307251,0.6611014604568481,-0.05272764340043068,0.5092581510543823,0.756394624710083,-0.03433653339743614,0.4614238739013672,0.7368607521057129,-0.04580897465348244,0.43118929862976074,0.7260725498199463,-0.05317622795701027,0.4079136252403259,0.7194260954856873,-0.05707050487399101,0.5052947998046875,0.7733561396598816,-0.023395055904984474,0.460016667842865,0.7491006255149841,-0.035088490694761276,0.43099576234817505,0.7305213809013367,-0.040861330926418304,0.40895575284957886,0.7158827781677246,-0.04336574301123619,0.5035445094108582,0.7782723307609558,-0.013233006931841373,0.4639388620853424,0.7550334334373474,-0.02171347104012966,0.43820738792419434,0.7370836734771729,-0.024900605902075768,0.41904956102371216,0.7221622467041016,-0.025595640763640404,0.5040467381477356,0.7757625579833984,-0.0052023702301084995,0.47240811586380005,0.7559875249862671,-0.009638279676437378,0.45120769739151,0.7419830560684204,-0.010405657812952995,0.43596309423446655,0.7292282581329346,-0.009735147468745708,0.0,0.0,0.0,0.0,0.0,0.0,0.0,0.0,0.0,0.0,0.0,0.0,0.0,0.0,0.0,0.0,0.0,0.0,0.0,0.0,0.0,0.0,0.0,0.0,0.0,0.0,0.0,0.0,0.0,0.0,0.0,0.0,0.0,0.0,0.0,0.0,0.0,0.0,0.0,0.0,0.0,0.0,0.0,0.0,0.0,0.0,0.0,0.0,0.0,0.0,0.0,0.0,0.0,0.0,0.0,0.0,0.0,0.0,0.0,0.0,0.0,0.0,0.0,0.7779871821403503,0.8299437761306763,-0.46308478713035583,0.2638900578022003,0.8954179883003235,-0.07633785158395767,0.6004291772842407,0.7741933465003967,-1.2149059772491455,0.23160001635551453,1.1726101636886597,-0.501397967338562,Welcome
0.5915810465812683,0.7757765650749207,4.008905989394407e-07,0.5812413096427917,0.7329893708229065,-0.02628413960337639,0.5569061040878296,0.7063562273979187,-0.03910030052065849,0.5341468453407288,0.6841732859611511,-0.04640932008624077,0.5208659768104553,0.6615939736366272,-0.052160218358039856,0.5082561373710632,0.7567177414894104,-0.03321012109518051,0.4605570435523987,0.7371037006378174,-0.04436551779508591,0.43044424057006836,0.7261080741882324,-0.05168173089623451,0.40725043416023254,0.7191889882087708,-0.05561511591076851,0.5044826865196228,0.7737736701965332,-0.022498922422528267,0.4597931504249573,0.7493709325790405,-0.033887747675180435,0.4311997890472412,0.7304670810699463,-0.03965885937213898,0.4094315767288208,0.7154004573822021,-0.04223856329917908,0.5028636455535889,0.7787677645683289,-0.012590850703418255,0.4638630449771881,0.7550533413887024,-0.020711595192551613,0.438616544008255,0.7368584275245667,-0.023584440350532532,0.4198592007160187,0.7216923832893372,-0.024159833788871765,0.5034645199775696,0.7761398553848267,-0.004850409459322691,0.47221124172210693,0.7558714747428894,-0.009046354331076145,0.4512447118759155,0.7416368722915649,-0.009577331133186817,0.43619686365127563,0.7287383675575256,-0.008764436468482018,0.0,0.0,0.0,0.0,0.0,0.0,0.0,0.0,0.0,0.0,0.0,0.0,0.0,0.0,0.0,0.0,0.0,0.0,0.0,0.0,0.0,0.0,0.0,0.0,0.0,0.0,0.0,0.0,0.0,0.0,0.0,0.0,0.0,0.0,0.0,0.0,0.0,0.0,0.0,0.0,0.0,0.0,0.0,0.0,0.0,0.0,0.0,0.0,0.0,0.0,0.0,0.0,0.0,0.0,0.0,0.0,0.0,0.0,0.0,0.0,0.0,0.0,0.0,0.7780090570449829,0.8300336003303528,-0.4630362391471863,0.2635747194290161,0.8953333497047424,-0.07562267780303955,0.5999650359153748,0.7741254568099976,-1.2060348987579346,0.2287939041852951,1.1725597381591797,-0.49720391631126404,Welcome
0.5914759635925293,0.7765030860900879,3.945166042740311e-07,0.5812482833862305,0.7339999675750732,-0.025814035907387733,0.5568007826805115,0.7074118256568909,-0.03823596239089966,0.5340797305107117,0.6851138472557068,-0.04529377818107605,0.5209239721298218,0.6621339321136475,-0.05082985386252403,0.5078591704368591,0.7564964890480042,-0.03193211555480957,0.46044689416885376,0.7372785210609436,-0.04287198558449745,0.430422842502594,0.7263153791427612,-0.05022640898823738,0.4073028564453125,0.7193806767463684,-0.05424319952726364,0.5039784908294678,0.7734137177467346,-0.021461056545376778,0.4593272805213928,0.7495108842849731,-0.03262113407254219,0.4305300712585449,0.7309468388557434,-0.03855225816369057,0.4084445536136627,0.716079831123352,-0.04129200056195259,0.5023958086967468,0.778482973575592,-0.011813010089099407,0.4633556306362152,0.7554614543914795,-0.01976253092288971,0.43765372037887573,0.7376269102096558,-0.022894907742738724,0.418425589799881,0.7226325869560242,-0.023688267916440964,0.5031993389129639,0.7760484218597412,-0.004308398347347975,0.471820205450058,0.756263256072998,-0.008424470201134682,0.45059284567832947,0.7422947287559509,-0.00908255111426115,0.4352807402610779,0.729465126991272,-0.00839436799287796,0.0,0.0,0.0,0.0,0.0,0.0,0.0,0.0,0.0,0.0,0.0,0.0,0.0,0.0,0.0,0.0,0.0,0.0,0.0,0.0,0.0,0.0,0.0,0.0,0.0,0.0,0.0,0.0,0.0,0.0,0.0,0.0,0.0,0.0,0.0,0.0,0.0,0.0,0.0,0.0,0.0,0.0,0.0,0.0,0.0,0.0,0.0,0.0,0.0,0.0,0.0,0.0,0.0,0.0,0.0,0.0,0.0,0.0,0.0,0.0,0.0,0.0,0.0,0.7781683802604675,0.8300721049308777,-0.4691220223903656,0.2631201148033142,0.8948367238044739,-0.06172029301524162,0.5986247658729553,0.7735646367073059,-1.2098783254623413,0.2274748533964157,1.1721007823944092,-0.45599961280822754,Welcome
0.5915313363075256,0.7773468494415283,3.943009971862921e-07,0.5813971161842346,0.7348397970199585,-0.026232879608869553,0.5568268299102783,0.7079598307609558,-0.03871938958764076,0.5337185859680176,0.6857292056083679,-0.0458366833627224,0.520456850528717,0.6621872186660767,-0.05136113613843918,0.5079386830329895,0.7567430734634399,-0.031653888523578644,0.46069103479385376,0.7381219863891602,-0.0427689291536808,0.4305698275566101,0.726966381072998,-0.05025887489318848,0.4074828624725342,0.7197445034980774,-0.054344408214092255,0.5041041374206543,0.7738305330276489,-0.021022554486989975,0.45939216017723083,0.7503348588943481,-0.03246038779616356,0.4305717349052429,0.7315756678581238,-0.038540564477443695,0.4084780216217041,0.7163301706314087,-0.041322872042655945,0.5025179982185364,0.7790398001670837,-0.011330495588481426,0.4634508490562439,0.7561582922935486,-0.019660556688904762,0.4373832643032074,0.7383925914764404,-0.02302277460694313,0.4178239405155182,0.723206102848053,-0.023864170536398888,0.5031668543815613,0.7767667770385742,-0.0038218304980546236,0.47167497873306274,0.7569383382797241,-0.008278792724013329,0.4502515494823456,0.7429915070533752,-0.009200857020914555,0.43462809920310974,0.730026364326477,-0.008637920022010803,0.0,0.0,0.0,0.0,0.0,0.0,0.0,0.0,0.0,0.0,0.0,0.0,0.0,0.0,0.0,0.0,0.0,0.0,0.0,0.0,0.0,0.0,0.0,0.0,0.0,0.0,0.0,0.0,0.0,0.0,0.0,0.0,0.0,0.0,0.0,0.0,0.0,0.0,0.0,0.0,0.0,0.0,0.0,0.0,0.0,0.0,0.0,0.0,0.0,0.0,0.0,0.0,0.0,0.0,0.0,0.0,0.0,0.0,0.0,0.0,0.0,0.0,0.0,0.7784883379936218,0.8300943374633789,-0.4682029187679291,0.2624857425689697,0.8944399356842041,-0.05267564207315445,0.597225546836853,0.7732123136520386,-1.1960314512252808,0.22654584050178528,1.1717979907989502,-0.4407700002193451,Welcome
0.5918434262275696,0.7775995135307312,3.95629086824556e-07,0.5819398164749146,0.7351892590522766,-0.026715943589806557,0.5572264194488525,0.7082007527351379,-0.039308588951826096,0.5338141322135925,0.6857092380523682,-0.04641353338956833,0.5203207731246948,0.6618507504463196,-0.05192195624113083,0.5081479549407959,0.7566531896591187,-0.031873054802417755,0.46096867322921753,0.7380062937736511,-0.042912136763334274,0.43074727058410645,0.7269037961959839,-0.05042398348450661,0.4075664281845093,0.7197771668434143,-0.05455048009753227,0.5042678117752075,0.7736952900886536,-0.020892156288027763,0.45961660146713257,0.7502585053443909,-0.032213516533374786,0.4307325482368469,0.731533944606781,-0.038309965282678604,0.40862685441970825,0.7163744568824768,-0.041120968759059906,0.5027531385421753,0.7789620757102966,-0.010876413434743881,0.46378588676452637,0.7563103437423706,-0.01905728504061699,0.43772053718566895,0.7385889291763306,-0.02242250367999077,0.4181782305240631,0.7234557867050171,-0.023292845115065575,0.5035343766212463,0.7768850326538086,-0.0030845978762954473,0.47209087014198303,0.7571104764938354,-0.007438611704856157,0.450712651014328,0.743200957775116,-0.008366056717932224,0.4352013170719147,0.7302975058555603,-0.00782313384115696,0.0,0.0,0.0,0.0,0.0,0.0,0.0,0.0,0.0,0.0,0.0,0.0,0.0,0.0,0.0,0.0,0.0,0.0,0.0,0.0,0.0,0.0,0.0,0.0,0.0,0.0,0.0,0.0,0.0,0.0,0.0,0.0,0.0,0.0,0.0,0.0,0.0,0.0,0.0,0.0,0.0,0.0,0.0,0.0,0.0,0.0,0.0,0.0,0.0,0.0,0.0,0.0,0.0,0.0,0.0,0.0,0.0,0.0,0.0,0.0,0.0,0.0,0.0,0.7787152528762817,0.8301282525062561,-0.4670281410217285,0.2618694007396698,0.8940627574920654,-0.04707445576786995,0.5960288643836975,0.7728096842765808,-1.195048213005066,0.22611801326274872,1.1713815927505493,-0.4322863519191742,Welcome
0.5920568704605103,0.7775040864944458,3.960563788041327e-07,0.5815263986587524,0.7354783415794373,-0.02690633200109005,0.556752622127533,0.7087374329566956,-0.039579838514328,0.5336039066314697,0.6860743165016174,-0.04683692008256912,0.5201812982559204,0.6623044013977051,-0.05250335484743118,0.508709192276001,0.7572237849235535,-0.031879592686891556,0.4612613618373871,0.7388882040977478,-0.04335588216781616,0.4307829737663269,0.7273433804512024,-0.05117737129330635,0.4074854254722595,0.7196236848831177,-0.055450186133384705,0.505272626876831,0.7737605571746826,-0.020929358899593353,0.4600124955177307,0.7513816952705383,-0.03295561671257019,0.4307159185409546,0.7326434254646301,-0.03957926109433174,0.4083041846752167,0.7172136902809143,-0.04267481714487076,0.5039365887641907,0.7784368395805359,-0.011003214865922928,0.46421176195144653,0.7571257948875427,-0.019909333437681198,0.4375033974647522,0.7395908832550049,-0.02384781464934349,0.4176100492477417,0.7243597507476807,-0.024954339489340782,0.5045799612998962,0.7758760452270508,-0.0032922851387411356,0.47236478328704834,0.7574069499969482,-0.008175856433808804,0.4502350687980652,0.7440482378005981,-0.0095988679677248,0.4340474605560303,0.7313610911369324,-0.009375748224556446,0.0,0.0,0.0,0.0,0.0,0.0,0.0,0.0,0.0,0.0,0.0,0.0,0.0,0.0,0.0,0.0,0.0,0.0,0.0,0.0,0.0,0.0,0.0,0.0,0.0,0.0,0.0,0.0,0.0,0.0,0.0,0.0,0.0,0.0,0.0,0.0,0.0,0.0,0.0,0.0,0.0,0.0,0.0,0.0,0.0,0.0,0.0,0.0,0.0,0.0,0.0,0.0,0.0,0.0,0.0,0.0,0.0,0.0,0.0,0.0,0.0,0.0,0.0,0.7787684202194214,0.8302767276763916,-0.4708419442176819,0.2612013518810272,0.8939138054847717,-0.04841826111078262,0.5949315428733826,0.7725822925567627,-1.2016100883483887,0.2258584052324295,1.1713019609451294,-0.4381354749202728,Welcome
0.5917192101478577,0.7774158120155334,3.9698460341242026e-07,0.5813382863998413,0.7353544235229492,-0.02684883400797844,0.556721031665802,0.7085950374603271,-0.03953278809785843,0.5336723923683167,0.6861234903335571,-0.04678880795836449,0.5202440023422241,0.6624014377593994,-0.05245880410075188,0.5086244344711304,0.7570732831954956,-0.03204622492194176,0.461301326751709,0.7387452721595764,-0.04352756217122078,0.4309155344963074,0.7272922992706299,-0.05132387951016426,0.4076522886753082,0.7196110486984253,-0.05557596683502197,0.5050187110900879,0.773712694644928,-0.02113264426589012,0.4598018229007721,0.7512534260749817,-0.03308440372347832,0.4305184483528137,0.7325557470321655,-0.03962158039212227,0.40809836983680725,0.7171904444694519,-0.042670272290706635,0.503616213798523,0.7784587740898132,-0.01122226845473051,0.4639732837677002,0.7570137977600098,-0.02004827745258808,0.43742334842681885,0.7394983768463135,-0.023907223716378212,0.41763532161712646,0.7243183255195618,-0.024975484237074852,0.5042515397071838,0.7759227156639099,-0.0035234957467764616,0.47213467955589294,0.7573691606521606,-0.00835741963237524,0.45012903213500977,0.7439429759979248,-0.009720457717776299,0.43400895595550537,0.7311850786209106,-0.009453561156988144,0.0,0.0,0.0,0.0,0.0,0.0,0.0,0.0,0.0,0.0,0.0,0.0,0.0,0.0,0.0,0.0,0.0,0.0,0.0,0.0,0.0,0.0,0.0,0.0,0.0,0.0,0.0,0.0,0.0,0.0,0.0,0.0,0.0,0.0,0.0,0.0,0.0,0.0,0.0,0.0,0.0,0.0,0.0,0.0,0.0,0.0,0.0,0.0,0.0,0.0,0.0,0.0,0.0,0.0,0.0,0.0,0.0,0.0,0.0,0.0,0.0,0.0,0.0,0.7787940502166748,0.8303563594818115,-0.47332748770713806,0.26059192419052124,0.8937893509864807,-0.04878248646855354,0.5939570069313049,0.7723444700241089,-1.2078871726989746,0.22571961581707,1.171149730682373,-0.4406391978263855,Welcome
0.5914305448532104,0.7778497338294983,4.048962409797241e-07,0.5813880562782288,0.7354303598403931,-0.027093246579170227,0.5570213198661804,0.7087283730506897,-0.0401114895939827,0.5339431166648865,0.6862664818763733,-0.04758060351014137,0.5203927159309387,0.6626713871955872,-0.05344095826148987,0.508983850479126,0.7575899958610535,-0.0334135964512825,0.4606897830963135,0.7390783429145813,-0.045086704194545746,0.4300142228603363,0.7275508642196655,-0.052661944180727005,0.40662136673927307,0.7197237014770508,-0.05661945044994354,0.505365788936615,0.7746210694313049,-0.022235307842493057,0.4595167934894562,0.7515571117401123,-0.03434453532099724,0.430143266916275,0.7324974536895752,-0.04050132632255554,0.407880574464798,0.7168554663658142,-0.043152764439582825,0.5038369297981262,0.7793641090393066,-0.01199420541524887,0.4639003574848175,0.7575172781944275,-0.020841537043452263,0.43742626905441284,0.7397675514221191,-0.02435644157230854,0.41784006357192993,0.7243296504020691,-0.02510581538081169,0.5042252540588379,0.7766597270965576,-0.003954988904297352,0.4719257354736328,0.7580901384353638,-0.00865174736827612,0.4499826431274414,0.7444908618927002,-0.00974113866686821,0.43405842781066895,0.7315325736999512,-0.009223061613738537,0.0,0.0,0.0,0.0,0.0,0.0,0.0,0.0,0.0,0.0,0.0,0.0,0.0,0.0,0.0,0.0,0.0,0.0,0.0,0.0,0.0,0.0,0.0,0.0,0.0,0.0,0.0,0.0,0.0,0.0,0.0,0.0,0.0,0.0,0.0,0.0,0.0,0.0,0.0,0.0,0.0,0.0,0.0,0.0,0.0,0.0,0.0,0.0,0.0,0.0,0.0,0.0,0.0,0.0,0.0,0.0,0.0,0.0,0.0,0.0,0.0,0.0,0.0,0.7788184881210327,0.8304833173751831,-0.4770885407924652,0.2601107954978943,0.893479585647583,-0.04452827572822571,0.592551052570343,0.7721375226974487,-1.2130944728851318,0.22533389925956726,1.1711573600769043,-0.4260532855987549,Welcome
0.5914552807807922,0.778289258480072,4.04730485570326e-07,0.5816159844398499,0.7359520196914673,-0.02720281109213829,0.5572863817214966,0.7089771628379822,-0.04025359824299812,0.5340009331703186,0.6861999034881592,-0.04775824025273323,0.5201427936553955,0.6623305678367615,-0.05364970862865448,0.5089000463485718,0.7577846646308899,-0.032999735325574875,0.46076393127441406,0.7391822934150696,-0.044538334012031555,0.43016958236694336,0.7276654839515686,-0.05211906135082245,0.40682390332221985,0.7198907732963562,-0.0561271607875824,0.5052271485328674,0.7747105360031128,-0.021777411922812462,0.45968982577323914,0.751537561416626,-0.03369348496198654,0.4303857386112213,0.7324289679527283,-0.039848096668720245,0.4081810414791107,0.7167603969573975,-0.04255473613739014,0.5037533044815063,0.779530942440033,-0.011538947001099586,0.4640691876411438,0.7574145793914795,-0.0202263742685318,0.4377436637878418,0.739665150642395,-0.023654978722333908,0.4182080328464508,0.7243078947067261,-0.024402247741818428,0.5042911171913147,0.7770251631736755,-0.003531527938321233,0.4721888303756714,0.7581669092178345,-0.008164359256625175,0.450393408536911,0.7444623112678528,-0.009198455139994621,0.43462416529655457,0.7314948439598083,-0.008661008439958096,0.0,0.0,0.0,0.0,0.0,0.0,0.0,0.0,0.0,0.0,0.0,0.0,0.0,0.0,0.0,0.0,0.0,0.0,0.0,0.0,0.0,0.0,0.0,0.0,0.0,0.0,0.0,0.0,0.0,0.0,0.0,0.0,0.0,0.0,0.0,0.0,0.0,0.0,0.0,0.0,0.0,0.0,0.0,0.0,0.0,0.0,0.0,0.0,0.0,0.0,0.0,0.0,0.0,0.0,0.0,0.0,0.0,0.0,0.0,0.0,0.0,0.0,0.0,0.778845489025116,0.8305650353431702,-0.477879136800766,0.259744256734848,0.8932043313980103,-0.03896660357713699,0.5916067361831665,0.7719818949699402,-1.213760256767273,0.22499962151050568,1.1711519956588745,-0.4113427698612213,Welcome
0.5915226340293884,0.7784003615379333,4.0542948909205734e-07,0.5816640257835388,0.7359015345573425,-0.027062073349952698,0.5571794509887695,0.7088331580162048,-0.03992415592074394,0.5339133739471436,0.6861911416053772,-0.04721624776721001,0.5203181505203247,0.6625873446464539,-0.052882127463817596,0.5086401700973511,0.7574338316917419,-0.03269226476550102,0.46048596501350403,0.7385876774787903,-0.044025637209415436,0.42992568016052246,0.7272195816040039,-0.051541004329919815,0.40645843744277954,0.7196266651153564,-0.05553223565220833,0.5048946738243103,0.7746995687484741,-0.021502330899238586,0.4593763053417206,0.7510420680046082,-0.03317739814519882,0.430063933134079,0.731924295425415,-0.039278414100408554,0.4076913595199585,0.7163997292518616,-0.041978687047958374,0.50341796875,0.7798125743865967,-0.011271889321506023,0.4636726975440979,0.7571024298667908,-0.019750846549868584,0.43767082691192627,0.7390084266662598,-0.023070737719535828,0.4183836579322815,0.7235470414161682,-0.023777080699801445,0.5038942098617554,0.7774650454521179,-0.003278259886428714,0.47180038690567017,0.7580868005752563,-0.007793701719492674,0.45030972361564636,0.7439777851104736,-0.008708477951586246,0.4347155690193176,0.7307868003845215,-0.008087068796157837,0.0,0.0,0.0,0.0,0.0,0.0,0.0,0.0,0.0,0.0,0.0,0.0,0.0,0.0,0.0,0.0,0.0,0.0,0.0,0.0,0.0,0.0,0.0,0.0,0.0,0.0,0.0,0.0,0.0,0.0,0.0,0.0,0.0,0.0,0.0,0.0,0.0,0.0,0.0,0.0,0.0,0.0,0.0,0.0,0.0,0.0,0.0,0.0,0.0,0.0,0.0,0.0,0.0,0.0,0.0,0.0,0.0,0.0,0.0,0.0,0.0,0.0,0.0,0.7788606882095337,0.8306081891059875,-0.4774218201637268,0.25923967361450195,0.8931692242622375,-0.03913501650094986,0.5913416147232056,0.7718568444252014,-1.212808609008789,0.22496597468852997,1.1714212894439697,-0.4169088304042816,Welcome
0.5916500687599182,0.778095543384552,4.0278879964716907e-07,0.5815604329109192,0.7355931401252747,-0.02726239524781704,0.5569684505462646,0.7084993720054626,-0.0401746891438961,0.5336272120475769,0.6860775351524353,-0.047463078051805496,0.5200375914573669,0.662594199180603,-0.05314967781305313,0.5090067386627197,0.7574903964996338,-0.03329197317361832,0.46111392974853516,0.7387144565582275,-0.045030321925878525,0.43037253618240356,0.7273876667022705,-0.0528363473713398,0.40677154064178467,0.7198737263679504,-0.05700688064098358,0.5051587224006653,0.7747471332550049,-0.02203979529440403,0.4595819115638733,0.7512399554252625,-0.034178346395492554,0.42999792098999023,0.732203483581543,-0.040524713695049286,0.4073668122291565,0.7168594598770142,-0.04335850477218628,0.5036651492118835,0.7799175381660461,-0.011753967963159084,0.4639110863208771,0.7575204372406006,-0.02074788324534893,0.43763720989227295,0.7392371296882629,-0.02447831816971302,0.4180900454521179,0.7236866354942322,-0.02538769133388996,0.5042405724525452,0.7777079343795776,-0.0036847637966275215,0.472250372171402,0.758270263671875,-0.008637509308755398,0.45059895515441895,0.7441548705101013,-0.009927158243954182,0.43480923771858215,0.7309321165084839,-0.0095508499071002,0.0,0.0,0.0,0.0,0.0,0.0,0.0,0.0,0.0,0.0,0.0,0.0,0.0,0.0,0.0,0.0,0.0,0.0,0.0,0.0,0.0,0.0,0.0,0.0,0.0,0.0,0.0,0.0,0.0,0.0,0.0,0.0,0.0,0.0,0.0,0.0,0.0,0.0,0.0,0.0,0.0,0.0,0.0,0.0,0.0,0.0,0.0,0.0,0.0,0.0,0.0,0.0,0.0,0.0,0.0,0.0,0.0,0.0,0.0,0.0,0.0,0.0,0.0,0.7788790464401245,0.8307408690452576,-0.4777463972568512,0.2584242522716522,0.8930814266204834,-0.05309656262397766,0.5907255411148071,0.7716488242149353,-1.2068822383880615,0.22460131347179413,1.1714198589324951,-0.4474358558654785,Welcome
0.591210126876831,0.7783498167991638,4.026200883799902e-07,0.5812633633613586,0.7358344197273254,-0.026820631697773933,0.5567786693572998,0.7088709473609924,-0.03967771306633949,0.5336770415306091,0.6865337491035461,-0.046999491751194,0.5202212333679199,0.6631646752357483,-0.05273308977484703,0.5082333087921143,0.7575908899307251,-0.03305452689528465,0.46049731969833374,0.7389947175979614,-0.04461357742547989,0.42998993396759033,0.7277286648750305,-0.05228870362043381,0.4065268933773041,0.7202107906341553,-0.056410714983940125,0.504345178604126,0.7747735381126404,-0.022113477811217308,0.45903104543685913,0.7511254549026489,-0.034074388444423676,0.4297061562538147,0.7320562601089478,-0.04032862186431885,0.40727782249450684,0.716647207736969,-0.04312671348452568,0.5027697682380676,0.7798528671264648,-0.01207844540476799,0.4632309079170227,0.7572090029716492,-0.02079503796994686,0.43712595105171204,0.7391248345375061,-0.024262696504592896,0.41762575507164,0.7236434817314148,-0.025067076086997986,0.5032896399497986,0.7775168418884277,-0.004243046045303345,0.47133055329322815,0.7580675482749939,-0.00891463365405798,0.4497465491294861,0.7440290451049805,-0.009912734851241112,0.4340195655822754,0.7307944893836975,-0.00935238879173994,0.0,0.0,0.0,0.0,0.0,0.0,0.0,0.0,0.0,0.0,0.0,0.0,0.0,0.0,0.0,0.0,0.0,0.0,0.0,0.0,0.0,0.0,0.0,0.0,0.0,0.0,0.0,0.0,0.0,0.0,0.0,0.0,0.0,0.0,0.0,0.0,0.0,0.0,0.0,0.0,0.0,0.0,0.0,0.0,0.0,0.0,0.0,0.0,0.0,0.0,0.0,0.0,0.0,0.0,0.0,0.0,0.0,0.0,0.0,0.0,0.0,0.0,0.0,0.7788861989974976,0.8308467268943787,-0.47767186164855957,0.2572861909866333,0.8929058909416199,-0.05975951626896858,0.5896636247634888,0.7714558839797974,-1.1901713609695435,0.22454425692558289,1.1717725992202759,-0.45664429664611816,Welcome
0.5914751887321472,0.7780481576919556,4.0516309240956616e-07,0.5815083384513855,0.7357718348503113,-0.027037300169467926,0.5569924116134644,0.7089580297470093,-0.03999727964401245,0.5339081883430481,0.6864119172096252,-0.04736730083823204,0.5204085111618042,0.6630120277404785,-0.05315936356782913,0.5084628462791443,0.7578255534172058,-0.03324214369058609,0.4602617025375366,0.7392241358757019,-0.04475291445851326,0.4296458959579468,0.7279092073440552,-0.05234682187438011,0.40614426136016846,0.7203185558319092,-0.05637059360742569,0.5047379732131958,0.7749460339546204,-0.022041793912649155,0.4590165317058563,0.7515265345573425,-0.03390517458319664,0.4297198951244354,0.7323424220085144,-0.04011803865432739,0.4075011909008026,0.7167044878005981,-0.04287637770175934,0.5032311677932739,0.7799939513206482,-0.011758594773709774,0.46334028244018555,0.7579023241996765,-0.020403554663062096,0.43711626529693604,0.7398306131362915,-0.023995380848646164,0.4176994860172272,0.7242713570594788,-0.02488451637327671,0.5037006735801697,0.7775945067405701,-0.003667013719677925,0.4715666174888611,0.758667528629303,-0.008217668160796165,0.4499555826187134,0.7448174953460693,-0.009274263866245747,0.43426814675331116,0.731779932975769,-0.008791660889983177,0.0,0.0,0.0,0.0,0.0,0.0,0.0,0.0,0.0,0.0,0.0,0.0,0.0,0.0,0.0,0.0,0.0,0.0,0.0,0.0,0.0,0.0,0.0,0.0,0.0,0.0,0.0,0.0,0.0,0.0,0.0,0.0,0.0,0.0,0.0,0.0,0.0,0.0,0.0,0.0,0.0,0.0,0.0,0.0,0.0,0.0,0.0,0.0,0.0,0.0,0.0,0.0,0.0,0.0,0.0,0.0,0.0,0.0,0.0,0.0,0.0,0.0,0.0,0.7788711190223694,0.8308801054954529,-0.47970670461654663,0.2565993666648865,0.8927878737449646,-0.059636734426021576,0.5889221429824829,0.771108090877533,-1.1938750743865967,0.2245754450559616,1.171655297279358,-0.45635342597961426,Welcome
0.5913577079772949,0.7782295942306519,4.0529357647756115e-07,0.5813726186752319,0.7359853982925415,-0.02695058286190033,0.5569193959236145,0.7091692090034485,-0.039950545877218246,0.533883810043335,0.6865844130516052,-0.04735862836241722,0.5203286409378052,0.663047730922699,-0.05320952832698822,0.5083696246147156,0.7578563094139099,-0.03339718282222748,0.4602181911468506,0.7389158010482788,-0.04486985132098198,0.42967092990875244,0.7277089953422546,-0.0524313747882843,0.4061955511569977,0.7203199863433838,-0.05645700544118881,0.5045235753059387,0.7749735116958618,-0.022288288921117783,0.4588221609592438,0.7511011958122253,-0.034091364592313766,0.4294224977493286,0.7319477796554565,-0.04024745151400566,0.4071170389652252,0.7164799571037292,-0.0430046021938324,0.5029473304748535,0.7800278067588806,-0.012070124968886375,0.4630947709083557,0.757197916507721,-0.02059106156229973,0.4369831085205078,0.7389672994613647,-0.02407657727599144,0.4176347255706787,0.7234518527984619,-0.024958305060863495,0.5034480690956116,0.7776629328727722,-0.004047311842441559,0.4714764356613159,0.7580710649490356,-0.008540921844542027,0.45002439618110657,0.7439612150192261,-0.009540029801428318,0.4344940781593323,0.7308351397514343,-0.009038977324962616,0.0,0.0,0.0,0.0,0.0,0.0,0.0,0.0,0.0,0.0,0.0,0.0,0.0,0.0,0.0,0.0,0.0,0.0,0.0,0.0,0.0,0.0,0.0,0.0,0.0,0.0,0.0,0.0,0.0,0.0,0.0,0.0,0.0,0.0,0.0,0.0,0.0,0.0,0.0,0.0,0.0,0.0,0.0,0.0,0.0,0.0,0.0,0.0,0.0,0.0,0.0,0.0,0.0,0.0,0.0,0.0,0.0,0.0,0.0,0.0,0.0,0.0,0.0,0.7788556218147278,0.830906093120575,-0.48166054487228394,0.2560470998287201,0.8927291631698608,-0.05954275280237198,0.5883663296699524,0.7708044648170471,-1.1962542533874512,0.22460344433784485,1.1716599464416504,-0.45607495307922363,Welcome
0.5911115407943726,0.7778759598731995,4.0456976080349705e-07,0.5811290740966797,0.7358875274658203,-0.027182292193174362,0.5568700432777405,0.7091683745384216,-0.04029567167162895,0.5340625047683716,0.6868108510971069,-0.047790247946977615,0.5205508470535278,0.6632561683654785,-0.0537276566028595,0.5075391530990601,0.7575729489326477,-0.03334413096308708,0.4598987400531769,0.7389711737632751,-0.04486674442887306,0.4295952320098877,0.7278615236282349,-0.05255979299545288,0.4062597155570984,0.7205100059509277,-0.05670900270342827,0.5037848949432373,0.7745203971862793,-0.022149503231048584,0.45838358998298645,0.750848114490509,-0.034074217081069946,0.42909491062164307,0.7318857312202454,-0.04044528305530548,0.4068470001220703,0.7165341377258301,-0.043364524841308594,0.5023502111434937,0.7795456051826477,-0.01188032329082489,0.46268224716186523,0.7568411827087402,-0.02053859271109104,0.43639570474624634,0.7389416098594666,-0.024237725883722305,0.4168056547641754,0.7236071825027466,-0.02525993436574936,0.5029813647270203,0.7772307395935059,-0.003817064454779029,0.47109562158584595,0.7576863765716553,-0.008406608365476131,0.44951754808425903,0.7438214421272278,-0.009569027461111546,0.4337323009967804,0.7308505177497864,-0.009197033941745758,0.0,0.0,0.0,0.0,0.0,0.0,0.0,0.0,0.0,0.0,0.0,0.0,0.0,0.0,0.0,0.0,0.0,0.0,0.0,0.0,0.0,0.0,0.0,0.0,0.0,0.0,0.0,0.0,0.0,0.0,0.0,0.0,0.0,0.0,0.0,0.0,0.0,0.0,0.0,0.0,0.0,0.0,0.0,0.0,0.0,0.0,0.0,0.0,0.0,0.0,0.0,0.0,0.0,0.0,0.0,0.0,0.0,0.0,0.0,0.0,0.0,0.0,0.0,0.7788496613502502,0.8309929370880127,-0.481868177652359,0.2556283175945282,0.8926013708114624,-0.06032200902700424,0.5882207155227661,0.7707709074020386,-1.1976491212844849,0.22462835907936096,1.1714791059494019,-0.45861977338790894,Welcome
0.5911467671394348,0.7775763273239136,4.034494338611694e-07,0.5810500979423523,0.7356699109077454,-0.02691500075161457,0.5568810105323792,0.7091288566589355,-0.0400506928563118,0.5343219637870789,0.6869672536849976,-0.04765661805868149,0.5211101770401001,0.6636860370635986,-0.053731925785541534,0.5072649717330933,0.757694661617279,-0.0332978293299675,0.45969870686531067,0.738993227481842,-0.045075882226228714,0.4294222891330719,0.7276739478111267,-0.052981093525886536,0.406096875667572,0.7201502323150635,-0.05726143717765808,0.5036646127700806,0.7746940851211548,-0.02235357090830803,0.45841944217681885,0.7508933544158936,-0.03451315313577652,0.42930087447166443,0.7318533062934875,-0.04101395234465599,0.40710383653640747,0.716416597366333,-0.04402165859937668,0.5022569298744202,0.7797385454177856,-0.012324693612754345,0.462723046541214,0.7568469643592834,-0.021179338917136192,0.436527281999588,0.7387991547584534,-0.024842115119099617,0.41702020168304443,0.7233328223228455,-0.0258184801787138,0.5029290914535522,0.7773916721343994,-0.004487750586122274,0.47110405564308167,0.7576370239257812,-0.009188896976411343,0.4495494067668915,0.743697464466095,-0.010292059741914272,0.4337772727012634,0.7307041883468628,-0.009863637387752533,0.0,0.0,0.0,0.0,0.0,0.0,0.0,0.0,0.0,0.0,0.0,0.0,0.0,0.0,0.0,0.0,0.0,0.0,0.0,0.0,0.0,0.0,0.0,0.0,0.0,0.0,0.0,0.0,0.0,0.0,0.0,0.0,0.0,0.0,0.0,0.0,0.0,0.0,0.0,0.0,0.0,0.0,0.0,0.0,0.0,0.0,0.0,0.0,0.0,0.0,0.0,0.0,0.0,0.0,0.0,0.0,0.0,0.0,0.0,0.0,0.0,0.0,0.0,0.7788727283477783,0.8310332894325256,-0.47848525643348694,0.2555377781391144,0.8925961256027222,-0.05725140497088432,0.5880724191665649,0.7707322835922241,-1.184428334236145,0.22477960586547852,1.1724803447723389,-0.4304383397102356,Welcome
0.8272778987884521,0.40338844060897827,1.3415822763818142e-07,0.776600182056427,0.42308908700942993,-0.00286741741001606,0.7350646257400513,0.4033568501472473,-0.00014005917182657868,0.709248423576355,0.36833456158638,0.00022104276285972446,0.6872948408126831,0.34611496329307556,0.00108003756031394,0.713318407535553,0.3372877538204193,0.02109619788825512,0.6765471696853638,0.3048815131187439,0.016321426257491112,0.6545916199684143,0.2837752103805542,0.006434976123273373,0.6351842880249023,0.2637772560119629,-0.001666044583544135,0.7232897877693176,0.3109775185585022,0.014456777833402157,0.6795991659164429,0.2734479308128357,0.011570491828024387,0.6516963839530945,0.24961397051811218,0.0010582684772089124,0.626663327217102,0.22861173748970032,-0.007560856640338898,0.7387052178382874,0.2930063009262085,0.004744299221783876,0.698400616645813,0.2556390166282654,0.000579029438085854,0.6728304624557495,0.23320655524730682,-0.006590657867491245,0.6515135169029236,0.21475720405578613,-0.012660257518291473,0.7619273066520691,0.27712005376815796,-0.00646642642095685,0.7313473224639893,0.24740347266197205,-0.00924100261181593,0.7110416293144226,0.23080188035964966,-0.010488210245966911,0.6921237111091614,0.2171960473060608,-0.012283110991120338,0.0,0.0,0.0,0.0,0.0,0.0,0.0,0.0,0.0,0.0,0.0,0.0,0.0,0.0,0.0,0.0,0.0,0.0,0.0,0.0,0.0,0.0,0.0,0.0,0.0,0.0,0.0,0.0,0.0,0.0,0.0,0.0,0.0,0.0,0.0,0.0,0.0,0.0,0.0,0.0,0.0,0.0,0.0,0.0,0.0,0.0,0.0,0.0,0.0,0.0,0.0,0.0,0.0,0.0,0.0,0.0,0.0,0.0,0.0,0.0,0.0,0.0,0.0,1.0766844749450684,0.7131116390228271,-0.8090661764144897,0.3468247056007385,1.0288225412368774,-0.03436633199453354,0.8242118954658508,0.399354487657547,-1.3501040935516357,0.32244062423706055,1.455511212348938,-0.34063413739204407,Hello
0.8272935152053833,0.4040045738220215,1.3377275820403156e-07,0.775928795337677,0.4234730005264282,-0.002549055963754654,0.7345315217971802,0.4032749533653259,0.00033173762494698167,0.7084922790527344,0.368388831615448,0.000756623747292906,0.6865608096122742,0.34555116295814514,0.001714401412755251,0.7135204076766968,0.3370702266693115,0.022291764616966248,0.6764218211174011,0.30462411046028137,0.017751319333910942,0.6544049978256226,0.2834782004356384,0.0078032310120761395,0.6348234415054321,0.2633233964443207,-0.0004014926962554455,0.723557710647583,0.31073322892189026,0.015523894689977169,0.6796077489852905,0.273481547832489,0.012906916439533234,0.6516562700271606,0.2496379166841507,0.0023007229901850224,0.6264503002166748,0.22879929840564728,-0.006446512416005135,0.7389652132987976,0.2928105294704437,0.005643258336931467,0.6982953548431396,0.2558102309703827,0.0017294283024966717,0.6726446747779846,0.23342177271842957,-0.005255535710602999,0.6512705683708191,0.21492978930473328,-0.011259710416197777,0.762316107749939,0.2766166627407074,-0.00574098527431488,0.7313398122787476,0.24733319878578186,-0.008288619108498096,0.7110150456428528,0.23088723421096802,-0.009313993155956268,0.6920475959777832,0.2173067033290863,-0.010978451929986477,0.0,0.0,0.0,0.0,0.0,0.0,0.0,0.0,0.0,0.0,0.0,0.0,0.0,0.0,0.0,0.0,0.0,0.0,0.0,0.0,0.0,0.0,0.0,0.0,0.0,0.0,0.0,0.0,0.0,0.0,0.0,0.0,0.0,0.0,0.0,0.0,0.0,0.0,0.0,0.0,0.0,0.0,0.0,0.0,0.0,0.0,0.0,0.0,0.0,0.0,0.0,0.0,0.0,0.0,0.0,0.0,0.0,0.0,0.0,0.0,0.0,0.0,0.0,1.0766828060150146,0.7130911350250244,-0.8111698031425476,0.34671834111213684,1.0283547639846802,-0.03311268240213394,0.824806809425354,0.3993450105190277,-1.3518664836883545,0.3224402666091919,1.4532874822616577,-0.34200525283813477,Hello
0.8271411657333374,0.40450426936149597,1.3186743785809085e-07,0.7765123844146729,0.4239771068096161,-0.002997677307575941,0.7347353100776672,0.4042023718357086,-0.0003997549938503653,0.7084442377090454,0.36960190534591675,-0.00010838729212991893,0.6866758465766907,0.3466769754886627,0.0007758464780636132,0.713495135307312,0.3370511531829834,0.021084528416395187,0.6768006086349487,0.30468687415122986,0.016166677698493004,0.6547555327415466,0.28369638323783875,0.006189568899571896,0.6352031826972961,0.2638726830482483,-0.0019192551262676716,0.723292350769043,0.3107587993144989,0.014618280343711376,0.6795860528945923,0.2731858789920807,0.011745468713343143,0.6515199542045593,0.2494034469127655,0.0015064920298755169,0.62624192237854,0.22861766815185547,-0.006832504644989967,0.7386265397071838,0.29271239042282104,0.005066127981990576,0.6980544924736023,0.25575289130210876,0.0010239920811727643,0.6724236011505127,0.23341353237628937,-0.005549943540245295,0.6509239673614502,0.21499168872833252,-0.011112791486084461,0.7618868350982666,0.27670392394065857,-0.006027095951139927,0.7310014963150024,0.24725914001464844,-0.008527642115950584,0.7108685374259949,0.23074862360954285,-0.009247638285160065,0.6921565532684326,0.21726340055465698,-0.010556639172136784,0.0,0.0,0.0,0.0,0.0,0.0,0.0,0.0,0.0,0.0,0.0,0.0,0.0,0.0,0.0,0.0,0.0,0.0,0.0,0.0,0.0,0.0,0.0,0.0,0.0,0.0,0.0,0.0,0.0,0.0,0.0,0.0,0.0,0.0,0.0,0.0,0.0,0.0,0.0,0.0,0.0,0.0,0.0,0.0,0.0,0.0,0.0,0.0,0.0,0.0,0.0,0.0,0.0,0.0,0.0,0.0,0.0,0.0,0.0,0.0,0.0,0.0,0.0,1.0767011642456055,0.7129287719726562,-0.8096455335617065,0.34697219729423523,1.0283398628234863,-0.032552193850278854,0.8248343467712402,0.3992510437965393,-1.3400473594665527,0.3226150870323181,1.4518014192581177,-0.3363255560398102,Hello
0.8272274732589722,0.40306317806243896,1.282853219208846e-07,0.7759541869163513,0.42307785153388977,-0.00145364785566926,0.7351036667823792,0.4037081003189087,0.002061698120087385,0.7090270519256592,0.3692651689052582,0.002896019723266363,0.6866575479507446,0.3471427857875824,0.004209097474813461,0.7138352990150452,0.33697259426116943,0.024229390546679497,0.6769142150878906,0.30494463443756104,0.020411092787981033,0.6549646854400635,0.2840019464492798,0.01065110508352518,0.6352975964546204,0.26384827494621277,0.0025002637412399054,0.7236320972442627,0.31060633063316345,0.01707163080573082,0.6794991493225098,0.2732889652252197,0.015274470672011375,0.6513493061065674,0.24939516186714172,0.004734617657959461,0.6260775327682495,0.22846686840057373,-0.004118200857192278,0.7388033270835876,0.292577862739563,0.006844110321253538,0.698121190071106,0.25594303011894226,0.0037699590902775526,0.6722480654716492,0.23363107442855835,-0.00324655557051301,0.6507372260093689,0.21512654423713684,-0.009471865370869637,0.7619093060493469,0.2762543559074402,-0.004833329934626818,0.7308835387229919,0.24708211421966553,-0.006585507187992334,0.7106986045837402,0.23065248131752014,-0.0073774950578808784,0.6919205188751221,0.2169632613658905,-0.009042780846357346,0.0,0.0,0.0,0.0,0.0,0.0,0.0,0.0,0.0,0.0,0.0,0.0,0.0,0.0,0.0,0.0,0.0,0.0,0.0,0.0,0.0,0.0,0.0,0.0,0.0,0.0,0.0,0.0,0.0,0.0,0.0,0.0,0.0,0.0,0.0,0.0,0.0,0.0,0.0,0.0,0.0,0.0,0.0,0.0,0.0,0.0,0.0,0.0,0.0,0.0,0.0,0.0,0.0,0.0,0.0,0.0,0.0,0.0,0.0,0.0,0.0,0.0,0.0,1.0767858028411865,0.7127724289894104,-0.8044122457504272,0.3470436930656433,1.0279574394226074,-0.031874701380729675,0.8248015642166138,0.399018257856369,-1.3222582340240479,0.3228518068790436,1.449272632598877,-0.335663765668869,Hello
0.8256179094314575,0.405619740486145,1.3971936141388142e-07,0.7764772176742554,0.42448246479034424,-0.004300932865589857,0.7344895005226135,0.4044296443462372,-0.002807779237627983,0.7079660296440125,0.37045547366142273,-0.003336022375151515,0.6860736012458801,0.34805670380592346,-0.003253546543419361,0.7123734354972839,0.33672845363616943,0.01752917468547821,0.6759992241859436,0.3040928542613983,0.011790821328759193,0.6540236473083496,0.28317514061927795,0.0019188737496733665,0.634765088558197,0.26353633403778076,-0.005949797108769417,0.72214674949646,0.31081610918045044,0.011580085381865501,0.6789194941520691,0.27319324016571045,0.007918682880699635,0.6510230898857117,0.2496941089630127,-0.001720193773508072,0.626109778881073,0.22905497252941132,-0.00941684190183878,0.7376714944839478,0.2929660677909851,0.002599380211904645,0.6972759962081909,0.2558503746986389,-0.0020454491022974253,0.6718366146087646,0.2335188388824463,-0.00806636642664671,0.6504309773445129,0.21524569392204285,-0.013042966835200787,0.760880708694458,0.27762189507484436,-0.008003100752830505,0.7304337024688721,0.2476508468389511,-0.01102656964212656,0.7102985382080078,0.23085051774978638,-0.01174274180084467,0.6916110515594482,0.21745941042900085,-0.012862845323979855,0.0,0.0,0.0,0.0,0.0,0.0,0.0,0.0,0.0,0.0,0.0,0.0,0.0,0.0,0.0,0.0,0.0,0.0,0.0,0.0,0.0,0.0,0.0,0.0,0.0,0.0,0.0,0.0,0.0,0.0,0.0,0.0,0.0,0.0,0.0,0.0,0.0,0.0,0.0,0.0,0.0,0.0,0.0,0.0,0.0,0.0,0.0,0.0,0.0,0.0,0.0,0.0,0.0,0.0,0.0,0.0,0.0,0.0,0.0,0.0,0.0,0.0,0.0,1.0768935680389404,0.712678074836731,-0.8008019328117371,0.347052663564682,1.027645468711853,-0.022175796329975128,0.8247997164726257,0.39902475476264954,-1.3203946352005005,0.32281213998794556,1.4450435638427734,-0.324798583984375,Hello
0.8262588977813721,0.40425097942352295,1.3112118324443145e-07,0.7764533758163452,0.42374640703201294,-0.0033577897120267153,0.7346471548080444,0.4037458598613739,-0.0009433684754185379,0.7081489562988281,0.368787944316864,-0.000763119023758918,0.6858461499214172,0.3468519449234009,-3.3378408261341974e-05,0.7132150530815125,0.3368545472621918,0.020127516239881516,0.6764530539512634,0.30446112155914307,0.015447418205440044,0.6544045805931091,0.2836894094944,0.005885228980332613,0.6349065899848938,0.26393231749534607,-0.0019224871648475528,0.7228425145149231,0.31094345450401306,0.013863205909729004,0.679217517375946,0.2732484042644501,0.011190216057002544,0.6512237787246704,0.24969735741615295,0.0013070801505818963,0.6263161301612854,0.2288719117641449,-0.006781498435884714,0.738181471824646,0.293203204870224,0.004556426778435707,0.6976869106292725,0.2562256157398224,0.0006999213946983218,0.6719401478767395,0.2336747944355011,-0.005868731532245874,0.6504707932472229,0.21504801511764526,-0.011482691392302513,0.761256992816925,0.2776990532875061,-0.006319092586636543,0.7306157350540161,0.2477622628211975,-0.008697599172592163,0.7103914618492126,0.23088955879211426,-0.009559010155498981,0.6916952729225159,0.2171270102262497,-0.011036374606192112,0.0,0.0,0.0,0.0,0.0,0.0,0.0,0.0,0.0,0.0,0.0,0.0,0.0,0.0,0.0,0.0,0.0,0.0,0.0,0.0,0.0,0.0,0.0,0.0,0.0,0.0,0.0,0.0,0.0,0.0,0.0,0.0,0.0,0.0,0.0,0.0,0.0,0.0,0.0,0.0,0.0,0.0,0.0,0.0,0.0,0.0,0.0,0.0,0.0,0.0,0.0,0.0,0.0,0.0,0.0,0.0,0.0,0.0,0.0,0.0,0.0,0.0,0.0,1.0769600868225098,0.7127735018730164,-0.8031333684921265,0.3472336530685425,1.0276614427566528,-0.020496729761362076,0.8248745203018188,0.3990783095359802,-1.3301379680633545,0.32282140851020813,1.4443014860153198,-0.32413917779922485,Hello
0.8264325857162476,0.4045499861240387,1.3172011392725835e-07,0.7762430906295776,0.4238772392272949,-0.002498283050954342,0.7348654270172119,0.40426260232925415,0.00012385842273943126,0.7084106802940369,0.36968645453453064,0.0003120800538454205,0.6864184737205505,0.3473699986934662,0.001002221368253231,0.7130085229873657,0.33692672848701477,0.02137499675154686,0.6762883067131042,0.3043248653411865,0.016876792535185814,0.6542975902557373,0.2834806442260742,0.007195296231657267,0.6346848011016846,0.26367393136024475,-0.0008111241040751338,0.7228829860687256,0.3108627498149872,0.014577837660908699,0.6792117357254028,0.27342742681503296,0.012055023573338985,0.6512472629547119,0.2496682107448578,0.0019634945783764124,0.6261130571365356,0.22886766493320465,-0.006410411559045315,0.7383142113685608,0.29317447543144226,0.0047519514337182045,0.6977800726890564,0.2563440799713135,0.0009718570508994162,0.6721122860908508,0.233827143907547,-0.005630576051771641,0.6506620645523071,0.2153211534023285,-0.011376665905117989,0.7615750432014465,0.277400404214859,-0.006574884057044983,0.7308201789855957,0.24781635403633118,-0.009008901193737984,0.7106139063835144,0.23101413249969482,-0.009884859435260296,0.6918455362319946,0.21726441383361816,-0.011436564847826958,0.0,0.0,0.0,0.0,0.0,0.0,0.0,0.0,0.0,0.0,0.0,0.0,0.0,0.0,0.0,0.0,0.0,0.0,0.0,0.0,0.0,0.0,0.0,0.0,0.0,0.0,0.0,0.0,0.0,0.0,0.0,0.0,0.0,0.0,0.0,0.0,0.0,0.0,0.0,0.0,0.0,0.0,0.0,0.0,0.0,0.0,0.0,0.0,0.0,0.0,0.0,0.0,0.0,0.0,0.0,0.0,0.0,0.0,0.0,0.0,0.0,0.0,0.0,1.0769556760787964,0.7127915024757385,-0.8025930523872375,0.3476637899875641,1.0279630422592163,-0.023457404226064682,0.824996292591095,0.39911577105522156,-1.3297796249389648,0.323199987411499,1.4435230493545532,-0.3267807066440582,Hello
0.8266357779502869,0.4035182297229767,1.355353589360675e-07,0.776604413986206,0.42351439595222473,-0.0036704272497445345,0.7350555062294006,0.403925359249115,-0.0014740608166903257,0.7088862657546997,0.3688969016075134,-0.0014924810966476798,0.6867550015449524,0.34599432349205017,-0.0009439992718398571,0.7135171890258789,0.33700031042099,0.020057469606399536,0.6768403053283691,0.3047401010990143,0.0149563392624259,0.6547729969024658,0.2837558090686798,0.004910646937787533,0.6351640820503235,0.26370328664779663,-0.0032753159757703543,0.7233582735061646,0.3110935688018799,0.013792837969958782,0.6795635223388672,0.27383485436439514,0.01065066922456026,0.6514744758605957,0.25006169080734253,0.000200007576495409,0.6261473298072815,0.22898238897323608,-0.008354322984814644,0.738694965839386,0.2932979464530945,0.004428922198712826,0.6982465982437134,0.2565811574459076,0.00010650333570083603,0.6724241375923157,0.23395586013793945,-0.00679749995470047,0.6508072018623352,0.21524928510189056,-0.012648172676563263,0.7618022561073303,0.27739933133125305,-0.006518502254039049,0.7311998605728149,0.24799744784832,-0.00933432299643755,0.7108662724494934,0.2312052696943283,-0.010436061769723892,0.6919602155685425,0.21736067533493042,-0.012096249498426914,0.0,0.0,0.0,0.0,0.0,0.0,0.0,0.0,0.0,0.0,0.0,0.0,0.0,0.0,0.0,0.0,0.0,0.0,0.0,0.0,0.0,0.0,0.0,0.0,0.0,0.0,0.0,0.0,0.0,0.0,0.0,0.0,0.0,0.0,0.0,0.0,0.0,0.0,0.0,0.0,0.0,0.0,0.0,0.0,0.0,0.0,0.0,0.0,0.0,0.0,0.0,0.0,0.0,0.0,0.0,0.0,0.0,0.0,0.0,0.0,0.0,0.0,0.0,1.0769639015197754,0.7128313779830933,-0.8118661642074585,0.3480493128299713,1.0279484987258911,0.004156020469963551,0.8255389928817749,0.3993484079837799,-1.3481862545013428,0.32343313097953796,1.4430510997772217,-0.3013058304786682,Hello
0.8266069293022156,0.40398919582366943,1.302393286550796e-07,0.7764671444892883,0.4237075746059418,-0.0025584883987903595,0.7351239323616028,0.40396690368652344,0.00018739403458312154,0.7088858485221863,0.369316428899765,0.00048818872892297804,0.6870030760765076,0.34633633494377136,0.0012916846899315715,0.7139104008674622,0.3371134400367737,0.02160530909895897,0.6772348880767822,0.30493155121803284,0.0169261135160923,0.6551639437675476,0.28413981199264526,0.0070177046582102776,0.6355249285697937,0.2641923725605011,-0.0011262958869338036,0.7237524390220642,0.3110811114311218,0.014860940165817738,0.679891049861908,0.27401432394981384,0.012176885269582272,0.6517371535301208,0.25042009353637695,0.0017754010623320937,0.626319169998169,0.22968514263629913,-0.006811724044382572,0.7389897108078003,0.2932334840297699,0.005075576715171337,0.6984835863113403,0.2566074728965759,0.0011812200536951423,0.672637939453125,0.23413187265396118,-0.005576224997639656,0.6510060429573059,0.21567434072494507,-0.011414745822548866,0.7619895935058594,0.27722954750061035,-0.006218381226062775,0.7314162850379944,0.24784880876541138,-0.00869041122496128,0.71115642786026,0.23110666871070862,-0.009567292407155037,0.6922416090965271,0.21747449040412903,-0.01111680269241333,0.0,0.0,0.0,0.0,0.0,0.0,0.0,0.0,0.0,0.0,0.0,0.0,0.0,0.0,0.0,0.0,0.0,0.0,0.0,0.0,0.0,0.0,0.0,0.0,0.0,0.0,0.0,0.0,0.0,0.0,0.0,0.0,0.0,0.0,0.0,0.0,0.0,0.0,0.0,0.0,0.0,0.0,0.0,0.0,0.0,0.0,0.0,0.0,0.0,0.0,0.0,0.0,0.0,0.0,0.0,0.0,0.0,0.0,0.0,0.0,0.0,0.0,0.0,1.0769526958465576,0.7128294706344604,-0.8172509074211121,0.3483699858188629,1.027940273284912,0.009285878390073776,0.8261029124259949,0.39958152174949646,-1.3628989458084106,0.32349902391433716,1.442110538482666,-0.2991059124469757,Hello
0.8279896974563599,0.4030686020851135,1.3163538881144632e-07,0.7760483622550964,0.4238034784793854,-0.0006566889933310449,0.7353283762931824,0.4041858911514282,0.0033265871461480856,0.7090631127357483,0.3689318895339966,0.00448964536190033,0.6874107718467712,0.3456127643585205,0.0060968357138335705,0.7143977880477905,0.3385239243507385,0.02587379701435566,0.6774475574493408,0.30554327368736267,0.022775724530220032,0.6554898619651794,0.2843896150588989,0.01329753641039133,0.6357892155647278,0.26433899998664856,0.005295680835843086,0.7246352434158325,0.31193479895591736,0.018594227731227875,0.6804887652397156,0.2745177745819092,0.01750076934695244,0.6522715091705322,0.25064390897750854,0.006980448495596647,0.6269543170928955,0.23000480234622955,-0.001959365326911211,0.7398406267166138,0.29393118619918823,0.008300142362713814,0.6992431879043579,0.25726696848869324,0.00581380445510149,0.6731381416320801,0.23477333784103394,-0.0011681795585900545,0.6517690420150757,0.21640360355377197,-0.007466888055205345,0.7630022764205933,0.27724623680114746,-0.0033760624937713146,0.7323969006538391,0.24769316613674164,-0.004514864645898342,0.712212324142456,0.23105821013450623,-0.005062333308160305,0.6934561133384705,0.2174396514892578,-0.006653061136603355,0.0,0.0,0.0,0.0,0.0,0.0,0.0,0.0,0.0,0.0,0.0,0.0,0.0,0.0,0.0,0.0,0.0,0.0,0.0,0.0,0.0,0.0,0.0,0.0,0.0,0.0,0.0,0.0,0.0,0.0,0.0,0.0,0.0,0.0,0.0,0.0,0.0,0.0,0.0,0.0,0.0,0.0,0.0,0.0,0.0,0.0,0.0,0.0,0.0,0.0,0.0,0.0,0.0,0.0,0.0,0.0,0.0,0.0,0.0,0.0,0.0,0.0,0.0,1.0773041248321533,0.7132930159568787,-0.8178321719169617,0.3485419750213623,1.027923822402954,0.032174672931432724,0.8263248205184937,0.39973750710487366,-1.3629517555236816,0.32353705167770386,1.4415605068206787,-0.27445635199546814,Hello
0.8278451561927795,0.404532790184021,1.3598598513908655e-07,0.7759987711906433,0.4238237738609314,-7.20018069841899e-05,0.7350608706474304,0.4039691984653473,0.0039145550690591335,0.7088114023208618,0.3691670894622803,0.0049889120273292065,0.6871148347854614,0.34585094451904297,0.00649791257455945,0.713930606842041,0.33806848526000977,0.02532598376274109,0.6767549514770508,0.3048328757286072,0.02187907136976719,0.6546478271484375,0.2833138704299927,0.012492820620536804,0.6350759267807007,0.262991338968277,0.004664607346057892,0.7241834998130798,0.3117164373397827,0.01775030978024006,0.6800870299339294,0.2745729982852936,0.016349827870726585,0.6519075036048889,0.25073766708374023,0.006235587876290083,0.6267793774604797,0.23024694621562958,-0.002272358164191246,0.7396003007888794,0.293814480304718,0.007232869043946266,0.6987836360931396,0.2569481134414673,0.004401483107358217,0.672909140586853,0.2347491830587387,-0.0020622448064386845,0.6516832709312439,0.21679368615150452,-0.007840131409466267,0.7629482746124268,0.2772219777107239,-0.004605176858603954,0.7325099110603333,0.24723973870277405,-0.00621864665299654,0.7123088836669922,0.23050394654273987,-0.006715201772749424,0.6934041976928711,0.21710750460624695,-0.00807519257068634,0.0,0.0,0.0,0.0,0.0,0.0,0.0,0.0,0.0,0.0,0.0,0.0,0.0,0.0,0.0,0.0,0.0,0.0,0.0,0.0,0.0,0.0,0.0,0.0,0.0,0.0,0.0,0.0,0.0,0.0,0.0,0.0,0.0,0.0,0.0,0.0,0.0,0.0,0.0,0.0,0.0,0.0,0.0,0.0,0.0,0.0,0.0,0.0,0.0,0.0,0.0,0.0,0.0,0.0,0.0,0.0,0.0,0.0,0.0,0.0,0.0,0.0,0.0,1.077791690826416,0.7137021422386169,-0.817855715751648,0.34854310750961304,1.0279020071029663,0.030650276690721512,0.826675534248352,0.4001465439796448,-1.3624082803726196,0.32354122400283813,1.4412142038345337,-0.2767796516418457,Hello
0.8279192447662354,0.40415090322494507,1.4023132166585128e-07,0.7766534090042114,0.4244847297668457,-0.002249018754810095,0.7355232834815979,0.40501534938812256,0.0009141727932728827,0.7093137502670288,0.36932137608528137,0.0016944940434768796,0.6877344846725464,0.34625154733657837,0.0030240279156714678,0.7142344117164612,0.33900630474090576,0.022790297865867615,0.6774932146072388,0.3059672713279724,0.01879977434873581,0.6556922197341919,0.2843888998031616,0.009197098203003407,0.6363328695297241,0.26399073004722595,0.0012888375204056501,0.7246546149253845,0.31234440207481384,0.016351450234651566,0.6806531548500061,0.2747850716114044,0.014215581119060516,0.6526139974594116,0.2508831322193146,0.003894568420946598,0.6273318529129028,0.23012398183345795,-0.00462884409353137,0.7401254773139954,0.29443079233169556,0.0068937866017222404,0.6998525857925415,0.2578141689300537,0.0033545340411365032,0.6737371683120728,0.23528176546096802,-0.003414386883378029,0.6521806120872498,0.21687628328800201,-0.00921943224966526,0.763700008392334,0.2777951657772064,-0.004012825898826122,0.7334643006324768,0.24729689955711365,-0.0060583301819860935,0.7130914926528931,0.23015519976615906,-0.00677226297557354,0.6939166188240051,0.21632009744644165,-0.008201364427804947,0.0,0.0,0.0,0.0,0.0,0.0,0.0,0.0,0.0,0.0,0.0,0.0,0.0,0.0,0.0,0.0,0.0,0.0,0.0,0.0,0.0,0.0,0.0,0.0,0.0,0.0,0.0,0.0,0.0,0.0,0.0,0.0,0.0,0.0,0.0,0.0,0.0,0.0,0.0,0.0,0.0,0.0,0.0,0.0,0.0,0.0,0.0,0.0,0.0,0.0,0.0,0.0,0.0,0.0,0.0,0.0,0.0,0.0,0.0,0.0,0.0,0.0,0.0,1.078143835067749,0.7139219641685486,-0.8178743124008179,0.3486590087413788,1.0278922319412231,0.03786483407020569,0.8266875147819519,0.400194376707077,-1.3602107763290405,0.32360512018203735,1.4399076700210571,-0.2674211859703064,Hello
0.8282103538513184,0.4043634235858917,1.437289967043398e-07,0.7763981223106384,0.4237808883190155,-0.0018727281130850315,0.7350907325744629,0.40411901473999023,0.0014810813590884209,0.7086548209190369,0.36919546127319336,0.0023158122785389423,0.6871998310089111,0.34547239542007446,0.0037269291933625937,0.7143357992172241,0.3384580612182617,0.023989036679267883,0.6775489449501038,0.3055955171585083,0.020188244059681892,0.6556941866874695,0.28404057025909424,0.010595236904919147,0.6363481879234314,0.26358577609062195,0.002708200365304947,0.7246798872947693,0.3118082880973816,0.017375443130731583,0.6807873249053955,0.27461227774620056,0.015526589006185532,0.6526163220405579,0.25083157420158386,0.0052354722283780575,0.6272608637809753,0.2303079068660736,-0.0032372507266700268,0.7401424646377563,0.2938159108161926,0.0077008530497550964,0.6999225616455078,0.25737014412879944,0.004508480429649353,0.6738344430923462,0.2351851761341095,-0.0020326944068074226,0.6522513628005981,0.21718567609786987,-0.007695751264691353,0.763708770275116,0.27716997265815735,-0.003433072008192539,0.7335495352745056,0.24678044021129608,-0.005180360749363899,0.713240385055542,0.229717418551445,-0.005637676455080509,0.6940637230873108,0.21604621410369873,-0.006858639419078827,0.0,0.0,0.0,0.0,0.0,0.0,0.0,0.0,0.0,0.0,0.0,0.0,0.0,0.0,0.0,0.0,0.0,0.0,0.0,0.0,0.0,0.0,0.0,0.0,0.0,0.0,0.0,0.0,0.0,0.0,0.0,0.0,0.0,0.0,0.0,0.0,0.0,0.0,0.0,0.0,0.0,0.0,0.0,0.0,0.0,0.0,0.0,0.0,0.0,0.0,0.0,0.0,0.0,0.0,0.0,0.0,0.0,0.0,0.0,0.0,0.0,0.0,0.0,1.0786385536193848,0.7141679525375366,-0.8320901989936829,0.3486500680446625,1.0276014804840088,0.054017890244722366,0.8267532587051392,0.40029603242874146,-1.3869082927703857,0.32353490591049194,1.4393342733383179,-0.25621506571769714,Hello
0.8279669284820557,0.4042035639286041,1.4636390233135899e-07,0.7776784896850586,0.4239729046821594,-0.003413416678085923,0.7357088327407837,0.4042983651161194,-0.0008734408183954656,0.7090847492218018,0.36931008100509644,-0.0005090514314360917,0.6872344017028809,0.3460794985294342,0.0005789617425762117,0.7136775851249695,0.3379087746143341,0.02128038927912712,0.6773809194564819,0.30511483550071716,0.016732368618249893,0.6558042764663696,0.2837243974208832,0.007103024050593376,0.6368499994277954,0.263571172952652,-0.0006975015858188272,0.7239537239074707,0.3112633228302002,0.015298516489565372,0.680408239364624,0.274099200963974,0.012662912718951702,0.6524271368980408,0.25028595328330994,0.0026784141082316637,0.6273052096366882,0.22955317795276642,-0.005384575109928846,0.7395474314689636,0.29323431849479675,0.006193490233272314,0.6997206807136536,0.2570159435272217,0.0022279820404946804,0.6739255785942078,0.23479682207107544,-0.004145446699112654,0.6524244546890259,0.21666336059570312,-0.009455481544137001,0.7631044387817383,0.2768722474575043,-0.004479643423110247,0.7331667542457581,0.24647963047027588,-0.006926317699253559,0.7129383087158203,0.22959423065185547,-0.007586087100207806,0.6938556432723999,0.2160475105047226,-0.008761228993535042,0.0,0.0,0.0,0.0,0.0,0.0,0.0,0.0,0.0,0.0,0.0,0.0,0.0,0.0,0.0,0.0,0.0,0.0,0.0,0.0,0.0,0.0,0.0,0.0,0.0,0.0,0.0,0.0,0.0,0.0,0.0,0.0,0.0,0.0,0.0,0.0,0.0,0.0,0.0,0.0,0.0,0.0,0.0,0.0,0.0,0.0,0.0,0.0,0.0,0.0,0.0,0.0,0.0,0.0,0.0,0.0,0.0,0.0,0.0,0.0,0.0,0.0,0.0,1.076894998550415,0.7141722440719604,-0.8349931836128235,0.3486294448375702,1.0275828838348389,0.04723409190773964,0.8262383341789246,0.3986329436302185,-1.3845336437225342,0.3235795795917511,1.4393025636672974,-0.26351961493492126,Hello
0.8283494710922241,0.40377292037010193,1.4074147713927232e-07,0.7772448658943176,0.42380717396736145,-0.0017867616843432188,0.735834002494812,0.404191255569458,0.0015526018105447292,0.709097146987915,0.36907774209976196,0.0023052990436553955,0.6869992017745972,0.3461129367351532,0.0036262476351112127,0.7140914797782898,0.33820900321006775,0.02416813187301159,0.6774773001670837,0.30543994903564453,0.020626211538910866,0.6559747457504272,0.2840423583984375,0.011226259171962738,0.6368628740310669,0.26357850432395935,0.003381666261702776,0.7244595885276794,0.31146714091300964,0.01738915592432022,0.680633008480072,0.27438199520111084,0.015722939744591713,0.6526073813438416,0.25053951144218445,0.005479108076542616,0.6275293231010437,0.22973671555519104,-0.0030538998544216156,0.7400010824203491,0.29350656270980835,0.007545038126409054,0.6998904943466187,0.2572968304157257,0.004423811100423336,0.6737622022628784,0.234880268573761,-0.002258002758026123,0.6521890759468079,0.21647998690605164,-0.008110242895781994,0.7635802626609802,0.2769162654876709,-0.0037589629646390676,0.7333926558494568,0.24645638465881348,-0.005545226391404867,0.7129902243614197,0.2294417917728424,-0.006187954917550087,0.6937798261642456,0.2156563401222229,-0.007627012673765421,0.0,0.0,0.0,0.0,0.0,0.0,0.0,0.0,0.0,0.0,0.0,0.0,0.0,0.0,0.0,0.0,0.0,0.0,0.0,0.0,0.0,0.0,0.0,0.0,0.0,0.0,0.0,0.0,0.0,0.0,0.0,0.0,0.0,0.0,0.0,0.0,0.0,0.0,0.0,0.0,0.0,0.0,0.0,0.0,0.0,0.0,0.0,0.0,0.0,0.0,0.0,0.0,0.0,0.0,0.0,0.0,0.0,0.0,0.0,0.0,0.0,0.0,0.0,1.0756089687347412,0.7141534090042114,-0.8351543545722961,0.3485540747642517,1.027510404586792,0.0433146134018898,0.8256272077560425,0.3970010578632355,-1.3830986022949219,0.3235030770301819,1.4393070936203003,-0.2673337459564209,Hello
0.8278013467788696,0.404156357049942,1.4825909033788776e-07,0.776991069316864,0.42378437519073486,-0.003165489761158824,0.7350101470947266,0.40371382236480713,-0.00045811067684553564,0.7083903551101685,0.3684726655483246,1.0869112884392962e-05,0.6866313219070435,0.3452918529510498,0.0011619427241384983,0.7134961485862732,0.3379945158958435,0.021756377071142197,0.6772657036781311,0.30515357851982117,0.017370061948895454,0.655842661857605,0.28355303406715393,0.007815164513885975,0.6370227932929993,0.2631070017814636,5.0471866416046396e-05,0.7237646579742432,0.3113571107387543,0.01571672596037388,0.6803297996520996,0.2741397023200989,0.013214624486863613,0.6524077653884888,0.2503752112388611,0.0032193129882216454,0.6273541450500488,0.22968316078186035,-0.004854579456150532,0.7393902540206909,0.29329565167427063,0.006566977594047785,0.6995503306388855,0.2569305896759033,0.0026775063015520573,0.6736329793930054,0.23467549681663513,-0.0037338482216000557,0.651996910572052,0.21650923788547516,-0.009077700786292553,0.7629574537277222,0.27688583731651306,-0.004122953861951828,0.7331879734992981,0.24619722366333008,-0.006518184207379818,0.7129635214805603,0.22914159297943115,-0.007195369806140661,0.6938211917877197,0.21549318730831146,-0.008392540737986565,0.0,0.0,0.0,0.0,0.0,0.0,0.0,0.0,0.0,0.0,0.0,0.0,0.0,0.0,0.0,0.0,0.0,0.0,0.0,0.0,0.0,0.0,0.0,0.0,0.0,0.0,0.0,0.0,0.0,0.0,0.0,0.0,0.0,0.0,0.0,0.0,0.0,0.0,0.0,0.0,0.0,0.0,0.0,0.0,0.0,0.0,0.0,0.0,0.0,0.0,0.0,0.0,0.0,0.0,0.0,0.0,0.0,0.0,0.0,0.0,0.0,0.0,0.0,1.0750010013580322,0.7141476273536682,-0.8334474563598633,0.3485729396343231,1.0274991989135742,0.04173305258154869,0.8252881765365601,0.3960706293582916,-1.3746592998504639,0.3234897255897522,1.439306378364563,-0.2696740925312042,Hello
0.8273287415504456,0.40384718775749207,1.3539637677695282e-07,0.7759896516799927,0.4230194687843323,-0.0014025605050846934,0.7342491745948792,0.40299639105796814,0.0022212318144738674,0.7076518535614014,0.36821287870407104,0.0031709689646959305,0.6861811280250549,0.34515446424484253,0.0046362909488379955,0.7134869694709778,0.3374546468257904,0.024410290643572807,0.6771914958953857,0.30514147877693176,0.02092909999191761,0.6557462215423584,0.28416815400123596,0.011735943146049976,0.6367654204368591,0.26423126459121704,0.004065157845616341,0.7236019372940063,0.31072691082954407,0.017445284873247147,0.6799773573875427,0.27358493208885193,0.015658611431717873,0.6519885659217834,0.24994856119155884,0.005643160548061132,0.6269580721855164,0.22967621684074402,-0.002615447621792555,0.7389400005340576,0.29278552532196045,0.00740710087120533,0.698827862739563,0.2562221884727478,0.003983199130743742,0.6729220747947693,0.2340020388364792,-0.0028031731490045786,0.651351273059845,0.2160569727420807,-0.008591966703534126,0.762209951877594,0.2763279676437378,-0.004028392024338245,0.7321311831474304,0.24546310305595398,-0.0061524612829089165,0.7119107842445374,0.2283209264278412,-0.007044718600809574,0.6927515864372253,0.21463234722614288,-0.0085946936160326,0.0,0.0,0.0,0.0,0.0,0.0,0.0,0.0,0.0,0.0,0.0,0.0,0.0,0.0,0.0,0.0,0.0,0.0,0.0,0.0,0.0,0.0,0.0,0.0,0.0,0.0,0.0,0.0,0.0,0.0,0.0,0.0,0.0,0.0,0.0,0.0,0.0,0.0,0.0,0.0,0.0,0.0,0.0,0.0,0.0,0.0,0.0,0.0,0.0,0.0,0.0,0.0,0.0,0.0,0.0,0.0,0.0,0.0,0.0,0.0,0.0,0.0,0.0,1.0744082927703857,0.7141440510749817,-0.8339134454727173,0.34856849908828735,1.0277267694473267,0.018835000693798065,0.8251116871833801,0.3958625793457031,-1.3744755983352661,0.3229868412017822,1.440289855003357,-0.2955683767795563,Hello
0.8273780345916748,0.4032355844974518,1.3137434962118277e-07,0.7766931653022766,0.4230403006076813,-0.0020336387678980827,0.734460175037384,0.40308576822280884,0.0013813809491693974,0.7076788544654846,0.36796456575393677,0.0022924437653273344,0.6861357092857361,0.34507936239242554,0.0037313501816242933,0.713660717010498,0.33755239844322205,0.023178210482001305,0.6772022247314453,0.30535638332366943,0.019495191052556038,0.6555467844009399,0.2846018671989441,0.010332150384783745,0.6364116668701172,0.2650507986545563,0.0026930570602416992,0.7237520217895508,0.3106628954410553,0.0165238119661808,0.6799755692481995,0.2735208570957184,0.014413285069167614,0.6518913507461548,0.249924898147583,0.004376509692519903,0.6267763376235962,0.2296866774559021,-0.0038405770901590586,0.7390656471252441,0.2926992177963257,0.006818098481744528,0.6987875699996948,0.25616326928138733,0.003035150468349457,0.6726510524749756,0.23383623361587524,-0.00394908944144845,0.6509473919868469,0.2158840298652649,-0.009809046052396297,0.7623570561408997,0.27631622552871704,-0.004292672034353018,0.7324089407920837,0.24539409577846527,-0.006805394776165485,0.7119374871253967,0.22819221019744873,-0.00799272209405899,0.6926088929176331,0.21450290083885193,-0.009710832498967648,0.0,0.0,0.0,0.0,0.0,0.0,0.0,0.0,0.0,0.0,0.0,0.0,0.0,0.0,0.0,0.0,0.0,0.0,0.0,0.0,0.0,0.0,0.0,0.0,0.0,0.0,0.0,0.0,0.0,0.0,0.0,0.0,0.0,0.0,0.0,0.0,0.0,0.0,0.0,0.0,0.0,0.0,0.0,0.0,0.0,0.0,0.0,0.0,0.0,0.0,0.0,0.0,0.0,0.0,0.0,0.0,0.0,0.0,0.0,0.0,0.0,0.0,0.0,1.0743001699447632,0.7141464948654175,-0.8332769274711609,0.3485497534275055,1.027772307395935,0.010298694483935833,0.8249219655990601,0.39575305581092834,-1.3682105541229248,0.32298165559768677,1.4405436515808105,-0.3034992814064026,Hello
0.8270689249038696,0.40375861525535583,1.303686332221332e-07,0.7759664058685303,0.4226362109184265,-0.0016313833184540272,0.7334977984428406,0.40197092294692993,0.0019391755340620875,0.7068453431129456,0.36652663350105286,0.002878110855817795,0.6852176189422607,0.3433164954185486,0.004271666053682566,0.7134877443313599,0.3370499908924103,0.0231558196246624,0.6771727800369263,0.3047183156013489,0.019056634977459908,0.6554625034332275,0.2836638391017914,0.009677194990217686,0.636368989944458,0.26375439763069153,0.001962230307981372,0.7234805822372437,0.31046509742736816,0.016234654933214188,0.6799086332321167,0.27339109778404236,0.013688313774764538,0.6517304182052612,0.24986004829406738,0.003475361503660679,0.6264702081680298,0.2294785976409912,-0.004754082765430212,0.7388304471969604,0.2925530970096588,0.006302425637841225,0.6986863017082214,0.25583428144454956,0.002055579097941518,0.6725502610206604,0.23359793424606323,-0.004931706003844738,0.6507930159568787,0.2157750278711319,-0.010626901872456074,0.7621712684631348,0.27630752325057983,-0.004989291541278362,0.7322199940681458,0.24513301253318787,-0.007790434639900923,0.7118011713027954,0.2278706580400467,-0.008914779871702194,0.6925367712974548,0.21438999474048615,-0.010470584034919739,0.0,0.0,0.0,0.0,0.0,0.0,0.0,0.0,0.0,0.0,0.0,0.0,0.0,0.0,0.0,0.0,0.0,0.0,0.0,0.0,0.0,0.0,0.0,0.0,0.0,0.0,0.0,0.0,0.0,0.0,0.0,0.0,0.0,0.0,0.0,0.0,0.0,0.0,0.0,0.0,0.0,0.0,0.0,0.0,0.0,0.0,0.0,0.0,0.0,0.0,0.0,0.0,0.0,0.0,0.0,0.0,0.0,0.0,0.0,0.0,0.0,0.0,0.0,1.073044776916504,0.7134977579116821,-0.831595242023468,0.3484096825122833,1.0275089740753174,0.004291255492717028,0.8243119120597839,0.39499637484550476,-1.3717039823532104,0.32313016057014465,1.4405038356781006,-0.31343451142311096,Hello
0.8271105885505676,0.40345823764801025,1.1909475006177672e-07,0.7761965990066528,0.4224393367767334,-0.0009316399227827787,0.7337342500686646,0.40185660123825073,0.0029609163757413626,0.7069625854492188,0.36674243211746216,0.004054567776620388,0.6853008270263672,0.3439597487449646,0.005481275264173746,0.7141173481941223,0.3371497094631195,0.023564321920275688,0.6776273846626282,0.3052727282047272,0.019701458513736725,0.6557027101516724,0.284962922334671,0.010571803897619247,0.6364268064498901,0.2659132182598114,0.0029869484715163708,0.7237677574157715,0.31039959192276,0.016251979395747185,0.6800311803817749,0.27314844727516174,0.013769776560366154,0.6517065763473511,0.2499353289604187,0.003637324320152402,0.6264270544052124,0.2300819754600525,-0.004534809850156307,0.7388178110122681,0.29238325357437134,0.005996395368129015,0.6983116269111633,0.2555474042892456,0.001765393535606563,0.6719460487365723,0.23329024016857147,-0.005396655295044184,0.6499916315078735,0.2155604064464569,-0.011249628849327564,0.761846661567688,0.2763194739818573,-0.005536065436899662,0.7318141460418701,0.24475684762001038,-0.008403792977333069,0.7113242149353027,0.22727474570274353,-0.009693180210888386,0.6920437216758728,0.21368569135665894,-0.011411898769438267,0.0,0.0,0.0,0.0,0.0,0.0,0.0,0.0,0.0,0.0,0.0,0.0,0.0,0.0,0.0,0.0,0.0,0.0,0.0,0.0,0.0,0.0,0.0,0.0,0.0,0.0,0.0,0.0,0.0,0.0,0.0,0.0,0.0,0.0,0.0,0.0,0.0,0.0,0.0,0.0,0.0,0.0,0.0,0.0,0.0,0.0,0.0,0.0,0.0,0.0,0.0,0.0,0.0,0.0,0.0,0.0,0.0,0.0,0.0,0.0,0.0,0.0,0.0,1.072509527206421,0.7124510407447815,-0.8395786285400391,0.34832364320755005,1.0270936489105225,0.006897078361362219,0.8236569166183472,0.3941895365715027,-1.4208686351776123,0.3232259452342987,1.4405617713928223,-0.3122057020664215,Hello
